reading	word	pos	japanese_form
あいあみしゅわら	Iamishwara	noun	アイアミシュワラ
あいあむあすたー	I Am a Star	noun	アイアムアスター
あいあむいんびんしぶる	I Am Invincible	noun	アイアムインビンシブル
あいあむいんゔぃんしぶる	I Am Invincible	noun	アイアムインヴィンシブル
あいあむえきさいてっど	I Am Excited	noun	アイアムエキサイテッド
あいあんおーちゃーど	Iron Orchard	noun	アイアンオーチャード
あいあんとぶらっふぃんぐ	I Ain't Bluffing	noun	アイアントブラッフィング
あいうぃっしゅあいうぃん	I Wish I Win	noun	アイウィッシュアイウィン
あいうぉんとりべんじ	I Want Revenge	noun	アイウォントリベンジ
あいうぉんとりゔぇんじ	I Want Revenge	noun	アイウォントリヴェンジ
あいおぶざたいがー	Eyeofthetiger	noun	アイオブザタイガー
あいこんぷろじぇくと	Icon Project	noun	アイコンプロジェクト
あいすくりーむゆーすくりーむ	Iscreamuscream	noun	アイスクリームユースクリーム
あいすちゃりおっと	Ice Chariot	noun	アイスチャリオット
あいすばす	Icebath	noun	アイスバス
あいすぶりーず	Ice Breeze	noun	アイスブリーズ
あいすぼっくす	Ice Box	noun	アイスボックス
あいてむ	Item	noun	アイテム
あいどぅ	I Do	noun	アイドゥ
あいどる	Idol	noun	アイドル
あいばんほう	Ivanhowe	noun	アイバンホウ
あいばー	Ivar	noun	アイバー
あいびくとりー	Ivictory	noun	アイビクトリー
あいびりーぶいんゆー	I Believe in You	noun	アイビリーブインユー
あいびりーゔいんゆー	I Believe in You	noun	アイビリーヴインユー
あいまどりーまー	I'm A Dreamer	noun	アイマドリーマー
あいむあちゃたーぼっくす	I'm a Chatterbox	noun	アイムアチャターボックス
あいむさんだーすとらっく	I'm Thunderstruck	noun	アイムサンダーストラック
あいむざたいがー	I'm the Tiger	noun	アイムザタイガー
あいらぶじすしてぃ	Ilovethiscity	noun	アイラブジスシティ
あいらんどさんず	Island Sands	noun	アイランドサンズ
あいらんどさんど	Island Sand	noun	アイランドサンド
あいらんどふぁっしょん	Island Fashion	noun	アイランドファッション
あいらゔじすしてぃ	Ilovethiscity	noun	アイラヴジスシティ
あいりっしゅだーりんぐ	Irish Darling	noun	アイリッシュダーリング
あいりっしゅちゃんす	Irish Chance	noun	アイリッシュチャンス
あいりっしゅふりんぐ	Irish Fling	noun	アイリッシュフリング
あいりっしゅぷらいず	Irish Prize	noun	アイリッシュプライズ
あいりっしゅらいつ	Irish Lights	noun	アイリッシュライツ
あいりーんどぅー	Eileen Dubh	noun	アイリーンドゥー
あいるはぶあなざー	I'll Have Another	noun	アイルハブアナザー
あいるはゔあなざー	I'll Have Another	noun	アイルハヴアナザー
あいんしゅたいん	Einstein	noun	アインシュタイン
あいゔぁんほう	Ivanhowe	noun	アイヴァンホウ
あいゔぁー	Ivar	noun	アイヴァー
あいゔぃくとりー	Ivictory	noun	アイヴィクトリー
あうえぼ	A Huevo	noun	アウエボ
あうえゔぉ	A Huevo	noun	アウエヴォ
あうざーん	Awzaan	noun	アウザーン
あうだーりゃ	Audarya	noun	アウダーリャ
あうとおぶざぼっくす	Outofthebox	noun	アウトオブザボックス
あうとすとりっぷ	Outstrip	noun	アウトストリップ
あうとばっくぷりんす	Outback Prince	noun	アウトバックプリンス
あうとふぉーあすぴん	Out for a Spin	noun	アウトフォーアスピン
あうとわーく	Outwork	noun	アウトワーク
あえりあな	Aeliana	noun	アエリアナ
あかてなんご	Acatenango	noun	アカテナンゴ
あかーりど	Aqaarid	noun	アカーリド
あきーどもふぃーど	Akeed Mofeed	noun	アキードモフィード
あくあだもーれ	Aqua D'Amore	noun	アクアダモーレ
あくあぴゅーら	Aqua D'Amore	noun	アクアピューラ
あくあふぉびあ	Aquaphobia	noun	アクアフォビア
あくあれりすと	Aquarelliste	noun	アクアレリスト
あくしでんたるえーじぇんと	Accidental Agent	noun	アクシデンタルエージェント
あくしょんでぃすでい	Action This Day	noun	アクションディスデイ
あくせられーと	Accelerate	noun	アクセラレート
あくらめいしょん	Acclamation	noun	アクラメイション
あくらめーしょん	Acclamation	noun	アクラメーション
あくらーむ	Aqlaam	noun	アクラーム
あくれいむ	Aclaim	noun	アクレイム
あけなとん	Akhenaton	noun	アケナトン
あけーすおぶゆー	A Case Of You	noun	アケースオブユー
あげいん	Again	noun	アゲイン
あこま	Acoma	noun	アコマ
あさーてぃぶらっど	Assertive Lad	noun	アサーティブラッド
あさーてぃゔらっど	Assertive Lad	noun	アサーティヴラッド
あざむーる	Azamour	noun	アザムール
あししえんぷれ	Asi Siempre	noun	アシシエンプレ
あしすてんと	Assistent	noun	アシステント
あしゃど	Ashado	noun	アシャド
あしゅからに	Ashkalani	noun	アシュカラニ
あしゅかるうぇい	Ashkal Way	noun	アシュカルウェイ
あじな	Ajina	noun	アジナ
あじまんぷりんせす	Ajman Princess	noun	アジマンプリンセス
あすく	Ask	noun	アスク
あすくざむーん	Ask The Moon	noun	アスクザムーン
あすくふぉーざむーん	Ask For The Moon	noun	アスクフォーザムーン
あすたらばど	Astarabad	noun	アスタラバド
あすたーん	Astern	noun	アスターン
あすてあ	Astaire	noun	アステア
あすてりっくす	Asterix	noun	アステリックス
あすとら	Astra	noun	アストラ
あすとろのまーろいやる	Astronomer Royal	noun	アストロノマーロイヤル
あすぴでぃすとら	Aspidistra	noun	アスピディストラ
あすふぉーら	Asfoora	noun	アスフォーラ
あすぺたー	Aspetar	noun	アスペター
あすぺんぐろーぶ	Aspen Grove	noun	アスペングローブ
あすぺんぐろーゔ	Aspen Grove	noun	アスペングローヴ
あずいんでぃけーてっど	As Indicated	noun	アズインディケーテッド
あずかでりあ	Azkadellia	noun	アズカデリア
あずたいむごーずばい	As Time Goes By	noun	アズタイムゴーズバイ
あせんど	Ascend	noun	アセンド
あぜり	Azeri	noun	アゼリ
あたっちおぶるびー	A Touch Of Ruby	noun	アタッチオブルビー
あだいやー	Adayar	noun	アダイヤー
あだも	Adhamo	noun	アダモ
あってぃか	Attica	noun	アッティカ
あっぷうぃずざばーず	Up With the Birds	noun	アップウィズザバーズ
あっぷせっとひむ	Upsetthym	noun	アップセットヒム
あっぷとぅざまーく	Up to the Mark	noun	アップトゥザマーク
あっぷるつりー	Apple Tree	noun	アップルツリー
あてぃかす	Atticus	noun	アティカス
あてぃしゅ	Atishu	noun	アティシュ
あてな	Athena	noun	アテナ
あであまなー	Adare Manor	noun	アデアマナー
あでぃくてぃぶはびっと	Addictive Habit	noun	アディクティブハビット
あでぃくてぃゔはびっと	Addictive Habit	noun	アディクティヴハビット
あでいぶ	Addeybb	noun	アデイブ
あでゅー	Adieu	noun	アデュー
あとみっくふぉーす	Atomic Force	noun	アトミックフォース
あとらくしょん	Attraction	noun	アトラクション
あとらんて	Atlante	noun	アトランテ
あとらんてぃっくじゅえる	Atlantic Jewel	noun	アトランティックジュエル
あとりしょん	Attrition	noun	アトリション
あとー	Ato	noun	アトー
あとーん	Atone	noun	アトーン
あどあるた	Ad Alta	noun	アドアルタ
あどばたいず	Advertise	noun	アドバタイズ
あどばろれむ	Ad Valorem	noun	アドバロレム
あどべんたどーる	Adventador	noun	アドベンタドール
あどまいす	Admise	noun	アドマイス
あどみらるきとぅん	Admiral Kitten	noun	アドミラルキトゥン
あどらーふるく	Adlerflug	noun	アドラーフルク
あどれーしょん	Adoration	noun	アドレーション
あどゔぁたいず	Advertise	noun	アドヴァタイズ
あどゔぁろれむ	Ad Valorem	noun	アドヴァロレム
あどゔぇんたどーる	Adventador	noun	アドヴェンタドール
あなうんす	Announce	noun	アナウンス
あなかうんてっどふぉー	Unaccounted For	noun	アナカウンテッドフォー
あなざーうぃる	Another Wil	noun	アナザーウィル
あなざーぷろふぇっと	Another Prophet	noun	アナザープロフェット
あなちーば	Anacheeva	noun	アナチーバ
あなちーゔぁ	Anacheeva	noun	アナチーヴァ
あなばあ	Anabaa	noun	アナバア
あなばんだな	Anabandana	noun	アナバンダナ
あなばー	Anabaa	noun	アナバー
あなばーぶるー	Anabaa Blue	noun	アナバーブルー
あなぷるな	Anapurna	noun	アナプルナ
あなぽりす	Annapolis	noun	アナポリス
あなまと	Anamato	noun	アナマト
あなもー	Anamoe	noun	アナモー
あなるずおぶたいむ	Annals of Time	noun	アナルズオブタイム
あにせっと	Anisette	noun	アニセット
あにぜっと	Anisette	noun	アニゼット
あにまるきんぐだむ	Animal Kingdom	noun	アニマルキングダム
あにーず	Anees	noun	アニーズ
あにーぱわー	Annie Power	noun	アニーパワー
あのこなー	Annoconnor	noun	アノコナー
あのこんなー	Annoconnor	noun	アノコンナー
あばいあんす	Aviance	noun	アバイアンス
あばぶざかーぶ	Above The Curve	noun	アバブザカーブ
あばぶざかーゔ	Above The Curve	noun	アバブザカーヴ
あばぶでっく	Above Deck	noun	アバブデック
あばんさーど	Avanzado	noun	アバンサード
あばんたーじゅ	Avantage	noun	アバンタージュ
あばんちゅーる	Aventure	noun	アバンチュール
あばんてーじ	Avantage	noun	アバンテージ
あばゔざかーぶ	Above The Curve	noun	アバヴザカーブ
あばゔざかーゔ	Above The Curve	noun	アバヴザカーヴ
あばゔでっく	Above Deck	noun	アバヴデック
あぱっちきゃっと	Apache Cat	noun	アパッチキャット
あぱっちきんぐ	Apache King	noun	アパッチキング
あぱっちちぇいす	Apache Chase	noun	アパッチチェイス
あびりおす	Avilius	noun	アビリオス
あびーまりー	Abbey Marie	noun	アビーマリー
あぴあらんす	Appearance	noun	アピアランス
あぴーりんぐぞふぃー	Appealing Zophie	noun	アピーリングゾフィー
あふぁーむど	Affirmed	noun	アファームド
あふぁーむどさくせす	Affirmed Success	noun	アファームドサクセス
あふぇああすいーぶる	Affaire A Suivre	noun	アフェアアスイーブル
あふぇああすいーゔる	Affaire A Suivre	noun	アフェアアスイーヴル
あふたぬーんでぃーらいつ	Afternoon Deelites	noun	アフタヌーンディーライツ
あふたーまーけっと	After Market	noun	アフターマーケット
あふりかんすとーりー	African Story	noun	アフリカンストーリー
あふりかんろーず	African Rose	noun	アフリカンローズ
あふりーとあれっくす	Afleet Alex	noun	アフリートアレックス
あふりーとえくすぷれす	Afleet Express	noun	アフリートエクスプレス
あふるえんと	Affluent	noun	アフルエント
あぶそりゅーとちゃんぴおん	Absolute Champion	noun	アブソリュートチャンピオン
あぶそるーとちゃんぴおん	Absolute Champion	noun	アブソルートチャンピオン
あぶそるーとりー	Absolutely	noun	アブソルートリー
あぶにーるせるたん	Avenir Certain	noun	アブニールセルタン
あぷてぃちゅーど	Aptitude	noun	アプティチュード
あぷろーちざべんち	Approach the Bench	noun	アプローチザベンチ
あべるたすまん	Abel Tasman	noun	アベルタスマン
あべんじ	Avenge	noun	アベンジ
あほぬーら	Ahonoora	noun	アホヌーラ
あぽかりぷてぃっく	Apocalyptic	noun	アポカリプティック
あまじっくまん	A Magicman	noun	アマジックマン
あまぞんび	Amazombie	noun	アマゾンビ
あまでうすうるふ	Amadeus Wolf	noun	アマデウスウルフ
あまに	Amani	noun	アマニ
あまるふぃ	Amalfi	noun	アマルフィ
あまれっと	Amarette	noun	アマレット
あまれりんは	Amarelinha	noun	アマレリンハ
あまろん	Amaron	noun	アマロン
あまんぷーる	Amanpour	noun	アマンプール
あみかす	Amicus	noun	アミカス
あみりんくす	Amilynx	noun	アミリンクス
あみーらっと	Ameerat	noun	アミーラット
あめりあずじゅえる	Amelia's Jewel	noun	アメリアズジュエル
あめりかあらいぶ	America Alive	noun	アメリカアライブ
あめりかあらいゔ	America Alive	noun	アメリカアライヴ
あめりかん	Americain	noun	アメリカン
あめりかんあふぇあ	American Affair	noun	アメリカンアフェア
あめりかんぎゃる	American Gal	noun	アメリカンギャル
あめりかんせおれむ	American Theorem	noun	アメリカンセオレム
あめりかんふぁらお	American Pharoah	noun	アメリカンファラオ
あめりかんぺいとりおっと	American Patriot	noun	アメリカンペイトリオット
あめりかんぽすと	American Post	noun	アメリカンポスト
あめりかんれぼりゅーしょん	Americanrevolution	noun	アメリカンレボリューション
あめりかんれゔぉりゅーしょん	Americanrevolution	noun	アメリカンレヴォリューション
あめりく	Amerique	noun	アメリク
あめーじんぐまりあ	Amazing Maria	noun	アメージングマリア
あもくら	Amokura	noun	アモクラ
あもにた	Amonita	noun	アモニタ
あもらま	Amorama	noun	アモラマ
あもんぐめん	Among Men	noun	アモングメン
あもーれい	A Mo Reay	noun	アモーレイ
あやざーく	Haya Zark	noun	アヤザーク
あらいん	Align	noun	アライン
あらごーん	Aragorn	noun	アラゴーン
あらじ	Arazi	noun	アラジ
あらばまえくすぷれす	Alabama Express	noun	アラバマエクスプレス
あらぱほ	Arapaho	noun	アラパホ
あらぱほみす	Arapaho Miss	noun	アラパホミス
あらびあんくいーん	Arabian Queen	noun	アラビアンクイーン
あらびあんらいおん	Arabian Lion	noun	アラビアンライオン
あらべーる	Arravale	noun	アラベール
あらむしゃー	Alamshar	noun	アラムシャー
あらもさ	Alamosa	noun	アラモサ
あらもーさ	Alamosa	noun	アラモーサ
あらんでぃ	Alandi	noun	アランディ
あらゔぇーる	Arravale	noun	アラヴェール
あらーふぁ	Araafa	noun	アラーファ
ありえーじ	Ariege	noun	アリエージ
ありげーたーぶらっど	Alligator Blood	noun	アリゲーターブラッド
ありすすぷりんぐす	Alice Springs	noun	アリススプリングス
ありすてぃあ	Aristia	noun	アリスティア
ありぞなぶれいず	Arizona Blaze	noun	アリゾナブレイズ
ありでぃーど	Alydeed	noun	アリディード
ありろいやる	Ali-Royal	noun	アリロイヤル
ありんぎ	Alinghi	noun	アリンギ
ありーぜー	Alizee	noun	アリーゼー
ありーな	Arena	noun	アリーナ
あるうけあ	Al Wukair	noun	アルウケア
あるかざー	Alcazar	noun	アルカザー
あるかじーむ	Al Kazeem	noun	アルカジーム
あるかせっと	Alkaased	noun	アルカセット
あるかでぃあくいーん	Arcadia Queen	noun	アルカディアクイーン
あるかんぐ	Arcangues	noun	アルカング
あるかんじぇろ	Arcangelo	noun	アルカンジェロ
あるかーの	Arcano	noun	アルカーノ
あるこぽっぷ	Alcopop	noun	アルコポップ
あるこーるふりー	Alcohol Free	noun	アルコールフリー
あるごす	Argos	noun	アルゴス
あるざお	Alzao	noun	アルザオ
あるしぇまり	Al Shemali	noun	アルシェマリ
あるしぇまーり	Al Shemali	noun	アルシェマーリ
あるじゃぶる	Aljabr	noun	アルジャブル
あるずぎゃる	Al's Gal	noun	アルズギャル
あるそん	Alson	noun	アルソン
あるたの	Altano	noun	アルタノ
あるてぃえり	Altieri	noun	アルティエリ
あるてぃおーる	Altior	noun	アルティオール
あるてぃか	Althiqa	noun	アルティカ
あるてぃすとろわいやる	Artiste Royal	noun	アルティストロワイヤル
あるてぃめっといーぐる	Ultimate Eagle	noun	アルティメットイーグル
あるてみすあぐろてら	Artemis Agrotera	noun	アルテミスアグロテラ
あるてりて	Alterite	noun	アルテリテ
あるでぃざ	Aldiza	noun	アルディザ
あるでばらん	Aldebaran	noun	アルデバラン
あるとりうす	Artorius	noun	アルトリウス
あるな	Aruna	noun	アルナ
あるなするあるわしーく	Alnasr Alwasheek	noun	アルナスルアルワシーク
あるはーす	Alhaarth	noun	アルハース
あるばすたー	Alva Starr	noun	アルバスター
あるばのば	Albanova	noun	アルバノバ
あるばのゔぁ	Albanova	noun	アルバノヴァ
あるばー	Albahr	noun	アルバー
あるばーた	Alverta	noun	アルバータ
あるばーたすまきします	Albertus Maximus	noun	アルバータスマキシマス
あるばーとざぐれーと	Albert The Great	noun	アルバートザグレート
あるばーとざふぁっと	Albert The Fat	noun	アルバートザファット
あるぱいんすたー	Alpine Star	noun	アルパインスター
あるびぐな	Albigna	noun	アルビグナ
あるぴにすた	Alpinista	noun	アルピニスタ
あるふ	Alf	noun	アルフ
あるふぁ	Alpha	noun	アルファ
あるふぁけんたうり	Alpha Centauri	noun	アルファケンタウリ
あるふぁせんとーり	Alpha Centauri	noun	アルファセントーリ
あるふぁでるふぃに	Alpha Delphini	noun	アルファデルフィニ
あるふぁべっときっせす	Alphabet Kisses	noun	アルファベットキッセス
あるふぁべっとすーぷ	Alphabet Soup	noun	アルファベットスープ
あるふすん	Al Husn	noun	アルフスン
あるふれっどのーべる	Alfred Nobel	noun	アルフレッドノーベル
あるぶーむふぉと	Al Boum Photo	noun	アルブームフォト
あるぷらいど	Alpride	noun	アルプライド
あるぺんろーぜ	Alpine Rose	noun	アルペンローゼ
あるぼらーだ	Alborada	noun	アルボラーダ
あるぼれあ	Arborea	noun	アルボレア
あるまかむ	Almaqam	noun	アルマカム
あるまだ	Armada	noun	アルマダ
あるまなーる	Almanaar	noun	アルマナール
あるまはー	Al Maher	noun	アルマハー
あるまふむーど	Almahmoud	noun	アルマフムード
あるまへる	Al Maher	noun	アルマヘル
あるまらど	Almalad	noun	アルマラド
あるまんすーる	Al Mansour	noun	アルマンスール
あるまんぞる	Almanzor	noun	アルマンゾル
あるまんだん	Almandin	noun	アルマンダン
あるまーむーど	Almahmoud	noun	アルマームード
あるむたわける	Almutawakel	noun	アルムタワケル
あるむふてぃ	Al Mufti	noun	アルムフティ
あるめらく	Almeraq	noun	アルメラク
あるめりた	Almerita	noun	アルメリタ
あるりふぁー	Al Riffa	noun	アルリファー
あるわけーる	Al Wukair	noun	アルワケール
あるわじーは	Alwajeeha	noun	アルワジーハ
あるゔぁすたー	Alva Starr	noun	アルヴァスター
あるゔぁーた	Alverta	noun	アルヴァータ
あれいおん	Areion	noun	アレイオン
あれいびあんないと	Arabian Knight	noun	アレイビアンナイト
あれいびんぐびゅーてぃ	A Raving Beauty	noun	アレイビングビューティ
あれいびんぐびゅーてぃー	A Raving Beauty	noun	アレイビングビューティー
あれいゔぃんぐびゅーてぃ	A Raving Beauty	noun	アレイヴィングビューティ
あれいゔぃんぐびゅーてぃー	A Raving Beauty	noun	アレイヴィングビューティー
あれくさんだーごーるどらん	Alexander Goldrun	noun	アレクサンダーゴールドラン
あれくさんだーたんご	Alexander Tango	noun	アレクサンダータンゴ
あれくさんどろーば	Alexandrova	noun	アレクサンドローバ
あれくさんどろーゔぁ	Alexandrova	noun	アレクサンドローヴァ
あれぐれった	Allegretta	noun	アレグレッタ
あれぐれっと	Allegretto	noun	アレグレット
あれずすえず	Allez Suez	noun	アレズスエズ
あれずわんだー	Allez Wonder	noun	アレズワンダー
あれっくすざぐれーと	Alex the Great	noun	アレックスザグレート
あろいしあ	Aloisia	noun	アロイシア
あろういーぐる	Arrow Eagle	noun	アロウイーグル
あろげーと	Arrogate	noun	アロゲート
あろは	Aloha	noun	アロハ
あろはうえすと	Aloha West	noun	アロハウエスト
あろーいーぐる	Arrow Eagle	noun	アローイーグル
あわいるどらいど	A Wild Ride	noun	アワイルドライド
あわっど	Awad	noun	アワッド
あわーあいばんほー	Our Ivanhowe	noun	アワーアイバンホー
あわーあいゔぁんほー	Our Ivanhowe	noun	アワーアイヴァンホー
あんあーすりー	Unearthly	noun	アンアースリー
あんかるびる	Incarville	noun	アンカルビル
あんかるゔぃる	Incarville	noun	アンカルヴィル
あんがら	Angara	noun	アンガラ
あんくえすちょなぶる	Unquestionable	noun	アンクエスチョナブル
あんくるもー	Uncle Mo	noun	アンクルモー
あんこもんじぇーむず	Uncommon James	noun	アンコモンジェームズ
あんさーらいぶりー	Answer Lively	noun	アンサーライブリー
あんさーらいゔりー	Answer Lively	noun	アンサーライヴリー
あんざむ	Anzum	noun	アンザム
あんしぇいでっど	Unshaded	noun	アンシェイデッド
あんしえんとうぃずだむ	Ancient Wisdom	noun	アンシエントウィズダム
あんじぇられにー	Angela Renee	noun	アンジェラレニー
あんじゅがぶりえる	Ange Gabriel	noun	アンジュガブリエル
あんそにーばんだいく	Anthony Van Dyck	noun	アンソニーバンダイク
あんそにーゔぁんだいく	Anthony Van Dyck	noun	アンソニーヴァンダイク
あんたっぱぶる	Untapable	noun	アンタッパブル
あんたんだん	Intendant	noun	アンタンダン
あんだうてっどりー	Undoubtedly	noun	アンダウテッドリー
あんだーざるーぶる	Under the Louvre	noun	アンダーザルーブル
あんだーざるーゔる	Under the Louvre	noun	アンダーザルーヴル
あんてぃくえりあん	Antiquarian	noun	アンティクエリアン
あんてぃの	Antino	noun	アンティノ
あんてぃめいむ	Auntie Mame	noun	アンティメイム
あんてすぺんど	Antespend	noun	アンテスペンド
あんてろ	Intello	noun	アンテロ
あんですこー	Un De Sceaux	noun	アンデスコー
あんですてぃん	Andestine	noun	アンデスティン
あんでゅー	Undue	noun	アンデュー
あんとのえ	Antonoe	noun	アントノエ
あんとのー	Antonoe	noun	アントノー
あんとぱーる	Aunt Pearl	noun	アントパール
あんとりびえーる	Entriviere	noun	アントリビエール
あんとりゔぃえーる	Entriviere	noun	アントリヴィエール
あんとれぷれなー	Entrepreneur	noun	アントレプレナー
あんどてるみーのーらいず	And Tell Me Nolies	noun	アンドテルミーノーライズ
あんどねじえんぬ	Indonesienne	noun	アンドネジエンヌ
あんどらふてっど	Undrafted	noun	アンドラフテッド
あんどわんもあたいむ	And One More Time	noun	アンドワンモアタイム
あんなもんだ	Anna Monda	noun	アンナモンダ
あんばや	Ambaya	noun	アンバヤ
あんばーすかい	Amber Sky	noun	アンバースカイ
あんびしゃすおーなー	Ambitious Owner	noun	アンビシャスオーナー
あんびしゃすどらごん	Ambitious Dragon	noun	アンビシャスドラゴン
あんびばれんと	Ambivalent	noun	アンビバレント
あんびゅらんす	Ambulance	noun	アンビュランス
あんびゔぁれんと	Ambivalent	noun	アンビヴァレント
あんふぁーるざふらっぐ	Unfurl the Flag	noun	アンファールザフラッグ
あんふぃとらいと	Amphitrite	noun	アンフィトライト
あんふぃとりて	Amphitrite	noun	アンフィトリテ
あんふぉーごとぅん	Unforgotten	noun	アンフォーゴトゥン
あんふぉーちゅねいとりー	Unfortunately	noun	アンフォーチュネイトリー
あんふわいん	Unfuwain	noun	アンフワイン
あんぶらいどるずそんぐ	Unbridled's Song	noun	アンブライドルズソング
あんぶらいどるど	Unbridled	noun	アンブライドルド
あんぶらいどるどえれいん	Unbridled Elaine	noun	アンブライドルドエレイン
あんぶらいどるどこまんど	Unbridled Command	noun	アンブライドルドコマンド
あんぶらいどるどふぉーえばー	Unbridled Forever	noun	アンブライドルドフォーエバー
あんぶらいどるどふぉーえゔぁー	Unbridled Forever	noun	アンブライドルドフォーエヴァー
あんぶらいどるどもー	Unbridled Mo	noun	アンブライドルドモー
あんぼい	Envoy	noun	アンボイ
あんまーと	Anmaat	noun	アンマート
あんらいばるどべる	Unrivaled Belle	noun	アンライバルドベル
あんらいゔぁるどべる	Unrivaled Belle	noun	アンライヴァルドベル
あんりまてぃす	Henri Matisse	noun	アンリマティス
あんゔぉい	Envoy	noun	アンヴォイ
あゔぁいあんす	Aviance	noun	アヴァイアンス
あゔぁんさーど	Avanzado	noun	アヴァンサード
あゔぁんたーじゅ	Avantage	noun	アヴァンタージュ
あゔぁんちゅーる	Aventure	noun	アヴァンチュール
あゔぁんてーじ	Avantage	noun	アヴァンテージ
あゔぃりおす	Avilius	noun	アヴィリオス
あゔぇるまるどぅく	Awelmarduk	noun	アヴェルマルドゥク
あゔぇんじ	Avenge	noun	アヴェンジ
あゔにーるせるたん	Avenir Certain	noun	アヴニールセルタン
あーくてぃっくおうる	Arctic Owl	noun	アークティックオウル
あーくてぃっくこすもす	Arctic Cosmos	noun	アークティックコスモス
あーくてぃっくせんと	Arctic Scent	noun	アークティックセント
あーくてぃっくたーん	Arctic Tern	noun	アークティックターン
あーくろう	Arklow	noun	アークロウ
あーけいでぃあくいーん	Arcadia Queen	noun	アーケイディアクイーン
あーけいでぃあんはいつ	Arcadian Heights	noun	アーケイディアンハイツ
あーごす	Argos	noun	アーゴス
あーさーずらいど	Arthur's Ride	noun	アーサーズライド
あーじぇんとりくえすと	Urgent Request	noun	アージェントリクエスト
あーすくえいく	Earthquake	noun	アースクエイク
あーすらいと	Earthlight	noun	アースライト
あーたっくす	Artax	noun	アータックス
あーだっど	Ardad	noun	アーダッド
あーち	Arch	noun	アーチ
あーちあーちあーち	Archarcharch	noun	アーチアーチアーチ
あーちぺんこ	Archipenko	noun	アーチペンコ
あーてぃしらー	Artie Schiller	noun	アーティシラー
あーてぃすてぃっく	Artistic	noun	アーティスティック
あーてぃーしらー	Artie Schiller	noun	アーティーシラー
あーとこのしゅあー	Art Connoisseur	noun	アートコノシュアー
あーとこれくたー	Art Collector	noun	アートコレクター
あーとさくせす	Art Success	noun	アートサクセス
あーとぱわー	Art Power	noun	アートパワー
あーばんしー	Urban Sea	noun	アーバンシー
あーばんふぉっくす	Urban Fox	noun	アーバンフォックス
あーぶるどぅぐれーす	Havre de Grace	noun	アーブルドゥグレース
あーべい	Ave	noun	アーベイ
あーべいん	Urbane	noun	アーベイン
あーまいん	Ermine	noun	アーマイン
あーみーみゅーる	Army Mule	noun	アーミーミュール
あーむすとろんぐ	Armstrong	noun	アームストロング
あーりんとんろーど	Arlington Road	noun	アーリントンロード
あーりーえくすぷれす	Early Express	noun	アーリーエクスプレス
あーりーぱいおにあ	Early Pioneer	noun	アーリーパイオニア
あーりーぼーてぃんぐ	Early Voting	noun	アーリーボーティング
あーりーゔぉーてぃんぐ	Early Voting	noun	アーリーヴォーティング
あーるおぶてぃんずでーる	Earl of Tinsdal	noun	アールオブティンズデール
あーるおぶばーきんぐ	Earl of Barking	noun	アールオブバーキング
あーるでぃざすたー	R Disaster	noun	アールディザスター
あーるひーとらいとにんぐ	R Heat Lightning	noun	アールヒートライトニング
あーゔぇい	Ave	noun	アーヴェイ
あーゔるどぅぐれーす	Havre de Grace	noun	アーヴルドゥグレース
いぇる	Yell	noun	イェル
いぇーつ	Yeats	noun	イェーツ
いえすいっつとぅるー	Yes It's True	noun	イエスイッツトゥルー
いえすいんでぃーど	Yes Indeed	noun	イエスインディード
いえすたでい	Yesterday	noun	イエスタデイ
いえろーあげーと	Yellow Agate	noun	イエローアゲート
いおた	Iota	noun	イオタ
いおたぱ	Iotapa	noun	イオタパ
いきーとす	Iquitos	noun	イキートス
いくたまる	Iktamal	noun	イクタマル
いぐざじぇれーたー	Exaggerator	noun	イグザジェレーター
いぐれしあ	Iglesia	noun	イグレシア
いけずどりーむ	Ike's Dream	noun	イケズドリーム
いこらいず	Equalize	noun	イコライズ
いこーるすとらいぷす	Equal Stripes	noun	イコールストライプス
いじーとっぷ	Izzi Top	noun	イジートップ
いすか	Isca	noun	イスカ
いすたかりーむ	Ista Kareem	noun	イスタカリーム
いすたぶらく	Istabraq	noun	イスタブラク
いすたぶらっく	Istabraq	noun	イスタブラック
いすてぃだーど	Istidaad	noun	イスティダード
いずりんとん	Islington	noun	イズリントン
いそっぷすふぇいぶるず	Aesop's Fables	noun	イソップスフェイブルズ
いっつあひむ	Ihtsahymn	noun	イッツアヒム
いっつおーるぐりーくとぅみー	Itsallgreektome	noun	イッツオールグリークトゥミー
いっつさむほわっと	It's Somewhat	noun	イッツサムホワット
いっつとりっきー	It's Tricky	noun	イッツトリッキー
いっつまいらっきーでい	Itsmyluckyday	noun	イッツマイラッキーデイ
いってぃずうぇる	It Tiz Well	noun	イッティズウェル
いっとはずとぅーびーゆー	It Has To Be You	noun	イットハズトゥービーユー
いでぃおっとぷるーふ	Idiot Proof	noun	イディオットプルーフ
いでぃおまてぃっく	Idiomatic	noun	イディオマティック
いとう	Ito	noun	イトウ
いなふらりー	Inaflury	noun	イナフラリー
いにしぇりん	Inisherin	noun	イニシェリン
いふらーじ	Iffraaj	noun	イフラージ
いふるっくすくっどきる	Iflooxcouldkill	noun	イフルックスクッドキル
いぶにんぐあたいあ	Evening Attire	noun	イブニングアタイア
いぶにんぐじゅえる	Evening Jewel	noun	イブニングジュエル
いぶんはるどぅーん	Ibn Khaldun	noun	イブンハルドゥーン
いべろ	Ibero	noun	イベロ
いまじにんぐ	Imagining	noun	イマジニング
いまじん	Imagine	noun	イマジン
いまーしぶ	Immersive	noun	イマーシブ
いまーしゔ	Immersive	noun	イマーシヴ
いもーたるばーす	Immortal Verse	noun	イモータルバース
いもーたるゔぁーす	Immortal Verse	noun	イモータルヴァース
いらいざ	Eliza	noun	イライザ
いらぷと	Erupt	noun	イラプト
いらんいらん	Ylang Ylang	noun	イランイラン
いりでさ	Iridessa	noun	イリデサ
いりでせんす	Irridescence	noun	イリデセンス
いりでっさ	Iridessa	noun	イリデッサ
いるくえろべろーちぇ	Il Quello Veloce	noun	イルクエロベローチェ
いるくえろゔぇろーちぇ	Il Quello Veloce	noun	イルクエロヴェローチェ
いるぐん	Irgun	noun	イルグン
いるみなんと	Illuminant	noun	イルミナント
いるーしぶうぇーぶ	Elusive Wave	noun	イルーシブウェーブ
いるーしぶうぇーゔ	Elusive Wave	noun	イルーシブウェーヴ
いるーしぶくおりてぃ	Elusive Quality	noun	イルーシブクオリティ
いるーしぶけいと	Elusive Kate	noun	イルーシブケイト
いるーしゔうぇーぶ	Elusive Wave	noun	イルーシヴウェーブ
いるーしゔうぇーゔ	Elusive Wave	noun	イルーシヴウェーヴ
いるーしゔくおりてぃ	Elusive Quality	noun	イルーシヴクオリティ
いるーしゔけいと	Elusive Kate	noun	イルーシヴケイト
いれいと	Elate	noun	イレイト
いれじん	Iresine	noun	イレジン
いんいたりあん	In Italian	noun	インイタリアン
いんえくせす	In Excess	noun	インエクセス
いんくるーど	Include	noun	インクルード
いんくるーどべてぃ	Include Betty	noun	インクルードベティ
いんくるーどみーあうと	Include Me Out	noun	インクルードミーアウト
いんぐらんずれじぇんど	England's Legend	noun	イングランズレジェンド
いんぐりっしゅちゃねる	English Channel	noun	イングリッシュチャネル
いんぐりっしゅちゃんねる	English Channel	noun	イングリッシュチャンネル
いんぐりっしゅまん	Englishman	noun	イングリッシュマン
いんこまんど	In Command	noun	インコマンド
いんさいどいんふぉめーしょん	Inside Information	noun	インサイドインフォメーション
いんさめーしょん	In Summation	noun	インサメーション
いんざうぃんぐす	In the Wings	noun	インザウィングス
いんざうぃんぐず	In the Wings	noun	インザウィングズ
いんざういんぐす	In the Wings	noun	インザウイングス
いんざういんぐず	In the Wings	noun	インザウイングズ
いんざぐるーぶ	In the Groove	noun	インザグルーブ
いんざぐるーゔ	In the Groove	noun	インザグルーヴ
いんざこんご	In The Congo	noun	インザコンゴ
いんざごーるど	In the Gold	noun	インザゴールド
いんしーくれっと	In Secret	noun	インシークレット
いんじょいめんと	In Joyment	noun	インジョイメント
いんすうーぷ	In Swoop	noun	インスウープ
いんすたいる	In Style	noun	インスタイル
いんすてぃるどりがーど	Instilled Regard	noun	インスティルドリガード
いんすぱいらる	Inspiral	noun	インスパイラル
いんすぴれーしょなるがーる	Inspirational Girl	noun	インスピレーショナルガール
いんすぴれーしょん	Inspiration	noun	インスピレーション
いんせんてぃばいず	Incentivise	noun	インセンティバイズ
いんせんてぃゔぁいず	Incentivise	noun	インセンティヴァイズ
いんたんがるー	Intangaroo	noun	インタンガルー
いんたーげいず	Intergaze	noun	インターゲイズ
いんたーこんちねんたる	Intercontinental	noun	インターコンチネンタル
いんたーなりーふろーれす	Internallyflawless	noun	インターナリーフローレス
いんたーぱていしょん	Interpatation	noun	インターパテイション
いんたーぷれと	Interprete	noun	インタープレト
いんたーぽる	Interpol	noun	インターポル
いんだすとりありすと	Industrialist	noun	インダストリアリスト
いんてぐらる	Integral	noun	インテグラル
いんてるぷれて	Interprete	noun	インテルプレテ
いんてろじゃんと	Intellogent	noun	インテロジャント
いんてんすふぉーかす	Intense Focus	noun	インテンスフォーカス
いんでぃあ	India	noun	インディア
いんでぃあでぃびな	India Divina	noun	インディアディビナ
いんでぃあでぃゔぃな	India Divina	noun	インディアディヴィナ
いんでぃあんいんく	Indian Ink	noun	インディアンインク
いんでぃあんくいーん	Indian Queen	noun	インディアンクイーン
いんでぃあんちゃーりー	Indian Charlie	noun	インディアンチャーリー
いんでぃあんでいんひる	Indian Danehill	noun	インディアンデインヒル
いんでぃあんぶれっしんぐ	Indian Blessing	noun	インディアンブレッシング
いんでぃあんへいぶん	Indian Haven	noun	インディアンヘイブン
いんでぃあんへいゔん	Indian Haven	noun	インディアンヘイヴン
いんでぃあんりっじ	Indian Ridge	noun	インディアンリッジ
いんでぃあんろっじ	Indian Lodge	noun	インディアンロッジ
いんでぃじぇなす	Indigenous	noun	インディジェナス
いんでぃふぁいぶはんどれっど	Indy Five Hundred	noun	インディファイブハンドレッド
いんでぃふぁいゔはんどれっど	Indy Five Hundred	noun	インディファイヴハンドレッド
いんでぃぽいんと	Indy Point	noun	インディポイント
いんとぅみすちーふ	Into Mischief	noun	イントゥミスチーフ
いんとっぷすうぃんぐ	In Top Swing	noun	イントップスウィング
いんとりけいとりー	Intricately	noun	イントリケイトリー
いんとれぴでぃてぃ	Intrepidity	noun	イントレピディティ
いんとれぴど	Intrepido	noun	イントレピド
いんはーたいむ	In Her Time	noun	インハータイム
いんばそーる	Invasor	noun	インバソール
いんばーまーく	Invermark	noun	インバーマーク
いんびんしぶるすぴりっと	Invincible Spirit	noun	インビンシブルスピリット
いんびんしぶるせーじ	Invincible Sage	noun	インビンシブルセージ
いんびんしべら	Invincibella	noun	インビンシベラ
いんふぁれんす	Inference	noun	インファレンス
いんふぃるとらだ	Infiltrada	noun	インフィルトラダ
いんふぉーむどでぃしじょん	Informed Decision	noun	インフォームドディシジョン
いんふるーえんと	Influent	noun	インフルーエント
いんぷろばぶる	Improbable	noun	インプロバブル
いんべすと	Invest	noun	インベスト
いんべーだー	Invader	noun	インベーダー
いんぺらとりす	Imperatriz	noun	インペラトリス
いんぺりあるこまんだー	Imperial Commander	noun	インペリアルコマンダー
いんぺりあるじぇすちゃー	Imperial Gesture	noun	インペリアルジェスチャー
いんぺりあるだんさー	Imperial Dancer	noun	インペリアルダンサー
いんぺりあるひんと	Imperial Hint	noun	インペリアルヒント
いんぺりあるもなーく	Imperial Monarch	noun	インペリアルモナーク
いんぺんでぃんぐ	Impending	noun	インペンディング
いんらぶ	In Love	noun	インラブ
いんらんじぇりー	In Lingerie	noun	インランジェリー
いんらゔ	In Love	noun	インラヴ
いんりありてぃ	In Reality	noun	インリアリティ
いんゔぁそーる	Invasor	noun	インヴァソール
いんゔぁーまーく	Invermark	noun	インヴァーマーク
いんゔぃんしぶるすぴりっと	Invincible Spirit	noun	インヴィンシブルスピリット
いんゔぃんしぶるせーじ	Invincible Sage	noun	インヴィンシブルセージ
いんゔぃんしべら	Invincibella	noun	インヴィンシベラ
いんゔぇすと	Invest	noun	インヴェスト
いんゔぇーだー	Invader	noun	インヴェーダー
いゔにんぐあたいあ	Evening Attire	noun	イヴニングアタイア
いゔにんぐじゅえる	Evening Jewel	noun	イヴニングジュエル
いーぐるうぇい	Eagle Way	noun	イーグルウェイ
いーぐるふぉーるず	Eagle Falls	noun	イーグルフォールズ
いーぐるまうんてん	Eagle Mountain	noun	イーグルマウンテン
いーぐるれじめんと	Eagle Regiment	noun	イーグルレジメント
いーじーごあ	Easy Goer	noun	イージーゴア
いーじーずじぇんとるまん	E Z's Gentleman	noun	イージーズジェントルマン
いーじーなう	Easy Now	noun	イージーナウ
いーすたんえこー	Eastern Echo	noun	イースタンエコー
いーすとあべにゅー	East Avenue	noun	イーストアベニュー
いーすとあゔぇにゅー	East Avenue	noun	イーストアヴェニュー
いーたじぇーむず	Etah James	noun	イータジェームズ
いーだ	Eda	noun	イーダ
いーでんずむーん	Eden's Moon	noun	イーデンズムーン
いーふぁあらん	Aoife Alainn	noun	イーファアラン
いーぶんそー	Even So	noun	イーブンソー
いーゔんそー	Even So	noun	イーヴンソー
うぃきっどうぃすぱー	Wicked Whisper	noun	ウィキッドウィスパー
うぃきっどすとろんぐ	Wicked Strong	noun	ウィキッドストロング
うぃきっどりーぱーふぇくと	Wickedly Perfect	noun	ウィキッドリーパーフェクト
うぃぐもあほーる	Wigmore Hall	noun	ウィグモアホール
うぃじゃぼーど	Ouija Board	noun	ウィジャボード
うぃずあうとあふぁいと	Without A Fight	noun	ウィズアウトアファイト
うぃずあうとぱろーる	Without Parole	noun	ウィズアウトパロール
うぃずきっど	Wizz Kid	noun	ウィズキッド
うぃずゆー	With You	noun	ウィズユー
うぃっくろーぶれーぶ	Wicklow Brave	noun	ウィックローブレーブ
うぃっくろーぶれーゔ	Wicklow Brave	noun	ウィックローブレーヴ
うぃっしんぐうぇる	Wishing Well	noun	ウィッシングウェル
うぃっともあ	Whitmore	noun	ウィットモア
うぃっぱー	Whipper	noun	ウィッパー
うぃにんぐうぇいず	Winning Ways	noun	ウィニングウェイズ
うぃにんぐぷらいず	Winning Prize	noun	ウィニングプライズ
うぃのな	Winona	noun	ウィノナ
うぃらびーおーさむ	Willa B Awesome	noun	ウィラビーオーサム
うぃりーかざるす	Willie Cazals	noun	ウィリーカザルス
うぃりーこんかー	Willyconker	noun	ウィリーコンカー
うぃりーどぅいっと	Willydoit	noun	ウィリードゥイット
うぃりーびーみん	Willy Beamin	noun	ウィリービーミン
うぃるこ	Wilko	noun	ウィルコ
うぃるずうぇい	Will's Way	noun	ウィルズウェイ
うぃるていくちゃーじ	Will Take Charge	noun	ウィルテイクチャージ
うぃんうぃんうぃん	Win Win Win	noun	ウィンウィンウィン
うぃんくす	Winx	noun	ウィンクス
うぃんぐすおぶいーぐるず	Wings Of Eagles	noun	ウィングスオブイーグルズ
うぃんぐどらぶ	Winged Love	noun	ウィングドラブ
うぃんぐどらゔ	Winged Love	noun	ウィングドラヴ
うぃんしり	Winsili	noun	ウィンシリ
うぃんす	Wince	noun	ウィンス
うぃんたーぱわー	Winter Power	noun	ウィンターパワー
うぃんたーめもりーず	Winter Memories	noun	ウィンターメモリーズ
うぃんちぇすたー	Winchester	noun	ウィンチェスター
うぃんどしゃーぷ	Windsharp	noun	ウィンドシャープ
うぃんどすぺる	Wyndspelle	noun	ウィンドスペル
うぃんふぉーざまねー	Win for the Money	noun	ウィンフォーザマネー
うぃーあー	We Are	noun	ウィーアー
うぃーきゃんせいいっとなう	We Can Say It Now	noun	ウィーキャンセイイットナウ
うぃーくえんどさぷらいず	Weekend Surprise	noun	ウィークエンドサプライズ
うぃーくえんどはすらー	Weekend Hussler	noun	ウィークエンドハスラー
うぃーぷのーもあ	Weep No More	noun	ウィープノーモア
うぃーみすあーてぃ	We Miss Artie	noun	ウィーミスアーティ
うぃーみすふらんきー	Weemissfrankie	noun	ウィーミスフランキー
ういずあんてぃしぺいしょん	With Anticipation	noun	ウイズアンティシペイション
ういんぐすおぶいーぐるす	Wings Of Eagles	noun	ウイングスオブイーグルス
ういんどいんはーへあ	Wind in Her Hair	noun	ウインドインハーヘア
ういんどいんはーへあー	Wind in Her Hair	noun	ウインドインハーヘアー
ういんどすとーす	Windstoss	noun	ウインドストース
ういーくえんどさぷらいず	Weekend Surprise	noun	ウイークエンドサプライズ
うぇいおぶらいと	Way of Light	noun	ウェイオブライト
うぇいくふぉれすと	Wake Forest	noun	ウェイクフォレスト
うぇいずあんどみーんず	Ways and Means	noun	ウェイズアンドミーンズ
うぇいとあほわいる	Wait A While	noun	ウェイトアホワイル
うぇいとぅぱりす	Way To Paris	noun	ウェイトゥパリス
うぇいべるあべにゅー	Wavell Avenue	noun	ウェイベルアベニュー
うぇいべるあゔぇにゅー	Wavell Avenue	noun	ウェイベルアヴェニュー
うぇいゔぇるあべにゅー	Wavell Avenue	noun	ウェイヴェルアベニュー
うぇいゔぇるあゔぇにゅー	Wavell Avenue	noun	ウェイヴェルアヴェニュー
うぇきばすぷりんぐす	Wekiva Springs	noun	ウェキバスプリングス
うぇきゔぁすぷりんぐす	Wekiva Springs	noun	ウェキヴァスプリングス
うぇすたなー	Westerner	noun	ウェスタナー
うぇすたんうぃんたー	Western Winter	noun	ウェスタンウィンター
うぇすたんえんぱいあ	Western Empire	noun	ウェスタンエンパイア
うぇすとうぃんど	West Wind	noun	ウェストウィンド
うぇすとこーすと	West Coast	noun	ウェストコースト
うぇっとぺいんと	Wet Paint	noun	ウェットペイント
うぇでぃんぐとーすと	Wedding Toast	noun	ウェディングトースト
うぇりんとん	Wellington	noun	ウェリントン
うぇるあーむど	Well Armed	noun	ウェルアームド
うぇるたいむど	Well Timed	noun	ウェルタイムド
うぇるちょーずん	Well Chosen	noun	ウェルチョーズン
うぇるめいど	Well Made	noun	ウェルメイド
うぇるりとぅん	Well Written	noun	ウェルリトゥン
うぇーばりんぐ	Wavering	noun	ウェーバリング
うぇーゔぁりんぐ	Wavering	noun	ウェーヴァリング
うえすたんありすとくらっと	Western Aristocrat	noun	ウエスタンアリストクラット
うえすたんうぃんたー	Western Winter	noun	ウエスタンウィンター
うえすとうぃるぱわー	West Will Power	noun	ウエストウィルパワー
うえすとおーばー	Westover	noun	ウエストオーバー
うえすとおーゔぁー	Westover	noun	ウエストオーヴァー
うえすとこーすと	West Coast	noun	ウエストコースト
うえとーる	Huetor	noun	ウエトール
うぉっちみー	Watch Me	noun	ウォッチミー
うぉっちみーろっく	Watch Me Rock	noun	ウォッチミーロック
うぉりあーずりわーど	Warrior's Reward	noun	ウォリアーズリワード
うぉるとんすとりーと	Walton Street	noun	ウォルトンストリート
うぉるばーほろう	Wolver Hollow	noun	ウォルバーホロウ
うぉるゔぁーほろう	Wolver Hollow	noun	ウォルヴァーホロウ
うぉんてっど	Wanted	noun	ウォンテッド
うぉーえんぶれむ	War Emblem	noun	ウォーエンブレム
うぉーおぶうぃる	War of Will	noun	ウォーオブウィル
うぉーこまんど	War Command	noun	ウォーコマンド
うぉーさん	Warrsan	noun	ウォーサン
うぉーちゃんと	War Chant	noun	ウォーチャント
うぉーにんぐ	Warning	noun	ウォーニング
うぉーぱす	War Pass	noun	ウォーパス
うぉーふらっぐ	War Flag	noun	ウォーフラッグ
うぉーふろんと	War Front	noun	ウォーフロント
うぉーほーす	Warhorse	noun	ウォーホース
うぉーましん	War Machine	noun	ウォーマシン
うぉーむはーと	Warm Heart	noun	ウォームハート
うぉーもんがー	Warmonger	noun	ウォーモンガー
うぉーらいくごっです	War Like Goddess	noun	ウォーライクゴッデス
うぉーるすとりーと	Wall Street	noun	ウォールストリート
うぉーれんずべねだ	Warren's Veneda	noun	ウォーレンズベネダ
うぉーれんずゔぇねだ	Warren's Veneda	noun	ウォーレンズヴェネダ
うしゃ	Usha	noun	ウシャ
うっでぃど	Wooded	noun	ウッディド
うっどしょーな	Woodshauna	noun	ウッドショーナ
うっどまん	Woodman	noun	ウッドマン
うはいだ	Wuheida	noun	ウハイダ
うぷすすまいる	Ops Smile	noun	ウプススマイル
うむらむ	Umrum	noun	ウムラム
うらのば	Ulanova	noun	ウラノバ
うらのゔぁ	Ulanova	noun	ウラノヴァ
うるとら	Ultra	noun	ウルトラ
うんがろ	Ungaro	noun	ウンガロ
うーごふぉすころ	Ugo Foscolo	noun	ウーゴフォスコロ
うーしゃ	Usha	noun	ウーシャ
うーとんばせっと	Wootton Bassett	noun	ウートンバセット
うーふっど	Oohood	noun	ウーフッド
うーりむ	Woorim	noun	ウーリム
えあうぇいぶ	Airwave	noun	エアウェイブ
えあうぇいゔ	Airwave	noun	エアウェイヴ
えあうぇーぶ	Airwave	noun	エアウェーブ
えあうぇーゔ	Airwave	noun	エアウェーヴ
えあえくすぷれす	Air Express	noun	エアエクスプレス
えあふぉーすぶるー	Air Force Blue	noun	エアフォースブルー
えあろすみす	Aerosmith	noun	エアロスミス
えあろぞる	Aerosol	noun	エアロゾル
えあろべろしてぃ	Aerovelocity	noun	エアロベロシティ
えあろゔぇろしてぃ	Aerovelocity	noun	エアロヴェロシティ
えいごん	Aegon	noun	エイゴン
えいじおぶふぁいあ	Age Of Fire	noun	エイジオブファイア
えいとからっと	Eight Carat	noun	エイトカラット
えいとりんぐす	Eight Rings	noun	エイトリングス
えいどめもわーる	Aide Memoire	noun	エイドメモワール
えいびあんす	Aviance	noun	エイビアンス
えいぶるふれんど	Able Friend	noun	エイブルフレンド
えいぶるわん	Able One	noun	エイブルワン
えいべるたずまん	Abel Tasman	noun	エイベルタズマン
えいぼんぶりっじ	Avonbridge	noun	エイボンブリッジ
えいみーじぇい	Aimee Jay	noun	エイミージェイ
えいんしゃんとうぃずだむ	Ancient Wisdom	noun	エインシャントウィズダム
えいゔぃあんす	Aviance	noun	エイヴィアンス
えいゔぉんぶりっじ	Avonbridge	noun	エイヴォンブリッジ
えきあーの	Equiano	noun	エキアーノ
えきさいつ	Excites	noun	エキサイツ
えきさいてぃんぐすとーりー	Exciting Story	noun	エキサイティングストーリー
えきすぱーとあい	Expert Eye	noun	エキスパートアイ
えきぞちっくうっど	Exotic Wood	noun	エキゾチックウッド
えくぃあーの	Equiano	noun	エクィアーノ
えくいあーの	Equiano	noun	エクイアーノ
えくしーだんす	Exceedance	noun	エクシーダンス
えくしーどあんどえくせる	Exceed And Excel	noun	エクシードアンドエクセル
えくすきゅーと	Execute	noun	エクスキュート
えくすくるーしぶ	Exclusive	noun	エクスクルーシブ
えくすくるーしゔ	Exclusive	noun	エクスクルーシヴ
えくすちぇんじ	Exchange	noun	エクスチェンジ
えくすちぇんじれーと	Exchange Rate	noun	エクスチェンジレート
えくすてんしょん	Xtension	noun	エクステンション
えくすとらばがんと	Xtravagant	noun	エクストラバガント
えくすとらひーと	Xtra Heat	noun	エクストラヒート
えくすとらぶりゅっと	Extra Brut	noun	エクストラブリュット
えくすとらゔぁがんと	Xtravagant	noun	エクストラヴァガント
えくすとりーむ	Ekstreme	noun	エクストリーム
えくすとりーむちょいす	Extreme Choice	noun	エクストリームチョイス
えくすぷれすとれいん	Express Train	noun	エクスプレストレイン
えくすぷれっしぶへいろー	Expressive Halo	noun	エクスプレッシブヘイロー
えくすぷれっしゔへいろー	Expressive Halo	noun	エクスプレッシヴヘイロー
えくすぷろっしぶじゃっく	Explosive Jack	noun	エクスプロッシブジャック
えくすぷろっしゔじゃっく	Explosive Jack	noun	エクスプロッシヴジャック
えくすぷろーしぶじゃっく	Explosive Jack	noun	エクスプローシブジャック
えくすぷろーしゔじゃっく	Explosive Jack	noun	エクスプローシヴジャック
えくすぷろーら	Explora	noun	エクスプローラ
えくすぺるど	Expelled	noun	エクスペルド
えくすぺんしぶくいーん	Expensive Queen	noun	エクスペンシブクイーン
えくすぺんしゔくいーん	Expensive Queen	noun	エクスペンシヴクイーン
えくすぼーん	Exbourne	noun	エクスボーン
えくせれぶれーしょん	Excelebration	noun	エクセレブレーション
えくせれれーたー	Excellerator	noun	エクセレレーター
えくせれんと	Xcellent	noun	エクセレント
えくせれんとあーと	Excellent Art	noun	エクセレントアート
えくせれんととぅるーす	Excellent Truth	noun	エクセレントトゥルース
えくせれんとみーてぃんぐ	Excellent Meeting	noun	エクセレントミーティング
えくそじぇなす	Exogenous	noun	エクソジェナス
えくそすふぃあ	Exosphere	noun	エクソスフィア
えくてぃだーる	Eqtidaar	noun	エクティダール
えくと	Ectot	noun	エクト
えくとんぱーく	Ecton Park	noun	エクトンパーク
えくらたん	Eclatant	noun	エクラタン
えくらーる	Ekraar	noun	エクラール
えくれーるどぅりゅぬ	Eclair de Lune	noun	エクレールドゥリュヌ
えくれーるどりゅぬ	Eclair de Lune	noun	エクレールドリュヌ
えぐざるたんと	Exultant	noun	エグザルタント
えぐざるてっどたいむ	Exalted Time	noun	エグザルテッドタイム
えぐぜくてぃぶぷりびれっじ	Executiveprivilege	noun	エグゼクティブプリビレッジ
えぐぜくてぃぶぷりゔぃれっじ	Executiveprivilege	noun	エグゼクティブプリヴィレッジ
えぐぜくてぃゔぷりびれっじ	Executiveprivilege	noun	エグゼクティヴプリビレッジ
えぐぜくてぃゔぷりゔぃれっじ	Executiveprivilege	noun	エグゼクティヴプリヴィレッジ
えぐぞるてっど	Exaulted	noun	エグゾルテッド
えこのみくす	Economics	noun	エコノミクス
えこんさる	Econsul	noun	エコンサル
えこーずーるー	Echo Zulu	noun	エコーズールー
えこーたうん	Echo Town	noun	エコータウン
えしかるだいあもんど	Ethical Diamond	noun	エシカルダイアモンド
えしゃーだ	Eshaada	noun	エシャーダ
えしゅろん	Echelon	noun	エシュロン
えじぷしゃんらー	Egyptian Ra	noun	エジプシャンラー
えじぷとばんど	Egyptband	noun	エジプトバンド
えすかど	Escado	noun	エスカド
えすきもーきっしーず	Eskimo Kisses	noun	エスキモーキッシーズ
えすきもーくいーん	Eskimo Queen	noun	エスキモークイーン
えすけんでれや	Eskendereya	noun	エスケンデレヤ
えすせな	Escena	noun	エスセナ
えすてぃじゃーぶ	Estijaab	noun	エスティジャーブ
えすてぃめいと	Estimate	noun	エスティメイト
えすてじょ	Estejo	noun	エステジョ
えすとれんじ	Estrange	noun	エストレンジ
えすぴおな	Espiona	noun	エスピオナ
えすわらー	Eswarah	noun	エスワラー
えずーど	Ezzoud	noun	エズード
えぜりや	Ezeliya	noun	エゼリヤ
えそてりーく	Esoterique	noun	エソテリーク
えぞてりっく	Esoterique	noun	エゾテリック
えだびや	Edabiya	noun	エダビヤ
えちおぴあ	Ethiopia	noun	エチオピア
えっぐたると	Egg Tart	noun	エッグタルト
えっぐどろっぷ	Egg Drop	noun	エッグドロップ
えっせんしゃるくおりてぃ	Essential Quality	noun	エッセンシャルクオリティ
えでぃたーずのーと	Editor's Note	noun	エディターズノート
えでぃんとん	Eddington	noun	エディントン
えでゅけいてっどりすく	Educated Risk	noun	エデュケイテッドリスク
えでゅけーてっどりすく	Educated Risk	noun	エデュケーテッドリスク
えとわーる	Etoile	noun	エトワール
えとわーるもんたんと	Etoile Montante	noun	エトワールモンタント
えにぎぶんさたでー	Any Given Saturday	noun	エニギブンサタデー
えにぎゔんさたでー	Any Given Saturday	noun	エニギヴンサタデー
えにーぎぶんさたでー	Any Given Saturday	noun	エニーギブンサタデー
えにーぎゔんさたでー	Any Given Saturday	noun	エニーギヴンサタデー
えねいぶる	Enable	noun	エネイブル
えのら	Enora	noun	エノラ
えばずりくえすと	Eva's Request	noun	エバズリクエスト
えばでぃーら	Ebadiyla	noun	エバディーラ
えばるな	Eva Luna	noun	エバルナ
えばーあふれんど	Ever A Friend	noun	エバーアフレンド
えびーたあるぜんてぃーな	Evita Argentina	noun	エビータアルゼンティーナ
えぴきゅりす	Epicuris	noun	エピキュリス
えぴせんたー	Epicenter	noun	エピセンター
えぴそーど	Episode	noun	エピソード
えふぃしぇんと	Efficient	noun	エフィシェント
えふぃしえんと	Efficient	noun	エフィシエント
えふぃねっくす	Effinex	noun	エフィネックス
えぶろりばー	Ebro River	noun	エブロリバー
えぶろりゔぁー	Ebro River	noun	エブロリヴァー
えぼにーぐろーぶ	Ebony Grosve	noun	エボニーグローブ
えぼにーぐろーゔ	Ebony Grosve	noun	エボニーグローヴ
えぽれっと	Epaulette	noun	エポレット
えまずあんこーる	Emma's Encore	noun	エマズアンコール
えまらーてぃあな	Emaraaty Ana	noun	エマラーティアナ
えみゅらす	Emulous	noun	エミュラス
えみりーあっぷじょん	Emily Upjohn	noun	エミリーアップジョン
えむけーふぁんしー	Mkfancy	noun	エムケーファンシー
えむしー	Emcee	noun	エムシー
えむわんらいふる	M One Rifle	noun	エムワンライフル
えめらるどどりーむ	Emerald Dream	noun	エメラルドドリーム
えもりえんと	Emollient	noun	エモリエント
えりこーさむ	Ellicorsam	noun	エリコーサム
えりしお	Helissio	noun	エリシオ
えりぷてぃーく	Elliptique	noun	エリプティーク
えりーとすとりーと	Elite Street	noun	エリートストリート
えりーとぱわー	Elite Power	noun	エリートパワー
えりーとべる	Elite Belle	noun	エリートベル
えるかすてっろ	El Castello	noun	エルカステッロ
えるぐらんせにょーる	El Gran Senor	noun	エルグランセニョール
えるこるどべす	El Cordobes	noun	エルコルドベス
えるこれどーる	El Corredor	noun	エルコレドール
えるざーむ	Elzaam	noun	エルザーム
えるずばーぐ	Ellsberg	noun	エルズバーグ
えるせぐんど	El Segundo	noun	エルセグンド
えるせにょーる	El Senor	noun	エルセニョール
えるそるだーど	El Soldado	noun	エルソルダード
えるだんつぃぐ	Elle Danzig	noun	エルダンツィグ
えるだーえるだろふ	Eldar Eldarov	noun	エルダーエルダロフ
えるだーえるだろゔ	Eldar Eldarov	noun	エルダーエルダロヴ
えるでぃーる	El Deal	noun	エルディール
えるとるめんた	El Tormenta	noun	エルトルメンタ
えるどらど	El Dorado	noun	エルドラド
えるどらどどりーみんぐ	El Dorado Dreaming	noun	エルドラドドリーミング
えるどらーど	El Dorado	noun	エルドラード
えるなでぃむ	Elnadim	noun	エルナディム
えるなんど	Hernando	noun	エルナンド
えるはーぶ	Erhaab	noun	エルハーブ
えるぶすとろーむ	Elvstroem	noun	エルブストローム
えるぶるほ	El Brujo	noun	エルブルホ
えるぷらど	El Prado	noun	エルプラド
えるぷらーど	El Prado	noun	エルプラード
えるぷれじでんて	El Presidente	noun	エルプレジデンテ
えるべでぃや	Ervedya	noun	エルベディヤ
えるべんせどーる	El Vencedor	noun	エルベンセドール
えるぺいとろねす	El Patroness	noun	エルペイトロネス
えるぼでごん	El Bodegon	noun	エルボデゴン
えるまるか	Elmalka	noun	エルマルカ
えるまーむる	Elmaamul	noun	エルマームル
えるむはーすと	Elmhurst	noun	エルムハースト
えるむぱーく	Elm Park	noun	エルムパーク
えるゔぇでぃや	Ervedya	noun	エルヴェディヤ
えるゔぇんせどーる	El Vencedor	noun	エルヴェンセドール
えるゔすとろーむ	Elvstroem	noun	エルヴストローム
えれくとろきゅーしょにすと	Electrocutionist	noun	エレクトロキューショニスト
えれくとろにっくゆにこーん	Electronic Unicorn	noun	エレクトロニックユニコーン
えれべいしょん	Elevation	noun	エレベイション
えれほん	Erewhon	noun	エレホン
えれめいん	Eremein	noun	エレメイン
えれゔぇいしょん	Elevation	noun	エレヴェイション
えろらぶ	Elloluv	noun	エロラブ
えろらゔ	Elloluv	noun	エロラヴ
えんかうんたー	Encounter	noun	エンカウンター
えんきー	Encke	noun	エンキー
えんけ	Encke	noun	エンケ
えんこすたでらーご	Encosta de Lago	noun	エンコスタデラーゴ
えんしぇんとそんぐ	Ancient Song	noun	エンシェントソング
えんしぇんとわーるど	Ancient World	noun	エンシェントワールド
えんじぇるおぶえんぱいあ	Angel of Empire	noun	エンジェルオブエンパイア
えんじぇるおぶとぅるーす	Angel of Truth	noun	エンジェルオブトゥルース
えんじぇるぶるー	Angel Bleu	noun	エンジェルブルー
えんぜり	Enzeli	noun	エンゼリ
えんぞずらっど	Enzo's Lad	noun	エンゾズラッド
えんどすうぃーぷ	End Sweep	noun	エンドスウィープ
えんどれすほーる	Endless Hall	noun	エンドレスホール
えんばいろんめんとふれんど	Environment Friend	noun	エンバイロンメントフレンド
えんばしー	Embassy	noun	エンバシー
えんぱいあずちょいす	Empires Choice	noun	エンパイアズチョイス
えんぱいあめーかー	Empire Maker	noun	エンパイアメーカー
えんぷれすじょせふぃん	Empress Josephine	noun	エンプレスジョセフィン
えんべりっしゅ	Embellish	noun	エンベリッシュ
えんべりっしゅざれーす	Embellish the Lace	noun	エンベリッシュザレース
えんぺらーじょーんず	Emperor Jones	noun	エンペラージョーンズ
えんぽり	Empoli	noun	エンポリ
えんゔぁいろんめんとふれんど	Environment Friend	noun	エンヴァイロンメントフレンド
えゔぁずりくえすと	Eva's Request	noun	エヴァズリクエスト
えゔぁるな	Eva Luna	noun	エヴァルナ
えゔぁーあふれんど	Ever A Friend	noun	エヴァーアフレンド
えゔぃーたあるぜんてぃーな	Evita Argentina	noun	エヴィータアルゼンティーナ
えーごーるどとれいる	A Gold Trail	noun	エーゴールドトレイル
えーしーでゅーしー	Acey Deucey	noun	エーシーデューシー
えーじーうぉりあ	A Z Warrior	noun	エージーウォリア
えーじーばれっと	Ag Bullet	noun	エージーバレット
えーすいんぱくと	Ace Impact	noun	エースインパクト
えーすはい	Ace High	noun	エースハイ
えーぜっとうぉりあー	A Z Warrior	noun	エーゼットウォリアー
えーてりある	Ethereal	noun	エーテリアル
えーぴーあどべんちゃー	A P Adventure	noun	エーピーアドベンチャー
えーぴーあどゔぇんちゃー	A P Adventure	noun	エーピーアドヴェンチャー
えーぴーいんでぃ	A.P. Indy	noun	エーピーインディ
えーぴーいんでぃあん	A. P. Indian	noun	エーピーインディアン
えーぴーばれんたいん	A P Valentine	noun	エーピーバレンタイン
えーぴーゔぁれんたいん	A P Valentine	noun	エーピーヴァレンタイン
おあしすどりーむ	Oasis Dream	noun	オアシスドリーム
おうぃんとん	Owington	noun	オウィントン
おうたーど	Awtaad	noun	オウタード
おうりえっと	Auriette	noun	オウリエット
おかわんご	Okawango	noun	オカワンゴ
おきゅぱんでぃすと	Occupandiste	noun	オキュパンディスト
おくさらぐ	Oxalagu	noun	オクサラグ
おくすてっど	Oxted	noun	オクステッド
おくたごなる	Octagonal	noun	オクタゴナル
おくたーぶ	Octave	noun	オクターブ
おくたーゔ	Octave	noun	オクターヴ
おすかーしんどらー	Oscar Schindler	noun	オスカーシンドラー
おすかーぱふぉーまんす	Oscar Performance	noun	オスカーパフォーマンス
おずもしす	Ozzmosis	noun	オズモシス
おそりお	Osorio	noun	オソリオ
おっくすぼう	Oxbow	noun	オックスボウ
おでりず	Odeliz	noun	オデリズ
おなーあんどぐろーりー	Honour and Glory	noun	オナーアンドグローリー
おなーいんうぉー	Honor in War	noun	オナーインウォー
おなーえーぴー	Honor A. P.	noun	オナーエーピー
おなーぐらいど	Honor Glide	noun	オナーグライド
おなーこーど	Honor Code	noun	オナーコード
おなーばうんど	Honor Bound	noun	オナーバウンド
おなーべいぶ	Honor Babe	noun	オナーベイブ
おねすと	Onesto	noun	オネスト
おねすとれでぃ	Honest Lady	noun	オネストレディ
おはいお	Ohio	noun	オハイオ
おぴにおん	Opinion	noun	オピニオン
おふぃさー	Officer	noun	オフィサー
おふざとらっくす	Off the Tracks	noun	オフザトラックス
おふりみっつ	Off Limits	noun	オフリミッツ
おふりーわいるど	Offlee Wild	noun	オフリーワイルド
おぶこーすあいきゃん	Ofcourseican	noun	オブコースアイキャン
おぶざーばとりー	Observatory	noun	オブザーバトリー
おぶざーばー	Observer	noun	オブザーバー
おぶざーゔぁとりー	Observatory	noun	オブザーヴァトリー
おぶざーゔぁー	Observer	noun	オブザーヴァー
おぶびあすりー	Obviously	noun	オブビアスリー
おぶりがとりー	Obligatory	noun	オブリガトリー
おぶゔぃあすりー	Obviously	noun	オブヴィアスリー
おぺらしんがー	Opera Singer	noun	オペラシンガー
おぺらはうす	Opera House	noun	オペラハウス
おまはびーち	Omaha Beach	noun	オマハビーチ
おまりりん	Omarilyn	noun	オマリリン
おらいりー	O'Reilly	noun	オライリー
おらとりお	Oratorio	noun	オラトリオ
おりえんていと	Orientate	noun	オリエンテイト
おりおーる	Aureole	noun	オリオール
おりんぴあど	Olympiad	noun	オリンピアド
おりんぴあーど	Olympiad	noun	オリンピアード
おりんぴお	Olympio	noun	オリンピオ
おりんぴっくえくすぷれす	Olympic Express	noun	オリンピックエクスプレス
おりんぴっくぐろーりー	Olympic Glory	noun	オリンピックグローリー
おりーずきゃんでぃ	Ollie's Candy	noun	オリーズキャンディ
おるかーく	Ole Kirk	noun	オルカーク
おるだんさー	Ole Dancer	noun	オルダンサー
おるてんしあ	Ortensia	noun	オルテンシア
おるめど	Olmedo	noun	オルメド
おれかーく	Ole Kirk	noun	オレカーク
おれごんぱわー	Oregon Power	noun	オレゴンパワー
おれんじかうんてぃ	Orange County	noun	オレンジカウンティ
おんえあ	On Air	noun	オンエア
おんざろっくす	On The Rocks	noun	オンザロックス
おんふぁいあべいびー	On Fire Baby	noun	オンファイアベイビー
おんぶずまん	Ombudsman	noun	オンブズマン
おんりーろわいやる	Only Royale	noun	オンリーロワイヤル
おーぎゅすとろだん	Auguste Rodin	noun	オーギュストロダン
おーけすとらる	Orchestral	noun	オーケストラル
おーさむあげいん	Awesome Again	noun	オーサムアゲイン
おーさむじぇむ	Awesome Gem	noun	オーサムジェム
おーさむひゅーもあ	Awesome Humor	noun	オーサムヒューモア
おーさむふぇざー	Awesome Feather	noun	オーサムフェザー
おーさむまりあ	Awesome Maria	noun	オーサムマリア
おーさむろっく	Awesome Rock	noun	オーサムロック
おーしゃんぱーく	Ocean Park	noun	オーシャンパーク
おーしゃんびりー	Ocean Billy	noun	オーシャンビリー
おーしゃんろーど	Ocean Road	noun	オーシャンロード
おーじーるーるず	Aussie Rules	noun	オージールールズ
おーす	Oath	noun	オース
おーせんてぃっくぱでぃ	Authentic Paddy	noun	オーセンティックパディ
おーそらいずど	Authorized	noun	オーソライズド
おーたむえんじぇる	Autumn Angel	noun	オータムエンジェル
おーたむぐろう	Autumn Glow	noun	オータムグロウ
おーたむぐろー	Autumn Glow	noun	オータムグロー
おーたむぼーい	Autumn Boy	noun	オータムボーイ
おーだーおぶおーすとらりあ	Order of Australia	noun	オーダーオブオーストラリア
おーだーおぶせんとじょーじ	Order Of St George	noun	オーダーオブセントジョージ
おーでぃえんす	Audience	noun	オーディエンス
おーでぃぶる	Audible	noun	オーディブル
おーどうぇい	Ordway	noun	オードウェイ
おーばー	Over	noun	オーバー
おーばーあならいず	Overanalyze	noun	オーバーアナライズ
おーばーぱす	Overpass	noun	オーバーパス
おーばーりーち	Overreach	noun	オーバーリーチ
おーびーけー	Aubby K	noun	オービーケー
おーぶ	Orb	noun	オーブ
おーぶあんでぃあんぬ	Aube Indienne	noun	オーブアンディアンヌ
おーぷにんぐばーす	Opening Verse	noun	オープニングバース
おーぷにんぐゔぁーす	Opening Verse	noun	オープニングヴァース
おーぺん	Orpen	noun	オーペン
おーほわっとあうぃんどふぉーる	Oh What a Windfall	noun	オーホワットアウィンドフォール
おーるあめりかん	All American	noun	オールアメリカン
おーるあわーもぶ	All Our Mob	noun	オールアワーモブ
おーるうぇいずあくらしっく	Always a Classic	noun	オールウェイズアクラシック
おーるうぇいずあらんなー	Always a Runner	noun	オールウェイズアランナー
おーるうぇいずあれいんぼう	Always A Rainbow	noun	オールウェイズアレインボウ
おーるうぇいずどりーみんぐ	Always Dreaming	noun	オールウェイズドリーミング
おーるうぇいずろいやる	Always Loyal	noun	オールウェイズロイヤル
おーるさいれんと	All Silent	noun	オールサイレント
おーるすりるすとぅー	All Thrills Too	noun	オールスリルストゥー
おーるずまん	Oarsman	noun	オールズマン
おーるとぅーはーど	All Too Hard	noun	オールトゥーハード
おーるどこむれーど	Old Comrade	noun	オールドコムレード
おーるどぱーしゃん	Old Persian	noun	オールドパーシャン
おーるどふぁっしょん	Old Fashion	noun	オールドファッション
おーるばにりゆにおん	Albany Reunion	noun	オールバニリユニオン
おーゔぁー	Over	noun	オーヴァー
おーゔぁーあならいず	Overanalyze	noun	オーヴァーアナライズ
おーゔぁーぱす	Overpass	noun	オーヴァーパス
おーゔぁーりーち	Overreach	noun	オーヴァーリーチ
かいとさーふ	Kitesurf	noun	カイトサーフ
かいんどおぶぶるー	Kind of Blue	noun	カインドオブブルー
かうぃ	Kawi	noun	カウィ
かうとすたー	Kauto Star	noun	カウトスター
かうんてぃたいろん	County Tyrone	noun	カウンティタイロン
かうんてぃんぐすたーず	Counting Stars	noun	カウンティングスターズ
かうんてすだいあな	Countess Diana	noun	カウンテスダイアナ
かうんとあげいん	Count Again	noun	カウントアゲイン
かうんとでゅぼわ	Count Dubois	noun	カウントデュボワ
かえさる	Caesour	noun	カエサル
かえすーる	Caesour	noun	カエスール
かこいーしーず	Cacoethes	noun	カコイーシーズ
かさくりーど	Casa Creed	noun	カサクリード
かさめんと	Casamento	noun	カサメント
かさんどらごー	Cassandra Go	noun	カサンドラゴー
かしぇ	Cachet	noun	カシェ
かしぇい	Cachet	noun	カシェイ
かしーく	Cacique	noun	カシーク
かじあ	Kazzia	noun	カジア
かじのぷりんす	Casino Prince	noun	カジノプリンス
かじゅあるこんくえすと	Casual Conquest	noun	カジュアルコンクエスト
かじゅあるぱす	Casual Pass	noun	カジュアルパス
かじゅあるるっく	Casual Look	noun	カジュアルルック
かすかでぃあん	Cascadian	noun	カスカディアン
かすてるべっきお	Castelvecchio	noun	カステルベッキオ
かすてるゔぇっきお	Castelvecchio	noun	カステルヴェッキオ
かすとりあ	Kastoria	noun	カストリア
かすばぶりす	Kasbah Bliss	noun	カスバブリス
かたらんおーぷにんぐ	Catalan Opening	noun	カタランオープニング
かたりすと	Catalyst	noun	カタリスト
かっとざけーき	Cut The Cake	noun	カットザケーキ
かてぃんか	Catinca	noun	カティンカ
かとりっくぼーい	Catholic Boy	noun	カトリックボーイ
かのっくちぇいす	Cannock Chase	noun	カノックチェイス
かはる	Kahal	noun	カハル
かばりえり	Cavalieri	noun	カバリエリ
かばるす	Caballus	noun	カバルス
かばーとらぶ	Covert Love	noun	カバートラブ
かばーとらゔ	Covert Love	noun	カバートラヴ
かばーよでまーる	Caballo De Mar	noun	カバーヨデマール
かふぃら	Qafila	noun	カフィラ
かふぇらて	Caffe Latte	noun	カフェラテ
かぷらてんぷとれす	Capla Temptress	noun	カプラテンプトレス
かぷり	Capri	noun	カプリ
かぽばすとーね	Capo Bastone	noun	カポバストーネ
かぽーてぃ	Capote	noun	カポーティ
かぽーてべる	Capote Belle	noun	カポーテベル
かまりら	Camarilla	noun	カマリラ
かみんするー	Comin' Through	noun	カミンスルー
かみーゆぴさろ	Camille Pissarro	noun	カミーユピサロ
かむじん	Kamsin	noun	カムジン
かむだんしんぐ	Come Dancing	noun	カムダンシング
かむぷれいうぃずみー	Come Play with Me	noun	カムプレイウィズミー
かめこ	Kameko	noun	カメコ
かやーじ	Kahyasi	noun	カヤージ
からこんてぃ	Karakontie	noun	カラコンティ
からにし	Kalanisi	noun	カラニシ
からばっじお	Caravaggio	noun	カラバッジオ
からぷーる	Kalapour	noun	カラプール
からべる	Caravel	noun	カラベル
かららいな	Curalina	noun	カラライナ
からんだがん	Calandagan	noun	カランダガン
からゔぁっじお	Caravaggio	noun	カラヴァッジオ
からゔぇる	Caravel	noun	カラヴェル
からーびじょん	Colour Vision	noun	カラービジョン
からーゔぃじょん	Colour Vision	noun	カラーヴィジョン
かり	Kali	noun	カリ
かりすと	Kallisto	noun	カリスト
かりすまてぃっく	Charismatic	noun	カリスマティック
かりっく	Carrick	noun	カリック
かりっじもなみ	Courage Mon Ami	noun	カリッジモナミ
かりふぉるにあくろーむ	California Chrome	noun	カリフォルニアクローム
かりふぉるにあすぱんぐる	California Spangle	noun	カリフォルニアスパングル
かりふぉるにあめもりー	California Memory	noun	カリフォルニアメモリー
かりぷそ	Kalypso	noun	カリプソ
かりーなみあ	Carina Mia	noun	カリーナミア
かるどぅねびー	Kaldounevees	noun	カルドゥネビー
かるどぅねべ	Kaldounevees	noun	カルドゥネベ
かるどぅねゔぃー	Kaldounevees	noun	カルドゥネヴィー
かるどぅねゔぇ	Kaldounevees	noun	カルドゥネヴェ
かるどぅん	Kaldoun	noun	カルドゥン
かるぱな	Kalpana	noun	カルパナ
かるびーん	Calveen	noun	カルビーン
かるろたみっくす	Carlotamix	noun	カルロタミックス
かるろびばり	Karlovy Vary	noun	カルロビバリ
かるろびゔぁり	Karlovy Vary	noun	カルロビヴァリ
かるろゔぃばり	Karlovy Vary	noun	カルロヴィバリ
かるろゔぃゔぁり	Karlovy Vary	noun	カルロヴィヴァリ
かるゔぃーん	Calveen	noun	カルヴィーン
かるーかんくいーん	Kalookan Queen	noun	カルーカンクイーン
かれいじゃすきゃっと	Courageous Cat	noun	カレイジャスキャット
かれどにあろーど	Caledonia Road	noun	カレドニアロード
かれぶずぽっせ	Caleb's Posse	noun	カレブズポッセ
かれりあん	Karelian	noun	カレリアン
かれんしーすわっぷ	Currency Swap	noun	カレンシースワップ
かろ	Caro	noun	カロ
かんとりーすたー	Country Star	noun	カントリースター
かんとりーはうす	Country House	noun	カントリーハウス
かんどぅらり	Candelari	noun	カンドゥラリ
かんぱねっれ	Campanelle	noun	カンパネッレ
かんぱのろじすと	Campanologist	noun	カンパノロジスト
かんびーな	Cambina	noun	カンビーナ
かんぴおねっさ	Campionessa	noun	カンピオネッサ
かゔぁりえり	Cavalieri	noun	カヴァリエリ
かゔぁーとらぶ	Covert Love	noun	カヴァートラブ
かゔぁーとらゔ	Covert Love	noun	カヴァートラヴ
かーいんぐらいじんぐ	Ka Ying Rising	noun	カーイングライジング
かーいんらいじんぐ	Ka Ying Rising	noun	カーインライジング
かーくりーず	Kirklees	noun	カークリーズ
かーそりーぐらんす	Cursory Glance	noun	カーソリーグランス
かーそんしてぃ	Carson City	noun	カーソンシティ
かーそんずらん	Carson's Run	noun	カーソンズラン
かーそんほろう	Carson Hollow	noun	カーソンホロウ
かーでむ	Khaadem	noun	カーデム
かーどまにあ	Cardmania	noun	カードマニア
かーねぎー	Carnegie	noun	カーネギー
かーねぎーえくすぷれす	Carnegie Express	noun	カーネギーエクスプレス
かーねるじょん	Colonel John	noun	カーネルジョン
かーねるりあむ	Colonel Liam	noun	カーネルリアム
かーびー	Curvy	noun	カービー
かーぷたん	Kaaptan	noun	カープタン
かーぺでぃえむ	Carpe Diem	noun	カーペディエム
かーまいんれいく	Carmine Lake	noun	カーマインレイク
かーまでっく	Kermadec	noun	カーマデック
かーまらす	Kahma Lass	noun	カーマラス
かーららふぁえら	Cara Rafaela	noun	カーララファエラ
かーりあん	Caerleon	noun	カーリアン
かーりん	Curlin	noun	カーリン
かーるすぱくらー	Carl Spackler	noun	カールスパクラー
かーるすぱっくらー	Carl Spackler	noun	カールスパックラー
かーん	Khan	noun	カーン
かーゔぃー	Curvy	noun	カーヴィー
がいあーす	Ghaiyyath	noun	ガイアース
がいえご	Gayego	noun	ガイエゴ
がいとらっしゅ	Gytrash	noun	ガイトラッシュ
がいの	Guyno	noun	ガイノ
がいやーす	Ghaiyyath	noun	ガイヤース
がいろちょっぷ	Gailo Chop	noun	ガイロチョップ
がじ	Ghazi	noun	ガジ
がすとおぶうぃんど	Gust Of Wind	noun	ガストオブウィンド
がってぃんぐ	Gatting	noun	ガッティング
がっとここ	Got Koko	noun	ガットココ
がっとすとーみー	Got Stormy	noun	ガットストーミー
がっとらっきー	Got Lucky	noun	ガットラッキー
がでぃあー	Ghadeer	noun	ガディアー
がないと	Gunite	noun	ガナイト
がなーてぃ	Ghanaati	noun	ガナーティ
がびおら	Gaviola	noun	ガビオラ
がぶりえるちゃーるず	Gabriel Charles	noun	ガブリエルチャールズ
がまっと	Gamut	noun	ガマット
がみーん	Gamine	noun	ガミーン
がりおんずりーち	Gallions Reach	noun	ガリオンズリーチ
がりか	Gallica	noun	ガリカ
がりこば	Galikova	noun	ガリコバ
がりこゔぁ	Galikova	noun	ガリコヴァ
がりっく	Gallic	noun	ガリック
がりれお	Galileo	noun	ガリレオ
がりれおくろーむ	Galileo Chrome	noun	ガリレオクローム
がりれおごーるど	Galileo Gold	noun	ガリレオゴールド
がるふ	Guelph	noun	ガルフ
がろぱんでしゃん	Galopin Des Champs	noun	ガロパンデシャン
がんさるーと	Gun Salute	noun	ガンサルート
がんぱいろっと	Gun Pilot	noun	ガンパイロット
がんらんなー	Gun Runner	noun	ガンランナー
がゔぃおら	Gaviola	noun	ガヴィオラ
がーずうっど	Garswood	noun	ガーズウッド
がーびん	Girvin	noun	ガービン
がーゔぃん	Girvin	noun	ガーヴィン
きあみち	Kiamichi	noun	キアミチ
きくらです	Cyclades	noun	キクラデス
きけろずぎふと	Cicero's Gift	noun	キケロズギフト
きさきさきさ	Quiza Quiza Quiza	noun	キサキサキサ
きじさな	Quisisana	noun	キジサナ
きじゃーの	Quijano	noun	キジャーノ
きすてな	Kistena	noun	キステナ
きたるふぁ	Kitalpha	noun	キタルファ
きっけんくりす	Kicken Kris	noun	キッケンクリス
きっしんぐかずん	Kissing Cousin	noun	キッシングカズン
きっぷでびる	Kip Deville	noun	キップデビル
きっぷでゔぃる	Kip Deville	noun	キップデヴィル
きとぅんずじょい	Kitten's Joy	noun	キトゥンズジョイ
きとぅんずだんぷりんぐす	Kitten's Dumplings	noun	キトゥンズダンプリングス
きどなっぷど	Kidnapped	noun	キドナップド
きなーど	Kinnaird	noun	キナード
きはーの	Quijano	noun	キハーノ
きぷりおす	Kyprios	noun	キプリオス
きまり	Kimari	noun	キマリ
きもち	Kimochi	noun	キモチ
きゃしーんまりっさ	Kathynmarissa	noun	キャシーンマリッサ
きゃすてるべきお	Castelvecchio	noun	キャステルベキオ
きゃすてるゔぇきお	Castelvecchio	noun	キャステルヴェキオ
きゃすりんそふぃあ	Cathryn Sophia	noun	キャスリンソフィア
きゃっしゃーずどりーむ	Cashier's Dream	noun	キャッシャーズドリーム
きゃっしゅいんくるーでっど	Cash Included	noun	キャッシュインクルーデッド
きゃっしゅらん	Cash Run	noun	キャッシュラン
きゃっするでーる	Castledale	noun	キャッスルデール
きゃっするれでぃ	Castle Lady	noun	キャッスルレディ
きゃっちあぐりむす	Catch a Glimpse	noun	キャッチアグリムス
きゃっちあぐりんぷす	Catch a Glimpse	noun	キャッチアグリンプス
きゃっちあずきゃっちきゃん	Catchascatchcan	noun	キャッチアズキャッチキャン
きゃっちー	Catchy	noun	キャッチー
きゃっつくれいどる	Cat's Cradle	noun	キャッツクレイドル
きゃっとしーふ	Cat Thief	noun	キャットシーフ
きゃっとむーぶす	Cat Moves	noun	キャットムーブス
きゃっとむーゔす	Cat Moves	noun	キャットムーヴス
きゃにーらす	Canny Lass	noun	キャニーラス
きゃにーらっど	Canny Lad	noun	キャニーラッド
きゃのっくちぇいす	Cannock Chase	noun	キャノックチェイス
きゃばるりーまん	Cavalryman	noun	キャバルリーマン
きゃぴたりすと	Capitalist	noun	キャピタリスト
きゃぴたるげいん	Capital Gain	noun	キャピタルゲイン
きゃぷちゃーどばいらぶ	Captured by Love	noun	キャプチャードバイラブ
きゃぷちゃーどばいらゔ	Captured by Love	noun	キャプチャードバイラヴ
きゃぷてぃぼん	Captivant	noun	キャプティボン
きゃぷてぃゔぉん	Captivant	noun	キャプティヴォン
きゃぷてんある	Captain Al	noun	キャプテンアル
きゃぷてんきゃんでぃまんきゃん	Capt. Candyman Can	noun	キャプテンキャンディマンキャン
きゃぷてんすくわいあ	Captain Squire	noun	キャプテンスクワイア
きゃぷてんすてぃーぶ	Captain Steve	noun	キャプテンスティーブ
きゃぷてんすてぃーゔ	Captain Steve	noun	キャプテンスティーヴ
きゃぷてんそなどーる	Captain Sonador	noun	キャプテンソナドール
きゃぷてんぼじっと	Captain Bodgit	noun	キャプテンボジット
きゃぼにあ	Cavonnier	noun	キャボニア
きゃぼーてぃんぐ	Cavorting	noun	キャボーティング
きゃめろっと	Camelot	noun	キャメロット
きゃらうぇいぎゃる	Calaway Gal	noun	キャラウェイギャル
きゃらだく	Caradak	noun	キャラダク
きゃりえっじとれいる	Carriage Trail	noun	キャリエッジトレイル
きゃりーおんきゅーてぃー	Carry On Cutie	noun	キャリーオンキューティー
きゃりーおんけいてぃ	Carry On Katie	noun	キャリーオンケイティ
きゃんでぃすとらいぷす	Candy Stripes	noun	キャンディストライプス
きゃんでぃらいど	Candy Ride	noun	キャンディライド
きゃんでぃーど	Candied	noun	キャンディード
きゃんびあぱーく	Cambier Parc	noun	キャンビアパーク
きゃんふぉーどくりふす	Canford Cliffs	noun	キャンフォードクリフス
きゃんぷびくとりー	Camp Victory	noun	キャンプビクトリー
きゃんぷゔぃくとりー	Camp Victory	noun	キャンプヴィクトリー
きゃゔぁるりーまん	Cavalryman	noun	キャヴァルリーマン
きゃゔぉにあ	Cavonnier	noun	キャヴォニア
きゃゔぉーてぃんぐ	Cavorting	noun	キャヴォーティング
きゅべ	Cuvee	noun	キュベ
きゅらーたすとーむ	Curata Storm	noun	キュラータストーム
きゅゔぇ	Cuvee	noun	キュヴェ
きゅーかーど	Cue Card	noun	キューカード
きゅーがーでんず	Kew Gardens	noun	キューガーデンズ
きゅーぴっど	Cupid	noun	キューピッド
きらきー	Kyllachy	noun	キラキー
きらっと	Qirat	noun	キラット
きらもさ	Kirramosa	noun	キラモサ
きらーぐれいしす	Killer Graces	noun	キラーグレイシス
きらーと	Qirat	noun	キラート
きりずくらうん	Kiri's Clown	noun	キリズクラウン
きるうぃん	Kilwin	noun	キルウィン
きんぐおぶきんぐす	King of Kings	noun	キングオブキングス
きんぐおぶごーるど	King Of Gosford	noun	キングオブゴールド
きんぐおぶざひーぷ	King of the Heap	noun	キングオブザヒープ
きんぐおぶすてぃーる	King Of Steel	noun	キングオブスティール
きんぐおぶちぇんじ	King of Change	noun	キングオブチェンジ
きんぐころらど	King Colorado	noun	キングコロラド
きんぐごーるど	King Gold	noun	キングゴールド
きんぐすうぃるどりーむ	Kings Will Dream	noun	キングスウィルドリーム
きんぐすうっど	Kingswood	noun	キングスウッド
きんぐすげーとねいてぃぶ	Kingsgate Native	noun	キングスゲートネイティブ
きんぐすげーとねいてぃゔ	Kingsgate Native	noun	キングスゲートネイティヴ
きんぐすしあたー	King's Theatre	noun	キングスシアター
きんぐすとんひる	Kingston Hill	noun	キングストンヒル
きんぐすとんるーる	Kingston Rule	noun	キングストンルール
きんぐすどらま	King's Drama	noun	キングスドラマ
きんぐすばーんず	Kingsbarns	noun	キングスバーンズ
きんぐすふぉーと	Kingsfort	noun	キングスフォート
きんぐすれがしー	King's Legacy	noun	キングスレガシー
きんぐすろーず	King's Rose	noun	キングスローズ
きんぐずあぽすとる	King's Apostle	noun	キングズアポストル
きんぐずちゃぺる	King's Chapel	noun	キングズチャペル
きんぐずばーんず	Kingsbarns	noun	キングズバーンズ
きんぐずべすと	King's Best	noun	キングズベスト
きんぐずれがしー	King's Legacy	noun	キングズレガシー
きんぐでいびっど	King David	noun	キングデイビッド
きんぐでいゔぃっど	King David	noun	キングデイヴィッド
きんぐまん	Kingman	noun	キングマン
きんぐまんぼ	Kingmambo	noun	キングマンボ
きんせーるきんぐ	Kinsale King	noun	キンセールキング
きんだくろす	Kindacross	noun	キンダクロス
きんろす	Kinross	noun	キンロス
きーこんてんだー	Key Contender	noun	キーコンテンダー
きーちぇんじ	Key Change	noun	キーチェンジ
きーにんすきー	Keeninsky	noun	キーニンスキー
きーぱー	Keeper	noun	キーパー
きーぱーおぶざすたーず	Keeper Ofthe Stars	noun	キーパーオブザスターズ
きーぱーひる	Keeper Hill	noun	キーパーヒル
きーふれーず	Key Phrase	noun	キーフレーズ
きーぷざぴーす	Keep The Peace	noun	キープザピース
きーんあいす	Keen Ice	noun	キーンアイス
ぎああっぷ	Gear Up	noun	ギアアップ
ぎがきっく	Giga Kick	noun	ギガキック
ぎにょーる	Guignol	noun	ギニョール
ぎふとぼっくす	Gift Box	noun	ギフトボックス
ぎべりんず	Ghibellines	noun	ギベリンズ
ぎゃざりんぐ	Gathering	noun	ギャザリング
ぎゃびーずごーるでんぎゃる	Gabby's Golden Gal	noun	ギャビーズゴールデンギャル
ぎゃみん	Gamine	noun	ギャミン
ぎゃらくしーすたー	Galaxy Star	noun	ギャラクシースター
ぎゃらんとぅ	Gallante	noun	ギャラントゥ
ぎゃるいんあらっかす	Gal in a Ruckus	noun	ギャルインアラッカス
ぎゃろぱんでしゃん	Galopin Des Champs	noun	ギャロパンデシャン
ぎるでぃどたいむ	Gilded Time	noun	ギルディドタイム
ぎるでっどたいむ	Gilded Time	noun	ギルデッドタイム
ぎるとえっじがーる	Gilt Edge Girl	noun	ギルトエッジガール
くあどらてらる	Quadrilateral	noun	クアドラテラル
くいっくそーん	Quickthorn	noun	クイックソーン
くいっくみすちーふ	Quick Mischief	noun	クイックミスチーフ
くいふ	Quiff	noun	クイフ
くいんてっせんしゃる	Quintessential	noun	クインテッセンシャル
くいんとぅさ	Quintessa	noun	クイントゥサ
くいーな	Queena	noun	クイーナ
くいーんごっです	Queen Goddess	noun	クイーンゴッデス
くいーんずこーとくいーん	Queens Court Queen	noun	クイーンズコートクイーン
くいーんずじゅえる	Queen's Jewel	noun	クイーンズジュエル
くいーんずとらすと	Queen's Trust	noun	クイーンズトラスト
くいーんずふざー	Queen's Hussar	noun	クイーンズフザー
くいーんずろじっく	Queen's Logic	noun	クイーンズロジック
くいーんもーど	Queen Maud	noun	クイーンモード
くえすてぃんぐ	Questing	noun	クエスティング
くえすとふぉーふぇいむ	Quest for Fame	noun	クエストフォーフェイム
くえすとふぉーもあ	Quest For More	noun	クエストフォーモア
くえまん	Queman	noun	クエマン
くえらり	Querari	noun	クエラリ
くおりてぃろーど	Quality Road	noun	クオリティロード
くおりふぁい	Qualify	noun	クオリファイ
くおると	Quorto	noun	クオルト
くし	Kusi	noun	クシ
くしゃだし	Kushadasi	noun	クシャダシ
くつぶ	Kutub	noun	クツブ
くどふぉりー	Coup de Folie	noun	クドフォリー
くらいあんどきゃっちみー	Cry And Catch Me	noun	クライアンドキャッチミー
くらいてりおん	Criterion	noun	クライテリオン
くらいみんぐすたー	Climbing Star	noun	クライミングスター
くらうでぃずないと	Cloudy's Knight	noun	クラウディズナイト
くらうでぃどはうす	Crowded House	noun	クラウディドハウス
くらうでぃんぐす	Cloudings	noun	クラウディングス
くらうどこんぴゅーてぃんぐ	Cloud Computing	noun	クラウドコンピューティング
くらうんくいーん	Crown Queen	noun	クラウンクイーン
くらうんぷろせきゅーたー	Crown Prosecutor	noun	クラウンプロセキューター
くらかどーる	Creachadoir	noun	クラカドール
くらしっくえんぱいあ	Classic Empire	noun	クラシックエンパイア
くらしっくきゅー	Classic Q	noun	クラシックキュー
くらしっくくりしぇ	Classic Cliche	noun	クラシッククリシェ
くらしっくこーずうぇい	Classic Causeway	noun	クラシックコーズウェイ
くらしっくぱーく	Classic Park	noun	クラシックパーク
くらっかーじゃっくきんぐ	Crackerjack King	noun	クラッカージャックキング
くらっくすまん	Cracksman	noun	クラックスマン
くらっしーすまーと	Classy 'n Smart	noun	クラッシースマート
くらっしーみらーじゅ	Classy Mirage	noun	クラッシーミラージュ
くらっしーんすまーと	Classy 'n Smart	noun	クラッシーンスマート
くらりな	Curalina	noun	クラリナ
くられっとべれっと	Claret Beret	noun	クラレットベレット
くらんがらんぐ	Clangalang	noun	クランガラング
くらーじゅもなみ	Courage Mon Ami	noun	クラージュモナミ
くりあまんでーと	Clear Mandate	noun	クリアマンデート
くりありーいのせんと	Clearly Innocent	noun	クリアリーイノセント
くりあろーず	Clear Rose	noun	クリアローズ
くりえいたー	Creator	noun	クリエイター
くりえいてぃぶこーず	Creative Cause	noun	クリエイティブコーズ
くりえいてぃぶふぉーす	Creative Force	noun	クリエイティブフォース
くりえいてぃゔこーず	Creative Cause	noun	クリエイティヴコーズ
くりえいてぃゔふぉーす	Creative Force	noun	クリエイティヴフォース
くりこ	Clicquot	noun	クリコ
くりす	Kris	noun	クリス
くりすえす	Kris S.	noun	クリスエス
くりすきん	Kris Kin	noun	クリスキン
くりすたるおーしゃん	Crystal Ocean	noun	クリスタルオーシャン
くりすたるみゅーじっく	Crystal Music	noun	クリスタルミュージック
くりすたるりりー	Crystal Lily	noun	クリスタルリリー
くりすとふ	Kristov	noun	クリストフ
くりすとゔ	Kristov	noun	クリストヴ
くりすぷ	Crisp	noun	クリスプ
くりすますでー	Christmas Day	noun	クリスマスデー
くりせりあむ	Chriselliam	noun	クリセリアム
くりてぃかるあい	Critical Eye	noun	クリティカルアイ
くりぷとんふぁくたー	Krypton Factor	noun	クリプトンファクター
くりみなるたいぷ	Criminal Type	noun	クリミナルタイプ
くりむぞんぱれす	Crimson Palace	noun	クリムゾンパレス
くりむと	Klimt	noun	クリムト
くりんぷりん	Crimplene	noun	クリンプリン
くりーんすいーぷ	Clean Sweep	noun	クリーンスイープ
くるせいど	Crusade	noun	クルセイド
くるーでんくりーく	Cluden Creek	noun	クルーデンクリーク
くれいゆ	Creil	noun	クレイユ
くれすてぃどうぇいぶ	Crested Wave	noun	クレスティドウェイブ
くれすてぃどうぇいゔ	Crested Wave	noun	クレスティドウェイヴ
くれぺろ	Crepello	noun	クレペロ
くれみー	Clemmie	noun	クレミー
くれりえーる	Clairiere	noun	クレリエール
くろこるーじゅ	Croco Rouge	noun	クロコルージュ
くろしお	Kuroshio	noun	クロシオ
くろすおぶすたーず	Cloth Of Stars	noun	クロスオブスターズ
くろすかうんたー	Cross Counter	noun	クロスカウンター
くろすとらふぃっく	Cross Traffic	noun	クロストラフィック
くろちぇってぃ	Crocetti	noun	クロチェッティ
くろどびる	Clodovil	noun	クロドビル
くろどら	Clodora	noun	クロドラ
くろどゔぃる	Clodovil	noun	クロドヴィル
くろーずあっぷ	Close Up	noun	クローズアップ
くろーずはっちず	Close Hatches	noun	クローズハッチズ
くろーる	Crawl	noun	クロール
くわいえっとあめりかん	Quiet American	noun	クワイエットアメリカン
くわいえっとりふれくしょん	Quiet Reflection	noun	クワイエットリフレクション
くーじーうぉーく	Coogee Walk	noun	クージーウォーク
くーどぅふぉりー	Coup de Folie	noun	クードゥフォリー
くーどす	Kudos	noun	クードス
くーどふぉりー	Coup de Folie	noun	クードフォリー
くーぷどふぉりー	Coup de Folie	noun	クープドフォリー
くーよんが	Kooyonga	noun	クーヨンガ
くーらんがった	Coolangatta	noun	クーランガッタ
くーるあざびーる	Cool Aza Beel	noun	クールアザビール
くーるあーちー	Cool Archie	noun	クールアーチー
くーるさんば	Coeursamba	noun	クールサンバ
ぐあらな	Guarana	noun	グアラナ
ぐしゅたーど	Gstaad	noun	グシュタード
ぐすたーど	Gstaad	noun	グスタード
ぐっどげす	Good Guess	noun	グッドゲス
ぐっどじゃーにー	Good Journey	noun	グッドジャーニー
ぐっどちあ	Good Cheer	noun	グッドチア
ぐっどないとおりーぶ	Goodnight Olive	noun	グッドナイトオリーブ
ぐっどないとおりーゔ	Goodnight Olive	noun	グッドナイトオリーヴ
ぐっどばば	Good Ba Ba	noun	グッドババ
ぐっどぷろじぇくと	Good Project	noun	グッドプロジェクト
ぐっどまじっく	Good Magic	noun	グッドマジック
ぐっどりっく	Goodricke	noun	グッドリック
ぐっどりわーど	Good Reward	noun	グッドリワード
ぐらいんどすとーん	Grindstone	noun	グラインドストーン
ぐらうと	Grout	noun	グラウト
ぐらすすりっぱーず	Glass Slippers	noun	グラススリッパーズ
ぐらすはーもにうむ	Glass Harmonium	noun	グラスハーモニウム
ぐらまーぷす	Glamour Puss	noun	グラマープス
ぐらんあーみー	Grand Armee	noun	グランアーミー
ぐらんでら	Grandera	noun	グランデラ
ぐらんと	Grunt	noun	グラント
ぐらんどあーち	Grand Arch	noun	グランドアーチ
ぐらんどあーちうぇい	Grand Archway	noun	グランドアーチウェイ
ぐらんどくちゅりえ	Grand Couturier	noun	グランドクチュリエ
ぐらんどぐろーりー	Grand Glory	noun	グランドグローリー
ぐらんどじゃーにー	Grand Journey	noun	グランドジャーニー
ぐらんどすらむ	Grand Slam	noun	グランドスラム
ぐらんどずーる	Grand Zulu	noun	グランドズール
ぐらんどだでぃ	Grand Daddy	noun	グランドダディ
ぐらんどふろてぃら	Grand Flotilla	noun	グランドフロティラ
ぐらんどまーしゃる	Grand Marshal	noun	グランドマーシャル
ぐらんどろっじ	Grand Lodge	noun	グランドロッジ
ぐりあんて	Griante	noun	グリアンテ
ぐりったーうーまん	Glitter Woman	noun	グリッターウーマン
ぐりふ	Griff	noun	グリフ
ぐりんごっつ	Gringotts	noun	グリンゴッツ
ぐりんとおぶほーぷ	Glint Of Hope	noun	グリントオブホープ
ぐりーくだんす	Greek Dance	noun	グリークダンス
ぐりーんうっどれいく	Greenwood Lake	noun	グリーンウッドレイク
ぐりーんぐらっと	Green Gratto	noun	グリーングラット
ぐりーんすとりーと	Greene Street	noun	グリーンストリート
ぐりーんだんさー	Green Dancer	noun	グリーンダンサー
ぐりーんちゅーん	Green Tune	noun	グリーンチューン
ぐりーんでざーと	Green Desert	noun	グリーンデザート
ぐりーんばーでぃー	Green Birdie	noun	グリーンバーディー
ぐりーんぽいんとくるせいだー	Greenpointcrusader	noun	グリーンポイントクルセイダー
ぐりーんむーん	Green Moon	noun	グリーンムーン
ぐるめがーる	Gourmet Girl	noun	グルメガール
ぐるーぴーどーる	Groupie Doll	noun	グルーピードール
ぐるーむてっせ	Groom Tesse	noun	グルームテッセ
ぐれいしあす	Glacius	noun	グレイシアス
ぐれいすわろー	Grey Swallow	noun	グレイスワロー
ぐれいそぶりん	Grey Sovereign	noun	グレイソブリン
ぐれいそゔりん	Grey Sovereign	noun	グレイソヴリン
ぐれいだー	Graydar	noun	グレイダー
ぐれいとねふゅー	Great Nephew	noun	グレイトネフュー
ぐれいとふる	Grateful	noun	グレイトフル
ぐれいりらす	Grey Lilas	noun	グレイリラス
ぐれいるしーかー	Grail Seeker	noun	グレイルシーカー
ぐれっぐずごーるど	Greg's Gold	noun	グレッグズゴールド
ぐれつきーざぐれーと	Gretzky the Great	noun	グレツキーザグレート
ぐれんいーぐるす	Gleneagles	noun	グレンイーグルス
ぐれんかだむごーるど	Glencadam Gold	noun	グレンカダムゴールド
ぐれんしーる	Glen Shiel	noun	グレンシール
ぐれーすあどらー	Grace Adler	noun	グレースアドラー
ぐれーすふるがーる	Graceful Girl	noun	グレースフルガール
ぐれーすほーる	Grace Hall	noun	グレースホール
ぐれーとしょっと	Great Shot	noun	グレートショット
ぐれーとなびげーたー	Great Navigator	noun	グレートナビゲーター
ぐれーとなゔぃげーたー	Great Navigator	noun	グレートナヴィゲーター
ぐれーとねふゅー	Great Nephew	noun	グレートネフュー
ぐれーとのるまんど	Great Normand	noun	グレートノルマンド
ぐれーとはんたー	Great Hunter	noun	グレートハンター
ぐれーとへぶんず	Great Heavens	noun	グレートヘブンズ
ぐれーとへゔんず	Great Heavens	noun	グレートヘヴンズ
ぐれーぷつりーろーど	Grape Tree Road	noun	グレープツリーロード
ぐろりあすえんぱいあ	Glorious Empire	noun	グロリアスエンパイア
ぐろりあすそんぐ	Glorious Song	noun	グロリアスソング
ぐろりあすでいず	Glorious Days	noun	グロリアスデイズ
ぐろりあすふぉーえばー	Glorious Forever	noun	グロリアスフォーエバー
ぐろりあすふぉーえゔぁー	Glorious Forever	noun	グロリアスフォーエヴァー
ぐろりあでかんぺあお	Gloria de Campeao	noun	グロリアデカンペアオ
ぐろろしあ	Glorosia	noun	グロロシア
ぐろーばるきゃんぺーん	Global Campaign	noun	グローバルキャンペーン
ぐろーばるぐらまー	Global Glamour	noun	グローバルグラマー
ぐろーばるはんたー	Global Hunter	noun	グローバルハンター
ぐろーぶ	Globe	noun	グローブ
ぐろーりあすそんぐ	Glorious Song	noun	グローリアスソング
ぐろーりーでいず	Glory Days	noun	グローリーデイズ
ぐーふぉ	Gufo	noun	グーフォ
けあれすじゅえる	Careless Jewel	noun	ケアレスジュエル
けあれっしんぐ	Caressing	noun	ケアレッシング
けいしー	Kay Cee	noun	ケイシー
けいじゃんびーと	Cajun Beat	noun	ケイジャンビート
けいてぃーず	Katies	noun	ケイティーズ
けいてぃーりー	Katie Lee	noun	ケイティーリー
けいとりんはーぐるとねす	Caitlinhergrtness	noun	ケイトリンハーグルトネス
けいひるろーど	Cahill Road	noun	ケイヒルロード
けいふたら	Kayf Tara	noun	ケイフタラ
けいむほーむ	Came Home	noun	ケイムホーム
けにーずべすとぱる	Kenny's Best Pal	noun	ケニーズベストパル
けねどな	Kenedna	noun	ケネドナ
けまー	Qemah	noun	ケマー
けめんたり	Kementari	noun	ケメンタリ
けら	Kela	noun	ケラ
けりな	Kelina	noun	ケリナ
けるてぃっくすうぃんぐ	Celtic Swing	noun	ケルティックスウィング
けるてぃっくめろでぃ	Celtic Melody	noun	ケルティックメロディ
けるとす	Keltos	noun	ケルトス
けるとらいす	Keltrice	noun	ケルトライス
けれいふ	Kheleyf	noun	ケレイフ
けんうっどめろでぃー	Kenwood Melody	noun	ケンウッドメロディー
けんじんとんぱれす	Kensington Palace	noun	ケンジントンパレス
けんじんとんれーん	Kensington Lane	noun	ケンジントンレーン
けんだるじゃん	Kendargent	noun	ケンダルジャン
けんどーる	Kendor	noun	ケンドール
けんべいん	Kenvain	noun	ケンベイン
けんめあ	Kenmare	noun	ケンメア
けんゔぇいん	Kenvain	noun	ケンヴェイン
けーじぇーずあぴーる	K.J.'s Appeal	noun	ケージェーズアピール
けーにひしゅとぅーる	Konigsstuhl	noun	ケーニヒシュトゥール
けーぶるべい	Cable Bay	noun	ケーブルベイ
けーぶろっく	Cave Rock	noun	ケーブロック
けーぷおぶぐっどほーぷ	Cape Of Good Hope	noun	ケープオブグッドホープ
けーぷくろす	Cape Cross	noun	ケープクロス
けーぷたうん	Cape Town	noun	ケープタウン
けーぷぶらんこ	Cape Blanco	noun	ケープブランコ
けーぷべるでぃ	Cape Verdi	noun	ケープベルディ
けーぷゔぇるでぃ	Cape Verdi	noun	ケープヴェルディ
けーわんきんぐ	K One King	noun	ケーワンキング
けーゔろっく	Cave Rock	noun	ケーヴロック
げいぎゃらんた	Gay Gallanta	noun	ゲイギャランタ
げいず	Gaze	noun	ゲイズ
げいろーちょっぷ	Gailo Chop	noun	ゲイローチョップ
げすとはうす	Guest House	noun	ゲストハウス
げぞら	Gezora	noun	ゲゾラ
げったうぇい	Getaway	noun	ゲッタウェイ
げっとすとーみー	Get Stormy	noun	ゲットストーミー
げっとはーなんばー	Get Her Number	noun	ゲットハーナンバー
げわん	Gewan	noun	ゲワン
げーみんぐ	Gaming	noun	ゲーミング
げーむうぃなー	Game Winner	noun	ゲームウィナー
げーむおんでゅーど	Game On Dude	noun	ゲームオンデュード
げーむふぇーす	Game Face	noun	ゲームフェース
げーりっくうぉりあー	Gaelic Warrior	noun	ゲーリックウォリアー
こいる	Coil	noun	コイル
こぐばーん	Cogburn	noun	コグバーン
こけれーる	Coquerelle	noun	コケレール
ここあびーち	Cocoa Beach	noun	ココアビーチ
こここばんな	Coco Cobanna	noun	コココバンナ
ここさん	Coco Sun	noun	ココサン
こじーん	Cozzene	noun	コジーン
こすたびば	Costa Viva	noun	コスタビバ
こすたびゔぁ	Costa Viva	noun	コスタビヴァ
こすたゔぃば	Costa Viva	noun	コスタヴィバ
こすたゔぃゔぁ	Costa Viva	noun	コスタヴィヴァ
こすちゅーむ	Costume	noun	コスチューム
こすとおぶふりーだむ	Cost of Freedom	noun	コストオブフリーダム
こすとろーま	Kostroma	noun	コストローマ
こすまー	Cosmah	noun	コスマー
こずみっくえんでばー	Cosmic Endeavour	noun	コズミックエンデバー
こずみっくえんでゔぁー	Cosmic Endeavour	noun	コズミックエンデヴァー
こずみっくくるせいだー	Cosmic Crusader	noun	コズミッククルセイダー
こたしゃーん	Kotashaan	noun	コタシャーン
こっくにーれべる	Cockney Rebel	noun	コックニーレベル
こっとんぶろっさむ	Cotton Blossom	noun	コットンブロッサム
こでぃあっく	Kodiac	noun	コディアック
こでぃあっくかうぼーい	Kodiak Kowboy	noun	コディアックカウボーイ
こでぃーずうぃっしゅ	Cody's Wish	noun	コディーズウィッシュ
こなごーるど	Kona Gold	noun	コナゴールド
こにすとんぶるーばーど	Coniston Bluebird	noun	コニストンブルーバード
こねくと	Connect	noun	コネクト
こばりか	Kovalica	noun	コバリカ
こばーとりー	Covertly	noun	コバートリー
こぴおん	Kopion	noun	コピオン
こぶふぇふぇ	Covfefe	noun	コブフェフェ
こべんてぃなべい	Coventina Bay	noun	コベンティナベイ
こまんず	Commands	noun	コマンズ
こまんだーいんちーふ	Commander In Chief	noun	コマンダーインチーフ
こまんちぇぶれーぶ	Comanche Brave	noun	コマンチェブレーブ
こまんちぇぶれーゔ	Comanche Brave	noun	コマンチェブレーヴ
こまんちぶれいぶ	Comanche Brave	noun	コマンチブレイブ
こまんちぶれいゔ	Comanche Brave	noun	コマンチブレイヴ
こまんでぃんぐじゅえる	Commanding Jewel	noun	コマンディングジュエル
こまんどめんと	Commandment	noun	コマンドメント
こまーさんと	Commercante	noun	コマーサント
こみっしょにんぐ	Commissioning	noun	コミッショニング
こみゅにすと	Communist	noun	コミュニスト
こめんだぶる	Commendable	noun	コメンダブル
こめんてーたー	Commentator	noun	コメンテーター
こもんぐらうんず	Common Grounds	noun	コモングラウンズ
こらぞな	Corrazona	noun	コラゾナ
こりあーひる	Collier Hill	noun	コリアーヒル
こりすと	Chorist	noun	コリスト
こりゅーじょんいりゅーじょん	Collusion Illusion	noun	コリュージョンイリュージョン
こりんしあん	Corinthian	noun	コリンシアン
こるしあべろーちぇ	Corsia Veloce	noun	コルシアベローチェ
こるしあゔぇろーちぇ	Corsia Veloce	noun	コルシアヴェローチェ
こるすたー	Colstar	noun	コルスター
これかみの	Corre Caminos	noun	コレカミノ
これくしょん	Collection	noun	コレクション
これくてっど	Collected	noun	コレクテッド
これくとざきゃっしゅ	Collect the Cash	noun	コレクトザキャッシュ
ころえばす	Coroebus	noun	コロエバス
ころなどずくえすと	Coronado's Quest	noun	コロナドズクエスト
ころにあるあっふぇあー	Colonial Affair	noun	コロニアルアッフェアー
ころにあるころにー	Colonial Colony	noun	コロニアルコロニー
ころねっと	Coronet	noun	コロネット
こんがりー	Congaree	noun	コンガリー
こんくりーとろーず	Concrete Rose	noun	コンクリートローズ
こんさーとほーる	Concert Hall	noun	コンサートホール
こんさーん	Concern	noun	コンサーン
こんすてぃちゅーしょんひる	Constitution Hill	noun	コンスティチューションヒル
こんすてぃちゅーしょんりばー	Constitution River	noun	コンスティチューションリバー
こんすてぃちゅーしょんりゔぁー	Constitution River	noun	コンスティチューションリヴァー
こんすてぃてゅーしょん	Constitution	noun	コンスティテューション
こんすてぃてゅーしょんひる	Constitution Hill	noun	コンスティテューションヒル
こんすてぃてゅーしょんりばー	Constitution River	noun	コンスティテューションリバー
こんすてぃてゅーしょんりゔぁー	Constitution River	noun	コンスティテューションリヴァー
こんすてれーしょん	Constellation	noun	コンステレーション
こんせんさす	Consensus	noun	コンセンサス
こんせんと	Consent	noun	コンセント
こんてぃにゅあす	Continuous	noun	コンティニュアス
こんてぃにゅあすりー	Continuously	noun	コンティニュアスリー
こんてすてぃっど	Contested	noun	コンテスティッド
こんてすてっど	Contested	noun	コンテステッド
こんてんと	Content	noun	コンテント
こんてんとめんと	Contentment	noun	コンテントメント
こんでゅいっと	Conduit	noun	コンデュイット
こんとりびゅーたー	Contributer	noun	コントリビューター
こんどこまんど	Condo Commando	noun	コンドコマンド
こんばたんと	Combatant	noun	コンバタント
こんばーじ	Converge	noun	コンバージ
こんふぃでんしゃるれでぃ	Confidential Lady	noun	コンフィデンシャルレディ
こんふぇっしょなる	Confessional	noun	コンフェッショナル
こんぷとんあどみらる	Compton Admiral	noun	コンプトンアドミラル
こんぷとんぷれいす	Compton Place	noun	コンプトンプレイス
こんぷれいせんと	Complacent	noun	コンプレイセント
こんぷれきしてぃ	Complexity	noun	コンプレキシティ
こんべやー	Conveyor	noun	コンベヤー
こんぺてぃしょんおぶあいであず	Competitionofideas	noun	コンペティションオブアイデアズ
こんぺてぃしょんおぶあいでぃあず	Competitionofideas	noun	コンペティションオブアイディアズ
こんぺてぃてぃぶえっじ	Competitive Edge	noun	コンペティティブエッジ
こんぺてぃてぃゔえっじ	Competitive Edge	noun	コンペティティヴエッジ
こんぽじゃー	Composure	noun	コンポジャー
こんゔぁーじ	Converge	noun	コンヴァージ
こんゔぇやー	Conveyor	noun	コンヴェヤー
こゔぁりか	Kovalica	noun	コヴァリカ
こゔぁーとりー	Covertly	noun	コヴァートリー
こゔぇんてぃなべい	Coventina Bay	noun	コヴェンティナベイ
こゔふぇふぇ	Covfefe	noun	コヴフェフェ
こーすたるぶらふ	Coastal Bluff	noun	コースタルブラフ
こーついんせっしょん	Court's In Session	noun	コーツインセッション
こーとおぶおなー	Court of Honour	noun	コートオブオナー
こーとすたー	Kauto Star	noun	コートスター
こーとひるはうす	Cotehele House	noun	コートヒルハウス
こーとびじょん	Court Vision	noun	コートビジョン
こーとますたーぴーす	Court Masterpiece	noun	コートマスターピース
こーとまーしゃる	Court Martial	noun	コートマーシャル
こーとりーでぃー	Courtly Dee	noun	コートリーディー
こーとるーらー	Court Ruler	noun	コートルーラー
こーとゔぃじょん	Court Vision	noun	コートヴィジョン
こーどおぶおなー	Code of Honor	noun	コードオブオナー
こーにっしゅ	Corniche	noun	コーニッシュ
こーひーくりーく	Coffee Clique	noun	コーヒークリーク
こーぽれーとれぽーと	Corporate Report	noun	コーポレートレポート
こーるさいんまぶ	Callsign Mav	noun	コールサインマブ
こーるさいんまゔ	Callsign Mav	noun	コールサインマヴ
こーるざうぃんど	Call The Wind	noun	コールザウィンド
こーるでぃんぐ	Kolding	noun	コールディング
こーるばっく	Callback	noun	コールバック
ごじっぷがーる	Gozzip Girl	noun	ゴジップガール
ごっさまー	Gossamer	noun	ゴッサマー
ごっずおうん	God's Own	noun	ゴッズオウン
ごっとすとーみー	Got Stormy	noun	ゴットストーミー
ごっどぎぶん	God Given	noun	ゴッドギブン
ごっどぎゔん	God Given	noun	ゴッドギヴン
ごも	Gomo	noun	ゴモ
ごらいあす	Goliath	noun	ゴライアス
ごりあっと	Goliath	noun	ゴリアット
ごるてぃえ	Gaultier	noun	ゴルティエ
ごるでぃこば	Goldikova	noun	ゴルディコバ
ごるでぃこゔぁ	Goldikova	noun	ゴルディコヴァ
ごれら	Gorella	noun	ゴレラ
ごんどころ	Gondokoro	noun	ゴンドコロ
ごんばるだ	Gonbarda	noun	ゴンバルダ
ごーあんどごー	Go and Go	noun	ゴーアンドゴー
ごーいんぐぐろーばる	Going Global	noun	ゴーインググローバル
ごーいんぐとぅべがす	Going to Vegas	noun	ゴーイングトゥベガス
ごーいんぐとぅゔぇがす	Going to Vegas	noun	ゴーイングトゥヴェガス
ごーいんでぃごー	Go Indy Go	noun	ゴーインディゴー
ごーすとざっぱー	Ghostzapper	noun	ゴーストザッパー
ごーでぴゅてぃ	Go Deputy	noun	ゴーデピュティ
ごーどんろーどばいろん	Gordon Lord Byron	noun	ゴードンロードバイロン
ごーびとうぃーん	Go Between	noun	ゴービトウィーン
ごーふぉーじん	Go for Gin	noun	ゴーフォージン
ごーふぉーわんど	Go for Wand	noun	ゴーフォーワンド
ごーむりー	Gormley	noun	ゴームリー
ごーもー	Gomo	noun	ゴーモー
ごーらん	Golan	noun	ゴーラン
ごーるおりえんてっど	Goal Oriented	noun	ゴールオリエンテッド
ごーるでんあっぷるず	Golden Apples	noun	ゴールデンアップルズ
ごーるでんあとらくしょん	Golden Attraction	noun	ゴールデンアトラクション
ごーるでんしっくすてぃ	Golden Sixty	noun	ゴールデンシックスティ
ごーるでんすねいく	Golden Snake	noun	ゴールデンスネイク
ごーるでんせんつ	Goldencents	noun	ゴールデンセンツ
ごーるでんちけっと	Golden Ticket	noun	ゴールデンチケット
ごーるでんてんぽ	Golden Tempo	noun	ゴールデンテンポ
ごーるでんとりーと	Golden Treat	noun	ゴールデントリート
ごーるでんどっくえー	Golden Doc A	noun	ゴールデンドックエー
ごーるでんばれえ	Golden Ballet	noun	ゴールデンバレエ
ごーるでんぱる	Golden Pal	noun	ゴールデンパル
ごーるでんふぇざんと	Golden Pheasant	noun	ゴールデンフェザント
ごーるでんぶり	Golden Bri	noun	ゴールデンブリ
ごーるでんほーど	Golden Horde	noun	ゴールデンホード
ごーるでんほーん	Golden Horn	noun	ゴールデンホーン
ごーるでんまいる	Golden Mile	noun	ゴールデンマイル
ごーるでんみさいる	Golden Missile	noun	ゴールデンミサイル
ごーるでんりら	Golden Lilac	noun	ゴールデンリラ
ごーるどえでぃしょん	Gold Edition	noun	ゴールドエディション
ごーるどえーす	Gold Ace	noun	ゴールドエース
ごーるどぐる	Gold Guru	noun	ゴールドグル
ごーるどとりっぷ	Gold Trip	noun	ゴールドトリップ
ごーるどふぁん	Gold-Fun	noun	ゴールドファン
ごーるどふぃーばー	Gold Fever	noun	ゴールドフィーバー
ごーるどふぃーゔぁー	Gold Fever	noun	ゴールドフィーヴァー
ごーるどふぇにっくす	Gold Phoenix	noun	ゴールドフェニックス
ごーるどらっしゅぐる	Goldrush Guru	noun	ゴールドラッシュグル
ごーるどりーむ	Goldream	noun	ゴールドリーム
ごーろけっとらいど	Geaux Rocket Ride	noun	ゴーロケットライド
ごーんうぇすと	Gone West	noun	ゴーンウェスト
ごーんうえすと	Gone West	noun	ゴーンウエスト
さいえだてぃ	Sayyedati	noun	サイエダティ
さいすみっくびゅーてぃ	Seismic Beauty	noun	サイスミックビューティ
さいずみっくびゅーてぃ	Seismic Beauty	noun	サイズミックビューティ
さいとうぃなー	Sight Winner	noun	サイトウィナー
さいとしーく	Sightseek	noun	サイトシーク
さいどぐらんす	Side Glance	noun	サイドグランス
さいばーない	Cyberknife	noun	サイバーナイ
さいばーないふ	Cyberknife	noun	サイバーナイフ
さいふぇあ	Cy Fair	noun	サイフェア
さいふぉにっく	Siphonic	noun	サイフォニック
さいふぉん	Siphon	noun	サイフォン
さいふぉん	Siphon (BRZ)	noun	サイフォン
さいれんとあちーばー	Silent Achiever	noun	サイレントアチーバー
さいれんとあちーゔぁー	Silent Achiever	noun	サイレントアチーヴァー
さいれんとうぃっとねす	Silent Witness	noun	サイレントウィットネス
さいれんとさいず	Silent Sighs	noun	サイレントサイズ
さいれんとせでぃしょん	Silent Sedition	noun	サイレントセディション
さいれんるあー	Siren Lure	noun	サイレンルアー
さいんずおぶぶれっしんぐ	Signs of Blessing	noun	サインズオブブレッシング
さうじくらうん	Saudi Crown	noun	サウジクラウン
さうすおーしゃん	South Ocean	noun	サウスオーシャン
さうすぽーとたいくーん	Southport Tycoon	noun	サウスポートタイクーン
さうんどあくしょん	Sound Action	noun	サウンドアクション
さうんどじあらーむ	Sound The Alarm	noun	サウンドジアラーム
さうんどぷろぽじしょん	Sound Proposition	noun	サウンドプロポジション
さおのわ	Saonois	noun	サオノワ
さおるしぇ	Saoire	noun	サオルシェ
さがみっくす	Sagamix	noun	サガミックス
さがわら	Sagawara	noun	サガワラ
さきー	Sakhee	noun	サキー
さきーずしーくれっと	Sakhee's Secret	noun	サキーズシークレット
さきーずそるじゃー	Sakhees Soldier	noun	サキーズソルジャー
さくそんうぉりあー	Saxon Warrior	noun	サクソンウォリアー
さごら	Zagora	noun	サゴラ
さざんいめーじ	Southern Image	noun	サザンイメージ
さざんすぴーど	Southern Speed	noun	サザンスピード
さざんとるーす	Southern Truce	noun	サザントルース
さざんへいろー	Southern Halo	noun	サザンヘイロー
さざんれじぇんど	Southern Legend	noun	サザンレジェンド
さざんろーど	Southern Lord	noun	サザンロード
さじぇすてぃぶぼーい	Suggestive Boy	noun	サジェスティブボーイ
さじぇすてぃゔぼーい	Suggestive Boy	noun	サジェスティヴボーイ
さじーる	Sajir	noun	サジール
さする	Sasuru	noun	サスル
さっしーいめーじ	Sassy Image	noun	サッシーイメージ
さっち	Thatch	noun	サッチ
さっちんぐ	Thatching	noun	サッチング
さでっくす	Saddex	noun	サデックス
さとるぱわー	Subtle Power	noun	サトルパワー
さとわくいーん	Satwa Queen	noun	サトワクイーン
さどらーずうぇるず	Sadler's Wells	noun	サドラーズウェルズ
さどらーずうえるず	Sadler's Wells	noun	サドラーズウエルズ
さどらーずじょい	Sadler's Joy	noun	サドラーズジョイ
さながす	Sanagas	noun	サナガス
さにーくいーん	Sunny Queen	noun	サニークイーン
さはらすかい	Sahara Sky	noun	サハラスカイ
さばぐりー	Savaglee	noun	サバグリー
さばびーる	Savabeel	noun	サバビール
さばりあ	Savaria	noun	サバリア
さびーくー	Savvy Coup	noun	サビークー
さふろんうぉるでん	Saffron Walden	noun	サフロンウォルデン
さふろんびーち	Saffron Beach	noun	サフロンビーチ
さぶさなどーる	Subsanador	noun	サブサナドール
さぶじぇくてぃびすと	Subjectivist	noun	サブジェクティビスト
さぶじぇくてぃゔぃすと	Subjectivist	noun	サブジェクティヴィスト
さぷらいずさぷらいず	Surprize Surprize	noun	サプライズサプライズ
さぷれざ	Sahpresa	noun	サプレザ
さぼーでぃねーしょん	Subordination	noun	サボーディネーション
さまだうと	Samadoubt	noun	サマダウト
さまれでぃ	Samaready	noun	サマレディ
さまんがん	Samangan	noun	サマンガン
さまーころにー	Summer Colony	noun	サマーコロニー
さまーすこーる	Summer Squall	noun	サマースコール
さまーそわれ	Summer Soiree	noun	サマーソワレ
さまーばーど	Summer Bird	noun	サマーバード
さまーぱっせーじ	Summer Passage	noun	サマーパッセージ
さまーりー	Summerly	noun	サマーリー
さみたー	Samitar	noun	サミター
さむしんぐろいやる	Somethingroyal	noun	サムシングロイヤル
さむずしすたー	Sam's Sister	noun	サムズシスター
さもんど	Summoned	noun	サモンド
さらとがすぷりんぐす	Saratoga Springs	noun	サラトガスプリングス
さらとがでゅー	Saratoga Dew	noun	サラトガデュー
さらば	Sarava	noun	サラバ
さらふぁん	Sarafan	noun	サラファン
さらふぃな	Sarafina	noun	サラフィナ
さらみす	Salamis	noun	サラミス
さらりんくす	Sarah Lynx	noun	サラリンクス
さらゔぁ	Sarava	noun	サラヴァ
さりすか	Sariska	noun	サリスカ
さるさびる	Salsabil	noun	サルサビル
さるす	Salse	noun	サルス
さるとりーそんぐ	Sultry Song	noun	サルトリーソング
さるーとすあみーごす	Salutos Amigos	noun	サルートスアミーゴス
さろみな	Salomina	noun	サロミナ
さんうぇい	Sunway	noun	サンウェイ
さんがっでぃす	Sun Goddess	noun	サンガッディス
さんぐすたー	Sangster	noun	サングスター
さんごっです	Sun Goddess	noun	サンゴッデス
さんしゃいんいんぱり	Sunshine In Paris	noun	サンシャインインパリ
さんしゃいんすとりーと	Sunshine Street	noun	サンシャインストリート
さんしゃっく	Sunshack	noun	サンシャック
さんしりあん	Saint Cyrien	noun	サンシリアン
さんじゅえりー	Sun Jewellery	noun	サンジュエリー
さんすぱんぐるど	Sunspangled	noun	サンスパングルド
さんずおぶまり	Sands of Mali	noun	サンズオブマリ
さんせっとぐろう	Sunset Glow	noun	サンセットグロウ
さんせばすちゃん	San Sebastian	noun	サンセバスチャン
さんたあなれーん	Santa Ana Lane	noun	サンタアナレーン
さんたてれじーた	Santa Teresita	noun	サンタテレジータ
さんたばーばら	Santa Barbara	noun	サンタバーバラ
さんたもにか	Santa Monica	noun	サンタモニカ
さんだりんぐおん	Thundering On	noun	サンダリングオン
さんだりんぐないつ	Thundering Nights	noun	サンダリングナイツ
さんだーがるち	Thunder Gulch	noun	サンダーガルチ
さんだーすのー	Thunder Snow	noun	サンダースノー
さんだーふぁんたじー	Thunder Fantasy	noun	サンダーファンタジー
さんだーむーん	Thunder Moon	noun	サンダームーン
さんだーらんぶる	Thunder Rumble	noun	サンダーランブル
さんてぃあご	Santiago	noun	サンティアゴ
さんてぃん	Santin	noun	サンティン
さんてみりおん	Saint Emilion	noun	サンテミリオン
さんでーさいれんす	Sunday Silence	noun	サンデーサイレンス
さんでーじょい	Sunday Joy	noun	サンデージョイ
さんどすぷりんぐす	Sand Springs	noun	サンドスプリングス
さんどぴっと	Sandpit	noun	サンドピット
さんどまん	Sandman	noun	サンドマン
さんまるこ	Sammarco	noun	サンマルコ
さんらいと	Sunlight	noun	サンライト
さんらいん	Sunline	noun	サンライン
さんりばー	Sunriver	noun	サンリバー
さんりゔぁー	Sunriver	noun	サンリヴァー
さゔぁぐりー	Savaglee	noun	サヴァグリー
さゔぁびーる	Savabeel	noun	サヴァビール
さゔぁりあ	Savaria	noun	サヴァリア
さゔぃーくー	Savvy Coup	noun	サヴィークー
さーあいばー	Sir Ivor	noun	サーアイバー
さーあいゔぁー	Sir Ivor	noun	サーアイヴァー
さーうぃんすとん	Sir Winston	noun	サーウィンストン
さーかすまきします	Circus Maximus	noun	サーカスマキシマス
さーきゅらーきー	Circular Quay	noun	サーキュラーキー
さーきんろっく	Sir Kinloch	noun	サーキンロック
さーくるおぶふぁいあ	Circle of Fire	noun	サークルオブファイア
さーくるおぶふぁいあー	Circle of Fire	noun	サークルオブファイアー
さーくるおぶらいふ	Circle of Life	noun	サークルオブライフ
さーくるずおぶごーるど	Circles of Gold	noun	サークルズオブゴールド
さーしゃあぶー	Saoirse Abu	noun	サーシャアブー
さーしーん	Cercene	noun	サーシーン
さーじぇんとせしる	Sergeant Cecil	noun	サージェントセシル
さーじきゃぱしてぃー	Surge Capacity	noun	サージキャパシティー
さーじょんほーくうっど	Sir John Hawkwood	noun	サージョンホークウッド
さーすりっく	Sir Slick	noun	サースリック
さーちふぉーあそんぐ	Search For A Song	noun	サーチフォーアソング
さーちりざるつ	Search Results	noun	サーチリザルツ
さーてぃふぁい	Certify	noun	サーティファイ
さーでゅら	Sardula	noun	サーデュラ
さーでりうす	Sir Delius	noun	サーデリウス
さーとりすとらむ	Sir Tristram	noun	サートリストラム
さーどらごねっと	Sir Dragonet	noun	サードラゴネット
さーばいぶど	Survived	noun	サーバイブド
さーばいゔど	Survived	noun	サーバイヴド
さーぱーしー	Sir Percy	noun	サーパーシー
さーびー	Survie	noun	サービー
さーふぁーずぱらだいす	Surfers Paradise	noun	サーファーズパラダイス
さーふぇす	Surface	noun	サーフェス
さーふさいど	Surfside	noun	サーフサイド
さーべあー	Sir Bear	noun	サーベアー
さーらん	Sahlan	noun	サーラン
さーゔぁいぶど	Survived	noun	サーヴァイブド
さーゔぁいゔど	Survived	noun	サーヴァイヴド
さーゔぃー	Survie	noun	サーヴィー
ざいだん	Zaidan	noun	ザイダン
ざいんた	Zainta	noun	ザインタ
ざうぃきっどのーす	The Wicked North	noun	ザウィキッドノース
ざうぇいゆーあー	Thewayyouare	noun	ザウェイユーアー
ざおふぁー	The Offer	noun	ザオファー
ざがりあ	Zagalia	noun	ザガリア
ざくぉーたーばっく	The Quarterback	noun	ザクォーターバック
ざくりふずえっじ	The Cliff's Edge	noun	ザクリフズエッジ
ざぐるか	The Gurkha	noun	ザグルカ
ざぐるーむいずれっど	The Groom Is Red	noun	ザグルームイズレッド
ざぐれい	Zagrey	noun	ザグレイ
ざぐれぶ	Zagreb	noun	ザグレブ
ざぐれーぎゃつびー	The Grey Gatsby	noun	ザグレーギャツビー
ざしぇりん	Zacheline	noun	ザシェリン
ざしーくれっとあどばーさりー	Thesecretadversary	noun	ザシークレットアドバーサリー
ざしーくれっとあどゔぁーさりー	Thesecretadversary	noun	ザシークレットアドヴァーサリー
ざじゅえる	The Jewel	noun	ザジュエル
ざずー	Zazu	noun	ザズー
ざちょーずんぶろん	The Chosen Vron	noun	ザチョーズンブロン
ざちょーずんわん	The Chosen One	noun	ザチョーズンワン
ざちょーずんゔろん	The Chosen Vron	noun	ザチョーズンヴロン
ざちょーぜんわん	The Chosen One	noun	ザチョーゼンワン
ざてぃんまん	The Tin Man	noun	ザティンマン
ざでぴゅてぃ	The Deputy	noun	ザデピュティ
ざでゅーく	The Duke	noun	ザデューク
ざなどぅ	Xanadu	noun	ザナドゥ
ざばいと	Zavite	noun	ザバイト
ざばてり	Zavateri	noun	ザバテリ
ざばーみねーたー	The Verminator	noun	ザバーミネーター
ざぱてお	Zapateo	noun	ザパテオ
ざぱーてぃーすたんど	The Party Stand	noun	ザパーティースタンド
ざびあんご	Sabiango	noun	ザビアンゴ
ざびっぐびーすと	The Big Beast	noun	ザビッグビースト
ざびーと	Zabeat	noun	ザビート
ざびーりおねあ	Zabeelionaire	noun	ザビーリオネア
ざびーる	Zabeel	noun	ザビール
ざびーるぷりんす	Zabeel Prince	noun	ザビールプリンス
ざぴっつぁまん	The Pizza Man	noun	ザピッツァマン
ざふぁくたー	The Factor	noun	ザファクター
ざふぁんとむ	The Phantom	noun	ザファントム
ざふぃーん	Zafeen	noun	ザフィーン
ざふぇろー	The Fellow	noun	ザフェロー
ざふぉにっく	Zafonic	noun	ザフォニック
ざふてぃぐ	Zaftig	noun	ザフティグ
ざふゅーぐ	The Fugue	noun	ザフューグ
ざふらーとどばい	Zahrat Dubai	noun	ザフラートドバイ
ざぶれいしぶ	Zabrasive	noun	ザブレイシブ
ざぶれいしゔ	Zabrasive	noun	ザブレイシヴ
ざぷらちなむくいーん	The Platinum Queen	noun	ザプラチナムクイーン
ざへっくらー	The Heckler	noun	ザヘックラー
ざぼすとにあん	The Bostonian	noun	ザボストニアン
ざまいてぃらいおんず	The Mighty Lions	noun	ザマイティライオンズ
ざみっしょん	The Mission	noun	ザミッション
ざみんすとれる	The Minstrel	noun	ザミンストレル
ざみんだー	Zamindar	noun	ザミンダー
ざむーん	Samum	noun	ザムーン
ざめっせーじ	The Message	noun	ザメッセージ
ざゆないてっどすていつ	The United States	noun	ザユナイテッドステイツ
ざゆーじゅあるきゅーてぃー	The Usual Q. T.	noun	ザユージュアルキューティー
ざらいとまん	The Right Man	noun	ザライトマン
ざらいーか	Zalaiyka	noun	ザライーカ
ざらく	Zarak	noun	ザラク
ざらすとらいおん	The Last Lion	noun	ザラストライオン
ざらっく	Zarak	noun	ザラック
ざらんばーがい	The Lumber Guy	noun	ザランバーガイ
ざりがな	Zarigana	noun	ザリガナ
ざるかば	Zarkava	noun	ザルカバ
ざるかゔぁ	Zarkava	noun	ザルカヴァ
ざるどじ	Zardozi	noun	ザルドジ
ざれぶなんと	The Revenant	noun	ザレブナント
ざれゔなんと	The Revenant	noun	ザレヴナント
ざわうしぐなる	The Wow Signal	noun	ザワウシグナル
ざんべじさん	Zambezi Sun	noun	ザンベジサン
ざゔぁいと	Zavite	noun	ザヴァイト
ざゔぁてり	Zavateri	noun	ザヴァテリ
ざゔぁーみねーたー	The Verminator	noun	ザヴァーミネーター
ざーき	Zaaki	noun	ザーキ
ざーどじ	Zardozi	noun	ザードジ
ざーな	Zirna	noun	ザーナ
ざーる	Xaar	noun	ザール
しあとるすむーす	Seattle Smooth	noun	シアトルスムース
しあとるするー	Seattle Slew	noun	シアトルスルー
しあーきんぐすとん	Sheer Kingston	noun	シアーキングストン
しあーどらま	Sheer Drama	noun	シアードラマ
しぇありんぐ	Sharing	noun	シェアリング
しぇあーどあかうんと	Shared Account	noun	シェアードアカウント
しぇあーどびりーふ	Shared Belief	noun	シェアードビリーフ
しぇいかれいか	Sheikha Reika	noun	シェイカレイカ
しぇいきんいっとあっぷ	Shakin It Up	noun	シェイキンイットアップ
しぇいくあるばどぅ	Sheikh Albadou	noun	シェイクアルバドゥ
しぇいくざいーどろーど	Sheikhzayedroad	noun	シェイクザイードロード
しぇいくざよーく	Shake The Yoke	noun	シェイクザヨーク
しぇいくすぴあ	Shakespeare	noun	シェイクスピア
しぇいびあん	Shavian	noun	シェイビアン
しぇいますあわーど	Shamus Award	noun	シェイマスアワード
しぇいむ	Shame	noun	シェイム
しぇいゔぃあん	Shavian	noun	シェイヴィアン
しぇずしんせーしょなる	Shez Sinsational	noun	シェズシンセーショナル
しぇなにがんず	Shenanigans	noun	シェナニガンズ
しぇにーる	Chenille	noun	シェニール
しぇぴえーる	Chez Pierre	noun	シェピエール
しぇるびーしっくすてぃしっくす	Shelby Sixtysix	noun	シェルビーシックスティシックス
しぇーる	Shale	noun	シェール
しえらすー	Sierra Sue	noun	シエラスー
しえられおーね	Sierra Leone	noun	シエラレオーネ
しがー	Cigar	noun	シガー
しぐにふぁい	Signify	noun	シグニファイ
ししーだるざす	Sicy d'Alsace	noun	シシーダルザス
しすきん	Siskin	noun	シスキン
しすしてぃ	Sis City	noun	シスシティ
しすたーあくと	Sister Act	noun	シスターアクト
しすたーちゃーりー	Sistercharlie	noun	シスターチャーリー
しすとろん	Cistron	noun	シストロン
しすふぁはん	Sisfahan	noun	シスファハン
しするくらっく	Thistlecrack	noun	シスルクラック
しず	Shizu	noun	シズ
しずりんぐ	Sizzling	noun	シズリング
しそすぱいしー	Shisospicy	noun	シソスパイシー
しちずんぶる	Citizen Bull	noun	シチズンブル
しっくすてぃせかんず	Sixty Seconds	noun	シックスティセカンズ
しっくすてぃーずあいこん	Sixties Icon	noun	シックスティーズアイコン
しっくすぱーふぇくしょんず	Six Perfections	noun	シックスパーフェクションズ
しっぴかんはーばー	Sippican Harbor	noun	シッピカンハーバー
してぃおぶとろい	City Of Troy	noun	シティオブトロイ
してぃおぶらいと	City of Light	noun	シティオブライト
してぃじっぷ	City Zip	noun	シティジップ
してぃすけーぷ	Cityscape	noun	シティスケープ
してぃばんかー	City Banker	noun	シティバンカー
してぃばんど	City Band	noun	シティバンド
してぃーばんかー	City Banker	noun	シティーバンカー
しとろねいど	Citronnade	noun	シトロネイド
しどにーずきゃんでぃ	Sidney's Candy	noun	シドニーズキャンディ
しにすたーみにすたー	Sinister Minister	noun	シニスターミニスター
しばいあん	Sibayan	noun	シバイアン
しばやん	Sibayan	noun	シバヤン
しむかみる	Simca Mille	noun	シムカミル
しゃいだーりんぐ	Shy Darling	noun	シャイダーリング
しゃいでる	Sheidel	noun	シャイデル
しゃいにんぐえなじー	Shining Energy	noun	シャイニングエナジー
しゃいんあげいん	Shine Again	noun	シャインアゲイン
しゃか	Shaka	noun	シャカ
しゃきーる	Shakeel	noun	シャキール
しゃきーる	Shaquille	noun	シャキール
しゃだいーど	Shadayid	noun	シャダイード
しゃっくるふぉーど	Shackleford	noun	シャックルフォード
しゃでぃー	Shadea	noun	シャディー
しゃとぅーしゅ	Shahtoush	noun	シャトゥーシュ
しゃとーくあ	Chautauqua	noun	シャトークア
しゃどうおぶらいと	Shadow of Light	noun	シャドウオブライト
しゃどうきゃすと	Shadow Cast	noun	シャドウキャスト
しゃどうずいんざさん	Shadows in the Sun	noun	シャドウズインザサン
しゃどうずきゃすと	Shadows Cast	noun	シャドウズキャスト
しゃどうひーろー	Shadow Hero	noun	シャドウヒーロー
しゃどーひーろー	Shadow Hero	noun	シャドーヒーロー
しゃふつべりーあべにゅー	Shaftesbury Avenue	noun	シャフツベリーアベニュー
しゃふつべりーあゔぇにゅー	Shaftesbury Avenue	noun	シャフツベリーアヴェニュー
しゃまるうぃんど	Shamal Wind	noun	シャマルウィンド
しゃまるがん	Shamalgan	noun	シャマルガン
しゃまるだる	Shamardal	noun	シャマルダル
しゃまーだる	Shamardal	noun	シャマーダル
しゃむえくすぷれす	Shamexpress	noun	シャムエクスプレス
しゃむだーら	Shamdala	noun	シャムダーラ
しゃむでぃなん	Shamdinan	noun	シャムディナン
しゃむろっかー	Shamrocker	noun	シャムロッカー
しゃむろっくろーず	Shamrock Rose	noun	シャムロックローズ
しゃめか	Shamekha	noun	シャメカ
しゃらなや	Shalanaya	noun	シャラナヤ
しゃらー	Shalaa	noun	シャラー
しゃるでぃーん	Chaldean	noun	シャルディーン
しゃるとりゅー	Chartreux	noun	シャルトリュー
しゃるばすてぃ	Sharvasti	noun	シャルバスティ
しゃるゔぁすてぃ	Sharvasti	noun	シャルヴァスティ
しゃれーた	Shareta	noun	シャレータ
しゃろん	Charon	noun	シャロン
しゃわんだ	Shawanda	noun	シャワンダ
しゃんさずちょいす	Shantha's Choice	noun	シャンサズチョイス
しゃんぜりぜ	Champs Elysees	noun	シャンゼリゼ
しゃんたずちょいす	Shantha's Choice	noun	シャンタズチョイス
しゃんてぃさーら	Shantisara	noun	シャンティサーラ
しゃんとぅ	Shantou	noun	シャントゥ
しゃんとう	Shantou	noun	シャントウ
しゃんはいぼびー	Shanghai Bobby	noun	シャンハイボビー
しゃんぱん	Champagne	noun	シャンパン
しゃんぱんどーろ	Champagne d'Oro	noun	シャンパンドーロ
しゃんぱんるーむ	Champagne Room	noun	シャンパンルーム
しゃんぺるぜりーぜ	Champers Elysees	noun	シャンペルゼリーゼ
しゃーぷあすてか	Sharp Azteca	noun	シャープアステカ
しゃーぷきゃっと	Sharp Cat	noun	シャープキャット
しゃーぷりさ	Sharp Lisa	noun	シャープリサ
しゃーぷんすまーと	Sharp 'N' Smart	noun	シャープンスマート
しゃーぺんあっぷ	Sharpen Up	noun	シャーペンアップ
しゃーまんごーすと	Shaman Ghost	noun	シャーマンゴースト
しゃーまんごーすと	Sharman Ghost	noun	シャーマンゴースト
しゃーみっと	Shaamit	noun	シャーミット
しゃーもんと	Charmont	noun	シャーモント
しゃーらたん	Charlatan	noun	シャーラタン
しゃーられい	Sharla Rae	noun	シャーラレイ
しゃーりーはいつ	Shirley Heights	noun	シャーリーハイツ
しゃーるずすぱいと	Shirl's Speight	noun	シャールズスパイト
しやらふぃな	Siyarafina	noun	シヤラフィナ
しゅか	Shuka	noun	シュカ
しゅたいんれん	Steinlen	noun	シュタインレン
しゅてるんけーにっひ	Sternkonig	noun	シュテルンケーニッヒ
しゅばるぼらんと	Cheval Volant	noun	シュバルボラント
しゅばるゔぉらんと	Cheval Volant	noun	シュバルヴォラント
しゅらおー	Shraaoh	noun	シュラオー
しゅれどざなー	Shred the Gnar	noun	シュレドザナー
しゅわるつ	Schwarz	noun	シュワルツ
しゅゔぁるぼらんと	Cheval Volant	noun	シュヴァルボラント
しゅゔぁるゔぉらんと	Cheval Volant	noun	シュヴァルヴォラント
しゅーてぃんぐとぅうぃん	Shooting to Win	noun	シューティングトゥウィン
しゅーとあうと	Shoot Out	noun	シュートアウト
しゅーとおふ	Shootoff	noun	シュートオフ
しゆーに	Siyouni	noun	シユーニ
しゆーま	Siyouma	noun	シユーマ
しょすばーぐ	Schossberg	noun	ショスバーグ
しょっきんぐ	Shocking	noun	ショッキング
しょっとおぶさんだー	Shot Of Thunder	noun	ショットオブサンダー
しょろこふ	Sholokhov	noun	ショロコフ
しょろこぶ	Sholokhov	noun	ショロコブ
しょろこゔ	Sholokhov	noun	ショロコヴ
しょわじゃ	Choisya	noun	ショワジャ
しょわじーる	Choisir	noun	ショワジール
しょーあはーと	Show A Heart	noun	ショーアハート
しょーいんぐあっぷ	Showing Up	noun	ショーイングアップ
しょーぐんろっじ	Shogun Lodge	noun	ショーグンロッジ
しょーけーしんぐ	Showcasing	noun	ショーケーシング
しょーるず	Shoals	noun	ショールズ
しらうぃ	Silawi	noun	シラウィ
しらざまたず	Shirazamatazz	noun	シラザマタズ
しらそる	Silasol	noun	シラソル
しりあすあてぃてゅーど	Serious Attitude	noun	シリアスアティテュード
しりうぇい	Sealiway	noun	シリウェイ
しりうす	Sirius	noun	シリウス
しりっく	Silic	noun	シリック
しりゅすでぜーぐる	Cirrus des Aigles	noun	シリュスデゼーグル
しりんだー	Cylinder	noun	シリンダー
しるかずしすたー	Silca's Sister	noun	シルカズシスター
しるしら	Sil Sila	noun	シルシラ
しるばーうぇーぶ	Silverwave	noun	シルバーウェーブ
しるばーうぇーゔ	Silverwave	noun	シルバーウェーヴ
しるばーえんでぃんぐ	Silver Ending	noun	シルバーエンディング
しるばーすてーと	Silver State	noun	シルバーステート
しるばーちゃーむ	Silver Charm	noun	シルバーチャーム
しるばーでぴゅてぃ	Silver Deputy	noun	シルバーデピュティ
しるばーとれいん	Silver Train	noun	シルバートレイン
しるばーの	Silvano	noun	シルバーノ
しるばーぱとりあーく	Silver Patriarch	noun	シルバーパトリアーク
しるばーふろすと	Silver Frost	noun	シルバーフロスト
しるばーぶれっとでい	Silverbulletday	noun	シルバーブレットデイ
しるばーまっくす	Silver Max	noun	シルバーマックス
しるばーめいでん	Silver Maiden	noun	シルバーメイデン
しるばーわごん	Silver Wagon	noun	シルバーワゴン
しるゔぁーうぇーぶ	Silverwave	noun	シルヴァーウェーブ
しるゔぁーうぇーゔ	Silverwave	noun	シルヴァーウェーヴ
しるゔぁーえんでぃんぐ	Silver Ending	noun	シルヴァーエンディング
しるゔぁーすてーと	Silver State	noun	シルヴァーステート
しるゔぁーちゃーむ	Silver Charm	noun	シルヴァーチャーム
しるゔぁーでぴゅてぃ	Silver Deputy	noun	シルヴァーデピュティ
しるゔぁーとれいん	Silver Train	noun	シルヴァートレイン
しるゔぁーの	Silvano	noun	シルヴァーノ
しるゔぁーぱとりあーく	Silver Patriarch	noun	シルヴァーパトリアーク
しるゔぁーふろすと	Silver Frost	noun	シルヴァーフロスト
しるゔぁーぶれっとでい	Silverbulletday	noun	シルヴァーブレットデイ
しるゔぁーまっくす	Silver Max	noun	シルヴァーマックス
しるゔぁーめいでん	Silver Maiden	noun	シルヴァーメイデン
しるゔぁーわごん	Silver Wagon	noun	シルヴァーワゴン
しれーりー	Shillelagh	noun	シレーリー
しろっこ	Shirocco	noun	シロッコ
しろぷらくたー	Chiropractor	noun	シロプラクター
しんぎんぐざぶるーす	Singing The Blues	noun	シンギングザブルース
しんくあばうといっと	Think About It	noun	シンクアバウトイット
しんくいっとおーばー	Think It Over	noun	シンクイットオーバー
しんくいっとおーゔぁー	Think It Over	noun	シンクイットオーヴァー
しんくろないずど	Synchronised	noun	シンクロナイズド
しんくーせんと	Cinque Cento	noun	シンクーセント
しんぐすちぇんじ	Things Change	noun	シングスチェンジ
しんぐすぴーる	Singspiel	noun	シングスピール
しんぐるえんぱいあ	Single Empire	noun	シングルエンパイア
しんぐるげいず	Single Gaze	noun	シングルゲイズ
しんぐるたりー	Singletary	noun	シングルタリー
しんぞ	Shinzo	noun	シンゾ
しんだー	Sinndar	noun	シンダー
しんてぃろ	Scintillo	noun	シンティロ
しんでぃぐ	Shindig	noun	シンディグ
しんでぃずひーろー	Cindy's Hero	noun	シンディズヒーロー
しんでれらずどりーむ	Cinderella's Dream	noun	シンデレラズドリーム
しんはりーず	Singhalese	noun	シンハリーズ
しんぷりーいんふろんと	Simply in Front	noun	シンプリーインフロント
しんぷりーぱーふぇくと	Simply Perfect	noun	シンプリーパーフェクト
しんぷりーらびしんぐ	Simply Ravishing	noun	シンプリーラビシング
しんぷりーらゔぃしんぐ	Simply Ravishing	noun	シンプリーラヴィシング
しんぷるばーす	Simple Verse	noun	シンプルバース
しんぷるゔぁーす	Simple Verse	noun	シンプルヴァース
しーうぃるれいん	She Will Reign	noun	シーウィルレイン
しーえすしるく	C.S. Silk	noun	シーエスシルク
しーおぶくらす	Sea of Class	noun	シーオブクラス
しーかりし	Sea Calisi	noun	シーカリシ
しーきんぐざごーるど	Seeking the Gold	noun	シーキングザゴールド
しーきんぐざそうる	Seeking the Soul	noun	シーキングザソウル
しーくあげいん	Seek Again	noun	シークアゲイン
しーくごーるど	Seek Gold	noun	シークゴールド
しーくれっとあじぇんだ	Secret Agenda	noun	シークレットアジェンダ
しーくれっとおーす	Secret Oath	noun	シークレットオース
しーくれっとこんぱす	Secret Compass	noun	シークレットコンパス
しーくれっとさーくる	Secret Circle	noun	シークレットサークル
しーくれっとすてーたす	Secret Status	noun	シークレットステータス
しーくれっとすぱいす	Secret Spice	noun	シークレットスパイス
しーさいどあとらくしょん	Seaside Attraction	noun	シーサイドアトラクション
しーさいれん	Sea Siren	noun	シーサイレン
しーざありばい	Sheza Alibi	noun	シーザアリバイ
しーざすたーず	Sea The Stars	noun	シーザスターズ
しーざべるたー	Sheeza Belter	noun	シーザベルター
しーざむーん	Sea The Moon	noun	シーザムーン
しーざー	Caesour	noun	シーザー
しーしるくろーど	Sea Silk Road	noun	シーシルクロード
しーしー	Ce Ce	noun	シーシー
しーすけい	Seascay	noun	シースケイ
しーずあじゅりー	She's a Julie	noun	シーズアジュリー
しーずあたいがー	She's a Tiger	noun	シーズアタイガー
しーずえくすとりーむ	She's Extreme	noun	シーズエクストリーム
しーずざぐれい	Seize the Grey	noun	シーズザグレイ
しーずざでい	Seize The Day	noun	シーズザデイ
しーずんずぶるーむ	Seasons Bloom	noun	シーズンズブルーム
しーちぇんじ	Seachange	noun	シーチェンジ
しーであずざでびる	Shedaresthedevil	noun	シーデアズザデビル
しーであずざでゔぃる	Shedaresthedevil	noun	シーデアズザデヴィル
しーにっくしょっと	Scenic Shot	noun	シーニックショット
しーにっくぴーく	Scenic Peak	noun	シーニックピーク
しーにっくぶらすと	Scenic Blast	noun	シーニックブラスト
しーひーろー	Sea Hero	noun	シーヒーロー
しーびーわいるど	She Be Wild	noun	シービーワイルド
しーふぃーるずぷりてぃ	She Feels Pretty	noun	シーフィールズプリティ
しーぶるっく	Seabrook	noun	シーブルック
しーゆーすーん	See You Soon	noun	シーユースーン
しーらろーざ	Sea La Rosa	noun	シーラローザ
しーりんぐくらっしゃー	Ceiling Crusher	noun	シーリングクラッシャー
しーるおぶあぷるーばる	Seal of Approval	noun	シールオブアプルーバル
しーるおぶあぷるーゔぁる	Seal of Approval	noun	シールオブアプルーヴァル
しーろ	Ciro	noun	シーロ
しーんあべりー	Sean Avery	noun	シーンアベリー
しーんあゔぇりー	Sean Avery	noun	シーンアヴェリー
じあべろっと	Giavellotto	noun	ジアベロット
じあゔぇろっと	Giavellotto	noun	ジアヴェロット
じぇいうぉーく	Jaywalk	noun	ジェイウォーク
じぇいじぇいざじぇっとぷれーん	J J the Jet Plane	noun	ジェイジェイザジェットプレーン
じぇざべる	Jezabeel	noun	ジェザベル
じぇしかいずばっく	Jessica Is Back	noun	ジェシカイズバック
じぇしかびーる	Jessicabeel	noun	ジェシカビール
じぇっとせってぃんぐ	Jet Setting	noun	ジェットセッティング
じぇっとますたー	Jet Master	noun	ジェットマスター
じぇねらす	Generous	noun	ジェネラス
じぇねらるくぉーたーず	General Quarters	noun	ジェネラルクォーターズ
じぇねらるちゃれんじ	General Challenge	noun	ジェネラルチャレンジ
じぇねらるねでぃむ	General Nediym	noun	ジェネラルネディム
じぇもろじすと	Gemologist	noun	ジェモロジスト
じぇらにも	Jeranimo	noun	ジェラニモ
じぇり	Geri	noun	ジェリ
じぇるまんす	Germance	noun	ジェルマンス
じぇんとるうぇーぶ	Gentlewave	noun	ジェントルウェーブ
じぇんとるうぇーゔ	Gentlewave	noun	ジェントルウェーヴ
じぇんとるめん	Gentlemen (ARG)	noun	ジェントルメン
じぇーびーずさんだー	J. B.'s Thunder	noun	ジェービーズサンダー
じおふら	Giofra	noun	ジオフラ
じおぽんてぃ	Gio Ponti	noun	ジオポンティ
じおーたむさん	The Autumn Sun	noun	ジオータムサン
じぐそー	Jigsaw	noun	ジグソー
じするばーど	Thistle Bird	noun	ジスルバード
じたーのえるなんど	Gitano Hernando	noun	ジターノエルナンド
じっぴんぐ	Zipping	noun	ジッピング
じぷしーごっです	Gypsy Goddess	noun	ジプシーゴッデス
じぷしーずうぉーにんぐ	Gypsy's Warning	noun	ジプシーズウォーニング
じぺっさ	Zipessa	noun	ジペッサ
じみーくりーど	Jimmy Creed	noun	ジミークリード
じみーしゅー	Jimmy Choux	noun	ジミーシュー
じみーずすたー	Jimmysstar	noun	ジミーズスター
じむあんどとにっく	Jim and Tonic	noun	ジムアンドトニック
じむかるー	Jymcarew	noun	ジムカルー
じゃいあんつこーずうぇい	Giant's Causeway	noun	ジャイアンツコーズウェイ
じゃいあんとおーく	Giant Oak	noun	ジャイアントオーク
じゃいあんととれじゃー	Giant Treasure	noun	ジャイアントトレジャー
じゃいあんとらいあん	Giant Ryan	noun	ジャイアントライアン
じゃいしーと	Jaycito	noun	ジャイシート
じゃいじすたー	Gygistar	noun	ジャイジスター
じゃきの	Jacquinot	noun	ジャキノ
じゃくそんべんど	Jackson Bend	noun	ジャクソンベンド
じゃぐらー	Juggler	noun	ジャグラー
じゃこうぃるず	Jacowils	noun	ジャコウィルズ
じゃこも	Giacomo	noun	ジャコモ
じゃじーる	Jazil	noun	ジャジール
じゃすたたっど	Justa Tad	noun	ジャスタタッド
じゃすてぃふぁい	Justify	noun	ジャスティファイ
じゃすてぃんふぃりっぷ	Justin Phillip	noun	ジャスティンフィリップ
じゃすとえふわいあい	Just F Y I	noun	ジャストエフワイアイ
じゃすとざじゃっじ	Just The Judge	noun	ジャストザジャッジ
じゃすとふぁいん	Just Fine	noun	ジャストファイン
じゃすとわんたいむ	Just One Time	noun	ジャストワンタイム
じゃっかるべりー	Jakkalberry	noun	ジャッカルベリー
じゃっきーずうぉりあー	Jackie's Warrior	noun	ジャッキーズウォリアー
じゃっくくりすとふぁー	Jack Christopher	noun	ジャッククリストファー
じゃっくほぶす	Jack Hobbs	noun	ジャックホブス
じゃっくみるとん	Jack Milton	noun	ジャックミルトン
じゃねっと	Janet	noun	ジャネット
じゃばずうぉー	Java's War	noun	ジャバズウォー
じゃぱん	Japan	noun	ジャパン
じゃぽにすむ	Japonisme	noun	ジャポニスム
じゃめか	Jameka	noun	ジャメカ
じゃらっど	Jallad	noun	ジャラッド
じゃんぐるきゃっと	Jungle Cat	noun	ジャングルキャット
じゃんぐるまぐねーと	Jungle Magnate	noun	ジャングルマグネート
じゃんぐるろけっと	Jungle Rocket	noun	ジャングルロケット
じゃんなろーず	Jannah Rose	noun	ジャンナローズ
じゃんばらや	Jambalaya	noun	ジャンバラヤ
じゃゔぁずうぉー	Java's War	noun	ジャヴァズウォー
じゃーじーがーる	Jersey Girl	noun	ジャージーガール
じゃーじーたうん	Jersey Town	noun	ジャージータウン
じゃーにー	Journey	noun	ジャーニー
じゃーまにー	Germany	noun	ジャーマニー
じゅえるぷりんせす	Jewel Princess	noun	ジュエルプリンセス
じゅこば	Zhukova	noun	ジュコバ
じゅこゔぁ	Zhukova	noun	ジュコヴァ
じゅじゅずまっぷ	Juju's Map	noun	ジュジュズマップ
じゅぜっぴーな	Guiseppina	noun	ジュゼッピーナ
じゅでぃざびゅーてぃー	Judy the Beauty	noun	ジュディザビューティー
じゅべにあ	Juvenia	noun	ジュベニア
じゅまいえる	Jemayel	noun	ジュマイエル
じゅりあーに	Guiliani	noun	ジュリアーニ
じゅりえっとふぉっくすとろっと	Juliet Foxtrot	noun	ジュリエットフォックストロット
じゅりんすきーぷりんす	Julinsky Prince	noun	ジュリンスキープリンス
じゅわら	Jwala	noun	ジュワラ
じゅんこ	Junko	noun	ジュンコ
じゅゔぇにあ	Juvenia	noun	ジュヴェニア
じゅーくぼっくすじゅありー	Jukebox Jury	noun	ジュークボックスジュアリー
じゅーす	Juice	noun	ジュース
じゅーるず	Jules	noun	ジュールズ
じゅーん	Jeune	noun	ジューン
じゅーんきんぐぷろーん	Jeune King Prawn	noun	ジューンキングプローン
じょいあんどふぁん	Joy And Fun	noun	ジョイアンドファン
じょいふるうぃなー	Joyful Winner	noun	ジョイフルウィナー
じょいふるびくとりー	Joyful Victory	noun	ジョイフルビクトリー
じょいふるゔぃくとりー	Joyful Victory	noun	ジョイフルヴィクトリー
じょしゅあつりー	Joshua Tree	noun	ジョシュアツリー
じょする	Jostle	noun	ジョスル
じょにーいぶす	Johnny Eves	noun	ジョニーイブス
じょにーいゔす	Johnny Eves	noun	ジョニーイヴス
じょにーべあー	Johnny Bear	noun	ジョニーベアー
じょは	Joha	noun	ジョハ
じょはなうぉるしゅ	Johanna Walsh	noun	ジョハナウォルシュ
じょはー	Johar	noun	ジョハー
じょばな	Giovana	noun	ジョバナ
じょりふぁ	Jolypha	noun	ジョリファ
じょりーすたー	Joliestar	noun	ジョリースター
じょりーずへいろー	Jolie's Halo	noun	ジョリーズヘイロー
じょわいゆだんすーる	Joyeux Danseur	noun	ジョワイユダンスール
じょわでにーす	Joie Denise	noun	ジョワデニース
じょんすのー	Jon Snow	noun	ジョンスノー
じょんずこーる	John's Call	noun	ジョンズコール
じょゔぁな	Giovana	noun	ジョヴァナ
じょーいふらんこ	Joey Franco	noun	ジョーイフランコ
じょーかーずわいるど	Jokers Wild	noun	ジョーカーズワイルド
じょーきんぐ	Joking	noun	ジョーキング
じょーじばんくーばー	George Vancouver	noun	ジョージバンクーバー
じょーじばんくーゔぁー	George Vancouver	noun	ジョージバンクーヴァー
じょーじわしんとん	George Washington	noun	ジョージワシントン
じょーじゔぁんくーばー	George Vancouver	noun	ジョージヴァンクーバー
じょーじゔぁんくーゔぁー	George Vancouver	noun	ジョージヴァンクーヴァー
じょーじーぼーい	Georgie Boy	noun	ジョージーボーイ
じょーふー	Joe Who	noun	ジョーフー
じょーんおぶあーく	Joan Of Arc	noun	ジョーンオブアーク
じるばぶ	Jilbab	noun	ジルバブ
じれか	Gyreka	noun	ジレカ
じろらも	Girolamo	noun	ジロラモ
じんじゃーなっつ	Gingernuts	noun	ジンジャーナッツ
じんじゃーぱんち	Ginger Punch	noun	ジンジャーパンチ
じんじん	Gin Gin	noun	ジンジン
じーあいじぇーん	Gee I Jane	noun	ジーアイジェーン
じーおーるどふるーじー	Thee Auld Floozie	noun	ジーオールドフルージー
じーじーずみすとぅるーす	Geegees Mistruth	noun	ジージーズミストゥルース
じーじーとっぷ	Zee Zee Top	noun	ジージートップ
じーなろまんてぃか	Gina Romantica	noun	ジーナロマンティカ
じーふぉーす	G Force	noun	ジーフォース
すあびと	Suavito	noun	スアビト
すあんせす	Suances	noun	スアンセス
すあゔぃと	Suavito	noun	スアヴィト
すあーぶだんさー	Suave Dancer	noun	スアーブダンサー
すあーゔだんさー	Suave Dancer	noun	スアーヴダンサー
すいすえーす	Swiss Ace	noun	スイスエース
すいすすかいだいばー	Swiss Skydiver	noun	スイススカイダイバー
すいすすかいだいゔぁー	Swiss Skydiver	noun	スイススカイダイヴァー
すいすよーでらー	Swiss Yodeler	noun	スイスヨーデラー
すいっち	Switch	noun	スイッチ
すいっつぁらんど	Switzerland	noun	スイッツァランド
すいーとあずてか	Sweet Azteca	noun	スイートアズテカ
すうぃふとてんぱー	Swift Temper	noun	スウィフトテンパー
すうぃーとあいであ	Sweet Idea	noun	スウィートアイデア
すうぃーとおれんじ	Sweet Orange	noun	スウィートオレンジ
すうぃーときゃとまいん	Sweet Catomine	noun	スウィートキャトマイン
すうぃーとしんふぉにー	Sweet Symphony	noun	スウィートシンフォニー
すうぃーとすとりーむ	Sweet Stream	noun	スウィートストリーム
すうぃーととーかー	Sweet Talker	noun	スウィートトーカー
すうぃーとりたーん	Sweet Return	noun	スウィートリターン
すうぃーとりーずん	Sweet Reason	noun	スウィートリーズン
すうぃーとるる	Sweet Lulu	noun	スウィートルル
すうぃーとろれった	Sweet Loretta	noun	スウィートロレッタ
すうぇいん	Swain	noun	スウェイン
すうぇぷとおーばーぼーど	Swept Overboard	noun	スウェプトオーバーボード
すうぇぷとおーゔぁーぼーど	Swept Overboard	noun	スウェプトオーヴァーボード
すえどわ	Suedois	noun	スエドワ
すかいかどる	Sky Cuddle	noun	スカイカドル
すかいくらしっく	Sky Classic	noun	スカイクラシック
すかいこんからー	Sky Conqueror	noun	スカイコンカラー
すかいじゃっく	Sky Jack	noun	スカイジャック
すかいでぃーば	Sky Diva	noun	スカイディーバ
すかいでぃーゔぁ	Sky Diva	noun	スカイディーヴァ
すかいはいつ	Sky Heights	noun	スカイハイツ
すかいばーど	Skybird	noun	スカイバード
すかいびゅーてぃ	Sky Beauty	noun	スカイビューティ
すかいびゅーてぃー	Sky Beauty	noun	スカイビューティー
すかいふぃーるど	Sky Field	noun	スカイフィールド
すかいめさ	Sky Mesa	noun	スカイメサ
すかいらんたん	Sky Lantern	noun	スカイランタン
すかっふるばーぐ	Scuffleburg	noun	スカッフルバーグ
すかれてぃ	Skalleti	noun	スカレティ
すかろ	Scalo	noun	スカロ
すかんじなびあ	Scandinavia	noun	スカンジナビア
すかんじなゔぃあ	Scandinavia	noun	スカンジナヴィア
すかーれっとれでぃ	Scarlett Lady	noun	スカーレットレディ
すきあぱれっり	Schiaparelli	noun	スキアパレッリ
すきったーすきゃったー	Skitter Scatter	noun	スキッタースキャッター
すきっぴーろんぐすとっきんぐ	Skippylongstocking	noun	スキッピーロングストッキング
すきっぷあうぇい	Skip Away	noun	スキップアウェイ
すきみんぐ	Skimming	noun	スキミング
すきゃっとだでぃ	Scat Daddy	noun	スキャットダディ
すきゃぱれり	Schiaparelli	noun	スキャパレリ
すきゃん	Scan	noun	スキャン
すきゅら	Scylla	noun	スキュラ
すきゅーうぃふ	Skew Wiff	noun	スキューウィフ
すきるど	Skilled	noun	スキルド
すくうぃーく	Squeak	noun	スクウィーク
すくえあえでぃー	Square Eddie	noun	スクエアエディー
すくわーとるすくわーと	Squirtle Squirt	noun	スクワートルスクワート
すけーてぃんぐ	Skating	noun	スケーティング
すけーるずおぶじゃすてぃす	Scales of Justice	noun	スケールズオブジャスティス
すこてぃっしゅらっしー	Scottish Lassie	noun	スコティッシュラッシー
すこるしーちゃんぷ	Scorthy Champ	noun	スコルシーチャンプ
すこーぴおん	Scorpion	noun	スコーピオン
すこーぷ	Scope	noun	スコープ
すたいるばんどーむ	Style Vendome	noun	スタイルバンドーム
すたいるゔぁんどーむ	Style Vendome	noun	スタイルヴァンドーム
すたいんべっく	Steinbeck	noun	スタインベック
すたいんれん	Steinlen	noun	スタインレン
すたせりた	Stacelita	noun	スタセリタ
すたでぃおぶまん	Study Of Man	noun	スタディオブマン
すたりーん	Starine	noun	スタリーン
すたんどとぅげいん	Stand to Gain	noun	スタンドトゥゲイン
すたーうぃっとねす	Star Witness	noun	スターウィットネス
すたーおぶせびる	Star Of Seville	noun	スターオブセビル
すたーおぶせゔぃる	Star Of Seville	noun	スターオブセヴィル
すたーおーばーざべい	Star Over the Bay	noun	スターオーバーザベイ
すたーおーゔぁーざべい	Star Over the Bay	noun	スターオーヴァーザベイ
すたーきゃっちゃー	Star Catcher	noun	スターキャッチャー
すたーきんぐだむ	Star Kingdom	noun	スターキングダム
すたーくこんとらすと	Stark Contrast	noun	スタークコントラスト
すたーくらふと	Starcraft	noun	スタークラフト
すたーこべっと	Star Covet	noun	スターコベット
すたーこゔぇっと	Star Covet	noun	スターコヴェット
すたーしっぷじゅびりー	Starship Jubilee	noun	スターシップジュビリー
すたーしっぷとらっふるず	Starship Truffles	noun	スターシップトラッフルズ
すたーしらーず	Star Shiraz	noun	スターシラーズ
すたーすたんだーど	Star Standard	noun	スタースタンダード
すたーすぱんぐるどばなー	Starspangledbanner	noun	スタースパングルドバナー
すたーたっく	Startac	noun	スタータック
すたーたんてす	Startantes	noun	スタータンテス
すたーだむばうんど	Stardom Bound	noun	スターダムバウンド
すたーだんさー	Star Dancer	noun	スターダンサー
すたーとわんだりんぐ	Start Wondering	noun	スタートワンダリング
すたーどれでぃあん	Star de Lady Ann	noun	スタードレディアン
すたーぱれーど	Star Parade	noun	スターパレード
すたーびりんぐ	Star Billing	noun	スタービリング
すたーぼろー	Starborough	noun	スターボロー
すたーまん	Starman	noun	スターマン
すたーらすと	Starlust	noun	スターラスト
すたーらー	Starrer	noun	スターラー
すだーか	Sudurka	noun	スダーカ
すつーか	Stuka	noun	スツーカ
すてぃれっとぼーい	Stilleto Boy	noun	スティレットボーイ
すてぃれとぼーい	Stilleto Boy	noun	スティレトボーイ
すてぃーびーわんだーぼーい	Stevie Wonderboy	noun	スティービーワンダーボーイ
すてぃーぶんごっといーぶん	Stephen Got Even	noun	スティーブンゴットイーブン
すてぃーぶんごっといーゔん	Stephen Got Even	noun	スティーブンゴットイーヴン
すてぃーゔぃーわんだーぼーい	Stevie Wonderboy	noun	スティーヴィーワンダーボーイ
すていいんさいど	Stay Inside	noun	ステイインサイド
すていうぃずみー	Stay With Me	noun	ステイウィズミー
すていさーすてぃ	Stay Thirsty	noun	ステイサースティ
すていとまん	State Man	noun	ステイトマン
すてっぷすいんたいむ	Steps in Time	noun	ステップスインタイム
すてふぁにーずきとぅん	Stephanie's Kitten	noun	ステファニーズキトゥン
すてふぃまぐねてぃか	Stefi Magnetica	noun	ステフィマグネティカ
すてゅーでんとかうんしる	Student Council	noun	ステューデントカウンシル
すてらまどりっど	Stella Madrid	noun	ステラマドリッド
すてらーうぃんど	Stellar Wind	noun	ステラーウィンド
すてらーういんど	Stellar Wind	noun	ステラーウインド
すてらーじぇーん	Stellar Jayne	noun	ステラージェーン
すてーじくらふと	Stagecraft	noun	ステージクラフト
すてーとおぶれすと	State Of Rest	noun	ステートオブレスト
すてーとたーじ	State Taj	noun	ステートタージ
すてーとまん	State Man	noun	ステートマン
すてーとりーびくたー	Stately Victor	noun	ステートリービクター
すてーとりーゔぃくたー	Stately Victor	noun	ステートリーヴィクター
すでぃるまん	Sudirman	noun	スディルマン
すとぅるんだんす	Stolen Dance	noun	ストゥルンダンス
すとっぷちゃーじんぐまりあ	Stopchargingmaria	noun	ストップチャージングマリア
すとっぷとらふぃっく	Stop Traffic	noun	ストップトラフィック
すとらいくざごーるど	Strike the Gold	noun	ストライクザゴールド
すとらいくすまーとりー	Strike Smartly	noun	ストライクスマートリー
すとらいさんど	Streisand	noun	ストライサンド
すとらくたー	Structor	noun	ストラクター
すとらたむ	Stratum	noun	ストラタム
すとらたむすたー	Stratum Star	noun	ストラタムスター
すとらっぴんぐぐるーむ	Strapping Groom	noun	ストラッピンググルーム
すとらてじっくちょいす	Strategic Choice	noun	ストラテジックチョイス
すとらでぃばりうす	Stradivarius	noun	ストラディバリウス
すとらでぃゔぁりうす	Stradivarius	noun	ストラディヴァリウス
すとらびんすきー	Stravinsky	noun	ストラビンスキー
すとらゔぃんすきー	Stravinsky	noun	ストラヴィンスキー
すとりくとりーびじねす	Strictly Business	noun	ストリクトリービジネス
すとりーく	Streak	noun	ストリーク
すとりーつおぶあばろん	Streets of Avalon	noun	ストリーツオブアバロン
すとりーつおぶあゔぁろん	Streets of Avalon	noun	ストリーツオブアヴァロン
すとりーとくらい	Street Cry	noun	ストリートクライ
すとりーとせんす	Street Sense	noun	ストリートセンス
すとりーとばんど	Street Band	noun	ストリートバンド
すとりーとひーろー	Street Hero	noun	ストリートヒーロー
すとりーとふぁんしー	Street Fancy	noun	ストリートファンシー
すとりーとぼす	Street Boss	noun	ストリートボス
すとりーま	Streama	noun	ストリーマ
すとりーみんぐ	Streaming	noun	ストリーミング
すとれいとすとらいく	Straight Strike	noun	ストレイトストライク
すとれいとのーちぇいさー	Straight No Chaser	noun	ストレイトノーチェイサー
すとれーとのーちぇいさー	Straight No Chaser	noun	ストレートノーチェイサー
すとろんがー	Stronger	noun	ストロンガー
すとろんぐほーるど	Stronghold	noun	ストロングホールド
すとろんぐまんでーと	Strong Mandate	noun	ストロングマンデート
すとろーりんぐあろんぐ	Strolling Along	noun	ストローリングアロング
すとろーる	Stroll	noun	ストロール
すとーみんぐほーむ	Storming Home	noun	ストーミングホーム
すとーみーばっとばりっど	Stormy But Valid	noun	ストーミーバットバリッド
すとーみーばっとゔぁりっど	Stormy But Valid	noun	ストーミーバットヴァリッド
すとーみーぴっく	Stormy Pick	noun	ストーミーピック
すとーみーぶるーす	Stormy Blues	noun	ストーミーブルース
すとーみーりばー	Stormy River	noun	ストーミーリバー
すとーみーりべらる	Stormy Liberal	noun	ストーミーリベラル
すとーみーりゔぁー	Stormy River	noun	ストーミーリヴァー
すとーみーるーしー	Stormy Lucy	noun	ストーミールーシー
すとーむきゃっと	Storm Cat	noun	ストームキャット
すとーむざこーと	Storm the Court	noun	ストームザコート
すとーむそんぐ	Storm Song	noun	ストームソング
すとーむとるーぱー	Storm Trooper	noun	ストームトルーパー
すとーむばーど	Storm Bird	noun	ストームバード
すとーむふらっぐふらいんぐ	Storm Flag Flying	noun	ストームフラッグフライング
すとーめろ	Stormello	noun	ストーメロ
すないぱーずばれっと	Sniper's Bullet	noun	スナイパーズバレット
すないぱーずびゅれっと	Sniper's Bullet	noun	スナイパーズビュレット
すなじーたび	Snazzytavi	noun	スナジータビ
すなじーたゔぃ	Snazzytavi	noun	スナジータヴィ
すなっぷだんさー	Snapdancer	noun	スナップダンサー
すなーじ	Snurge	noun	スナージ
すにっつぁーらんど	Snitzerland	noun	スニッツァーランド
すにっつぇる	Snitzel	noun	スニッツェル
すにぺっつ	Snippets	noun	スニペッツ
すのうぽりな	Snow Polina	noun	スノウポリナ
すのーふぇありー	Snow Fairy	noun	スノーフェアリー
すのーふぉーる	Snowfall	noun	スノーフォール
すのーらんたん	Snow Lantern	noun	スノーランタン
すのーらんど	Snowland	noun	スノーランド
すのーりっじ	Snow Ridge	noun	スノーリッジ
すぱいすどぱーふぇくしょん	Spiced Perfection	noun	スパイスドパーフェクション
すぱにっしゅくいん	Spanish Queen	noun	スパニッシュクイン
すぱにっしゅふぁーん	Spanish Fern	noun	スパニッシュファーン
すぱにっしゅみっくす	Spanish Mix	noun	スパニッシュミックス
すぱにっしゅむーん	Spanish Moon	noun	スパニッシュムーン
すぱるたかす	Spartacus	noun	スパルタカス
すぱんしゅがー	Spun Sugar	noun	スパンシュガー
すぱんつーらん	Spun to Run	noun	スパンツーラン
すぱーくおぶらいふ	Spark Of Life	noun	スパークオブライフ
すぱーくりんぐぷれんてぃ	Sparkling Plenty	noun	スパークリングプレンティ
すぴにんぐくいーん	Spinning Queen	noun	スピニングクイーン
すぴにんぐひる	Spinning Hill	noun	スピニングヒル
すぴにんぐわーるど	Spinning World	noun	スピニングワールド
すぴりっとおぶせんとるいす	Spirit Of St Louis	noun	スピリットオブセントルイス
すぴりっとおぶぶーむ	Spirit of Boom	noun	スピリットオブブーム
すぴりっとわん	Spirit One	noun	スピリットワン
すぴるうぇい	Spillway	noun	スピルウェイ
すぴーかーずこーなー	Speaker's Corner	noun	スピーカーズコーナー
すぴーきんぐおぶうぃっち	Speaking of Which	noun	スピーキングオブウィッチ
すぴーきんぐおぶふぃっち	Speaking of Which	noun	スピーキングオブフィッチ
すぴーきんぐすかうと	Speaking Scout	noun	スピーキングスカウト
すぴーくふぁんどりー	Speak Fondly	noun	スピークファンドリー
すぴーち	Speech	noun	スピーチ
すぴーでぃぼーでぃんぐ	Speedy Boarding	noun	スピーディボーディング
すぴーどぎふてっど	Speed Gifted	noun	スピードギフテッド
すぴーどぼーとびーち	Speed Boat Beach	noun	スピードボートビーチ
すふぇのふぁいた	Sphenophyta	noun	スフェノファイタ
すぷらいと	Spright	noun	スプライト
すぷりんぐあっとらすと	Spring At Last	noun	スプリングアットラスト
すぷりんぐいんじえあー	Spring in the Air	noun	スプリングインジエアー
すぷりんぐくおりてぃ	Spring Quality	noun	スプリングクオリティ
すぷりんたーさくれ	Sprinter Sacre	noun	スプリンターサクレ
すぷれましー	Supremacy	noun	スプレマシー
すぷれんでぃっどぶれんでっど	Splendid Blended	noun	スプレンディッドブレンデッド
すぷれんどら	Splendora	noun	スプレンドラ
すぺいつたうん	Speightstown	noun	スペイツタウン
すぺいん	Spain	noun	スペイン
すぺくとらむ	Spectrum	noun	スペクトラム
すぺしおーさ	Speciosa	noun	スペシオーサ
すぺしゃる	Special	noun	スペシャル
すぺしゃるくえすと	Special Quest	noun	スペシャルクエスト
すぺしゃるでゅーてぃー	Special Duty	noun	スペシャルデューティー
すぺしゃるでーん	Special Dane	noun	スペシャルデーン
すぺしゃるはーもにー	Special Harmony	noun	スペシャルハーモニー
すぺしゃるりんぐ	Special Ring	noun	スペシャルリング
すぺるこれどら	Super Corredora	noun	スペルコレドラ
すぺんだれら	Spendarella	noun	スペンダレラ
すぺーすぶるーす	Space Blues	noun	スペースブルース
すぼてぃか	Subotica	noun	スボティカ
すぽーくんふぁー	Spoken Fur	noun	スポークンファー
すぽーてぃんぐちゃんす	Sporting Chance	noun	スポーティングチャンス
すまいりんぐたいがー	Smiling Tiger	noun	スマイリングタイガー
すまぐらー	Smuggler	noun	スマグラー
すまっしんぐぱんぷきん	Smashing Pumpkin	noun	スマッシングパンプキン
すまてぃ	Sumati	noun	スマティ
すまーてぃじょーんず	Smarty Jones	noun	スマーティジョーンズ
すまーとすとらいく	Smart Strike	noun	スマートストライク
すまーとみさいる	Smart Missile	noun	スマートミサイル
すむーすろーらー	Smooth Roller	noun	スムースローラー
すむーずらいくすとれいと	Smooth Like Strait	noun	スムーズライクストレイト
すもーきんじょーい	Smokin' Joey	noun	スモーキンジョーイ
すもーきんろーまんず	Smokin' Romans	noun	スモーキンローマンズ
すもーくぐらっけん	Smoke Glacken	noun	スモークグラッケン
すもーるまいんず	Small Minds	noun	スモールマインズ
すらいごべい	Sligo Bay	noun	スライゴベイ
すらいとりーでんじゃらす	Slightly Dangerous	noun	スライトリーデンジャラス
すらぼにっく	Slavonic	noun	スラボニック
すらまに	Sulamani	noun	スラマニ
すらんばー	Slumber	noun	スランバー
すらゔぉにっく	Slavonic	noun	スラヴォニック
すりかんでぃ	Srikandi	noun	スリカンディ
すりっくりー	Slickly	noun	スリックリー
すりーくしゃーし	Sleek Chassis	noun	スリークシャーシ
すりーばれーず	Three Valleys	noun	スリーバレーズ
すりーぴーたいむ	Sleepytime	noun	スリーピータイム
すりーりんぐ	Three Ring	noun	スリーリング
すりーゔぁれーず	Three Valleys	noun	スリーヴァレーズ
するたにあ	Sultanina	noun	スルタニア
するーおぶだますかす	Slew of Damascus	noun	スルーオブダマスカス
するーじんふぃず	Slew Gin Fizz	noun	スルージンフィズ
すれーどぱわー	Slade Power	noun	スレードパワー
すろーだうんあんでぃ	Slow Down Andy	noun	スローダウンアンディ
すわっがーじゃっく	Swagger Jack	noun	スワッガージャック
すわっぷふりっぱるー	Swap Fliparoo	noun	スワップフリッパルー
すーけら	Sookera	noun	スーケラ
すーとら	Sutra	noun	スートラ
すーねーしょん	Sioux Nation	noun	スーネーション
すーぱーいんぽーず	Super Impose	noun	スーパーインポーズ
すーぱーいーじー	Super Easy	noun	スーパーイージー
すーぱーえれがんと	Super Elegant	noun	スーパーエレガント
すーぱーきっど	Super Kid	noun	スーパーキッド
すーぱーくえるかす	Super Quercus	noun	スーパークエルカス
すーぱーくーる	Super Cool	noun	スーパークール
すーぱーじぇむ	Supah Gem	noun	スーパージェム
すーぱーすとっく	Super Stock	noun	スーパーストック
すーぱーせいばー	Super Saver	noun	スーパーセイバー
すーぱーせいゔぁー	Super Saver	noun	スーパーセイヴァー
すーぱーせす	Super Seth	noun	スーパーセス
ずべずだ	Zvezda	noun	ズベズダ
ずるむー	Surumu	noun	ズルムー
ずゔぇずだ	Zvezda	noun	ズヴェズダ
ずーがっちゃ	Zougotcha	noun	ズーガッチャ
ずーすたー	Zoustar	noun	ズースター
ずーなくあ	Zoonaqua	noun	ズーナクア
ずーるーあるふぁ	Zulu Alpha	noun	ズールーアルファ
ずーるーきんぐだむ	Zulu Kingdom	noun	ズールーキングダム
せいくりっどうぃっしゅ	Sacred Wish	noun	セイクリッドウィッシュ
せいくりっどえりくさー	Sacred Elixir	noun	セイクリッドエリクサー
せいくりっどきんぐだむ	Sacred Kingdom	noun	セイクリッドキングダム
せいくりっどちょいす	Sacred Choice	noun	セイクリッドチョイス
せいくれっどすたー	Sacred Star	noun	セイクレッドスター
せいくれっどふぉーるず	Sacred Falls	noun	セイクレッドフォールズ
せいすもす	Seismos	noun	セイスモス
せいのーもあ	Say No More	noun	セイノーモア
せいふりーけぷと	Safely Kept	noun	セイフリーケプト
せいぶざらすとだんす	Savethelastdance	noun	セイブザラストダンス
せいんとせしる	Saint Cecile	noun	セイントセシル
せいんとばらーど	Saint Ballado	noun	セイントバラード
せいんとりあむ	Saint Liam	noun	セイントリアム
せいんとりー	Saintly	noun	セイントリー
せいゔざらすとだんす	Savethelastdance	noun	セイヴザラストダンス
せおるうるふ	Ceolwulf	noun	セオルウルフ
せかんどえんぱいあ	Second Empire	noun	セカンドエンパイア
せかんどかみんぐ	Second Coming	noun	セカンドカミング
せかんどすてっぷ	Second Step	noun	セカンドステップ
せかんどせっと	Second Set	noun	セカンドセット
せくすあぴーる	Sex Appeal	noun	セクスアピール
せくれてーむ	Secrettame	noun	セクレテーム
せこや	Sequoyah	noun	セコヤ
せざんぬ	Cezanne	noun	セザンヌ
せじぇすた	Segesta	noun	セジェスタ
せだーばーぐ	Cedarberg	noun	セダーバーグ
せっくすあぴーる	Sex Appeal	noun	セックスアピール
せっとすくえあ	Set Square	noun	セットスクエア
せっとぴーす	Set Piece	noun	セットピース
せっとぷれい	Set Play	noun	セットプレイ
せてわよ	Cetewayo	noun	セテワヨ
せでくれむ	Sedecrem	noun	セデクレム
せでーとりー	Sedately	noun	セデートリー
せにゅあ	Senure	noun	セニュア
せねっくす	Senex	noun	セネックス
せぱるす	Sepals	noun	セパルス
せぱれーしょんおぶぱわーず	Separationofpowers	noun	セパレーションオブパワーズ
せびる	Seville	noun	セビル
せぶりんぐ	Sebring	noun	セブリング
せぶんすすとりーと	Seventh Street	noun	セブンスストリート
せぶんすへぶん	Seventh Heaven	noun	セブンスヘブン
せぶんすへゔん	Seventh Heaven	noun	セブンスヘヴン
せぷてぃます	Septimus	noun	セプティマス
せぷてんばーらん	September Run	noun	セプテンバーラン
せぽい	Sepoy	noun	セポイ
せらぴすと	Therapist	noun	セラピスト
せられいく	Serra Lake	noun	セラレイク
せりの	Selino	noun	セリノ
せるかーく	Selkirk	noun	セルカーク
せるせね	Cercene	noun	セルセネ
せるてぃっくあーむず	Celtic Arms	noun	セルティックアームズ
せるみす	Selmis	noun	セルミス
せるりあんすかい	Cerulean Sky	noun	セルリアンスカイ
せれすてぃあるれじぇんど	Celestial Legend	noun	セレスティアルレジェンド
せれすてぃん	Celestine	noun	セレスティン
せれなずそんぐ	Serena's Song	noun	セレナズソング
せれなーでろーず	Serenade Rose	noun	セレナーデローズ
せれね	Selene	noun	セレネ
せれりっく	Celeric	noun	セレリック
せれんげてぃえんぷれす	Serengeti Empress	noun	セレンゲティエンプレス
せんが	Senga	noun	センガ
せんすおぶおけーじょん	Sense Of Occasion	noun	センスオブオケージョン
せんたーくれすと	Centre Crest	noun	センタークレスト
せんたーこーと	Centre Court	noun	センターコート
せんだわーる	Sendawar	noun	センダワール
せんちめんたるみす	Sentimental Miss	noun	センチメンタルミス
せんてーん	Centaine	noun	センテーン
せんとくれめんすべる	St. Clemens Belle	noun	セントクレメンスベル
せんとこべっと	St. Covet	noun	セントコベット
せんとこゔぇっと	St. Covet	noun	セントコヴェット
せんとじょばいと	St Jovite	noun	セントジョバイト
せんとじょゔぁいと	St Jovite	noun	セントジョヴァイト
せんとにこらすあびー	St Nicholas Abbey	noun	セントニコラスアビー
せんとばじる	St Basil	noun	セントバジル
せんとばらーど	Saint Ballado	noun	セントバラード
せんとほーむ	Cent Home	noun	セントホーム
せんとまーくすばしりか	St Mark's Basilica	noun	セントマークスバシリカ
せんとらるいんてりじぇんす	Centralinteligence	noun	セントラルインテリジェンス
せんとらるぱーく	Central Park	noun	セントラルパーク
せんとりあむ	Saint Liam	noun	セントリアム
せんとりーむず	St Reims	noun	セントリームズ
せんとれいむす	St Reims	noun	セントレイムス
せんとれいむず	St Reims	noun	セントレイムズ
せゔぃる	Seville	noun	セヴィル
せゔんすすとりーと	Seventh Street	noun	セヴンスストリート
せゔんすへぶん	Seventh Heaven	noun	セヴンスヘブン
せゔんすへゔん	Seventh Heaven	noun	セヴンスヘヴン
せーじばーぐ	Sageburg	noun	セージバーグ
せーぶざらすとだんす	Savethelastdance	noun	セーブザラストダンス
せーらーずばれんたいん	Sailor's Valentine	noun	セーラーズバレンタイン
せーらーずゔぁれんたいん	Sailor's Valentine	noun	セーラーズヴァレンタイン
せーゔざらすとだんす	Savethelastdance	noun	セーヴザラストダンス
ぜあごーずはーばーど	There Goes Harvard	noun	ゼアゴーズハーバード
ぜあごーずはーゔぁーど	There Goes Harvard	noun	ゼアゴーズハーヴァード
ぜでぃてーぶ	Zeditave	noun	ゼディテーブ
ぜでぃてーゔ	Zeditave	noun	ゼディテーヴ
ぜにゃった	Zenyatta	noun	ゼニャッタ
ぜにやった	Zenyatta	noun	ゼニヤッタ
ぜりー	Zellie	noun	ゼリー
ぜるざる	Zelzal	noun	ゼルザル
ぜんせーしょなる	Zensational	noun	ゼンセーショナル
ぜんだん	Zandon	noun	ゼンダン
そありんぐそふとりー	Soaring Softly	noun	ソアリングソフトリー
そありんぐふりー	Soaring Free	noun	ソアリングフリー
そいからんぼろ	Soy Carambolo	noun	ソイカランボロ
そうるおぶあんえんじぇる	Soul of an Angel	noun	ソウルオブアンエンジェル
そうるおぶざまたー	Soul of the Matter	noun	ソウルオブザマター
そうるしすたー	Soul Sister	noun	ソウルシスター
そさえてぃ	Society	noun	ソサエティ
そさえてぃせれくしょん	Society Selection	noun	ソサエティセレクション
そさえてぃろっく	Society Rock	noun	ソサエティロック
そじー	Sosie	noun	ソジー
そっくすねーしょん	Socks Nation	noun	ソックスネーション
そっとさす	Sottsass	noun	ソットサス
そにーぼーいりすとん	Sonnyboyliston	noun	ソニーボーイリストン
そびえとそんぐ	Soviet Song	noun	ソビエトソング
そびえとらいん	Soviet Line	noun	ソビエトライン
そふぃあろーざ	Sofia Rosa	noun	ソフィアローザ
そふぃすてぃきゃっと	Sophisticat	noun	ソフィスティキャット
そふぃーぴー	Sophie P	noun	ソフィーピー
そぶりん	Sovereign	noun	ソブリン
そぶりんてぃ	Sovereignty	noun	ソブリンティ
そぶりんぱす	Sovereign Path	noun	ソブリンパス
そぷれっさ	Sopressa	noun	ソプレッサ
そまりれもねーど	Somali Lemonade	noun	ソマリレモネード
そむなす	Somnus	noun	ソムナス
そりあーの	Soriano	noun	ソリアーノ
そるじぇにーつぃん	Solzhenitsyn	noun	ソルジェニーツィン
そるじゃーおぶふぉーちゅん	Soldier Of Fortune	noun	ソルジャーオブフォーチュン
そるじゃーずている	Soldier's Tale	noun	ソルジャーズテイル
そるじゃーずてーる	Soldier's Tale	noun	ソルジャーズテール
そるじゃーほろう	Soldier Hollow	noun	ソルジャーホロウ
そるてぃ	Salty	noun	ソルティ
そるとちゃんぷ	Salt Champ	noun	ソルトチャンプ
そるとれいく	Salt Lake	noun	ソルトレイク
そるびっと	Solvit	noun	ソルビット
そるゔぃっと	Solvit	noun	ソルヴィット
それあんが	Soreanga	noun	ソレアンガ
それみあ	Solemia	noun	ソレミア
そろう	Solow	noun	ソロウ
そろん	Solon	noun	ソロン
そんぐあんだぷれいやー	Songandaprayer	noun	ソングアンダプレイヤー
そんぐばーど	Songbird	noun	ソングバード
そゔぃえとそんぐ	Soviet Song	noun	ソヴィエトソング
そゔぃえとらいん	Soviet Line	noun	ソヴィエトライン
そゔりん	Sovereign	noun	ソヴリン
そゔりんてぃ	Sovereignty	noun	ソヴリンティ
そゔりんぱす	Sovereign Path	noun	ソヴリンパス
そーかじゅある	So Casual	noun	ソーカジュアル
そーずえこー	Thor's Echo	noun	ソーズエコー
そーてぃれじゅ	Sortilege	noun	ソーティレジュ
そーてるぬ	Sauterne	noun	ソーテルヌ
そーとぷろせす	Thought Process	noun	ソートプロセス
そーどおぶおすまん	Sword Of Osman	noun	ソードオブオスマン
そーはっぴー	So Happy	noun	ソーハッピー
そーぴーどあんな	Thorpedo Anna	noun	ソーピードアンナ
そーふぁくちゅある	So Factual	noun	ソーファクチュアル
そーべつ	Sobetsu	noun	ソーベツ
そーぺーどあんな	Thorpedo Anna	noun	ソーペードアンナ
そーまれず	Saumarez	noun	ソーマレズ
そーめにーうぇいず	So Many Ways	noun	ソーメニーウェイズ
そーゆーしんく	So You Think	noun	ソーユーシンク
そーらーすぷれんだー	Solar Splendor	noun	ソーラースプレンダー
そーるぱわー	Sole Power	noun	ソールパワー
そーんそんぐ	Thorn Song	noun	ソーンソング
そーんぱーく	Thorn Park	noun	ソーンパーク
ぞふぁにー	Zoffany	noun	ゾファニー
ぞふてぃぐ	Zoftig	noun	ゾフティグ
ぞまらだ	Zomaradah	noun	ゾマラダ
ぞら	Zola	noun	ゾラ
ぞんたーく	Sonntag	noun	ゾンターク
ぞんだ	Zonda	noun	ゾンダ
ぞーいんぷれっしぶ	Zo Impressive	noun	ゾーインプレッシブ
ぞーいんぷれっしゔ	Zo Impressive	noun	ゾーインプレッシヴ
ぞーまん	Zoman	noun	ゾーマン
たいがーたなか	Tiger Tanaka	noun	タイガータナカ
たいがーてぃーず	Tiger Tees	noun	タイガーティーズ
たいがーひる	Tiger Hill	noun	タイガーヒル
たいがーろーる	Tiger Roll	noun	タイガーロール
たいくーんたら	Tycoon Tara	noun	タイクーンタラ
たいくーんりる	Tycoon Lil	noun	タイクーンリル
たいざのっと	Tie The Knot	noun	タイザノット
たいたにっくじゃっく	Titanic Jack	noun	タイタニックジャック
たいとすぽっと	Tight Spot	noun	タイトスポット
たいば	Taiba	noun	タイバ
たいぱん	Taipan	noun	タイパン
たいふーんとれーしー	Typhoon Tracy	noun	タイフーントレーシー
たいぶらっく	Tie Black	noun	タイブラック
たいむあんどもーしょん	Time and Motion	noun	タイムアンドモーション
たいむきーぱー	Time Keeper	noun	タイムキーパー
たいむてすと	Time Test	noun	タイムテスト
たいむぴーす	Timepiece	noun	タイムピース
たいむふぉーさんだるず	Time For Sandals	noun	タイムフォーサンダルズ
たいむわーぷ	Time Warp	noun	タイムワープ
たうきーる	Tawkeel	noun	タウキール
たうふぁんずめろでぃ	Taufan's Melody	noun	タウファンズメロディ
たかふる	Takaful	noun	タカフル
たがろあ	Tagaloa	noun	タガロア
たくてぃかるきゃっと	Tactical Cat	noun	タクティカルキャット
たぐるーだ	Taghrooda	noun	タグルーダ
たし	Tashi	noun	タシ
たすかんいぶにんぐ	Tuscan Evening	noun	タスカンイブニング
たすかんいゔにんぐ	Tuscan Evening	noun	タスカンイヴニング
たっくどぅぼわすとろん	Tac de Boistron	noun	タックドゥボワストロン
たっちおぶざぶるーす	Touch of the Blues	noun	タッチオブザブルース
たっちごーるど	Touch Gold	noun	タッチゴールド
たっぱんすとりーと	Tappan Street	noun	タッパンストリート
たっぷとぅみゅーじっく	Tap to Music	noun	タップトゥミュージック
たっぷりっと	Tapwrit	noun	タップリット
たとるている	Taatletail	noun	タトルテイル
たなりー	Tannery	noun	タナリー
たばご	Tavago	noun	タバゴ
たばすこきゃっと	Tabasco Cat	noun	タバスコキャット
たぱんすとりーと	Tappan Street	noun	タパンストリート
たひーら	Tahiyra	noun	タヒーラ
たびすとっく	Tavistock	noun	タビストック
たぴざー	Tapizar	noun	タピザー
たぴっつふらい	Tapitsfly	noun	タピッツフライ
たぴっと	Tapit	noun	タピット
たぴっととらいす	Tapit Trice	noun	タピットトライス
たふてぃずしす	Tough Tiz's Sis	noun	タフティズシス
たぺすとりー	Tapestry	noun	タペストリー
たまゆず	Tamayuz	noun	タマユズ
たまら	Tamara	noun	タマラ
たまらんど	Tamarando	noun	タマランド
たまりすく	Tamarisk	noun	タマリスク
たまーくず	Tamarkuz	noun	タマークズ
たむふぁな	Tamfana	noun	タムファナ
たむれっと	Tamerett	noun	タムレット
たらすこん	Tarascon	noun	タラスコン
たらずたんご	Tara's Tango	noun	タラズタンゴ
たりす	Taris	noun	タリス
たりすまにっく	Talismanic	noun	タリスマニック
たりずらっきーばすらいど	Tali'sluckybusride	noun	タリズラッキーバスライド
たりぶ	Ta Rib	noun	タリブ
たりーさんだー	Tully Thunder	noun	タリーサンダー
たるこ	Talco	noun	タルコ
たるなわ	Tarnawa	noun	タルナワ
たれんと	Talent	noun	タレント
たんじぇりんとぅりーず	Tangerine Trees	noun	タンジェリントゥリーズ
たんてぃえーむ	Tantieme	noun	タンティエーム
たんとろーず	Tante Rose	noun	タントローズ
たゔぁご	Tavago	noun	タヴァゴ
たゔぃすとっく	Tavistock	noun	タヴィストック
たーくぱさー	Turk Passer	noun	タークパサー
たーじの	Tarzino	noun	タージノ
たーとるあいらんど	Turtle Island	noun	タートルアイランド
たーとるぼうる	Turtle Bowl	noun	タートルボウル
たーびゅれんとでぃせんと	Turbulent Descent	noun	タービュレントディセント
たーふどんな	Turfdonna	noun	ターフドンナ
たーふふぉんていん	Turffontein	noun	ターフフォンテイン
たーぼこんぷれっさー	Turbo Compressor	noun	ターボコンプレッサー
たーりんぐぁ	Terlingua	noun	ターリングァ
たーりんぐあ	Terlingua	noun	ターリングア
たーろう	Tarlow	noun	ターロウ
たーんばっくじあらーむ	Turnback the Alarm	noun	ターンバックジアラーム
たーんみーるーす	Turn Me Loose	noun	ターンミールース
だいあぞ	Diazo	noun	ダイアゾ
だいあもんずあんどるびーず	Diamondsandrubies	noun	ダイアモンズアンドルビーズ
だいあるどいん	Dialed In	noun	ダイアルドイン
だいいしす	Diesis	noun	ダイイシス
だいしーどーむ	Daysee Doom	noun	ダイシードーム
だいじん	Dai Jin	noun	ダイジン
だいぜる	Dizelle	noun	ダイゼル
だいなすてぃ	Dynasty	noun	ダイナスティ
だいなふぉーす	Dynaforce	noun	ダイナフォース
だいなふぉーまー	Dynaformer	noun	ダイナフォーマー
だいなみっくぷらいしんぐ	Dynamic Pricing	noun	ダイナミックプライシング
だいばーしふぁい	Diversify	noun	ダイバーシファイ
だいやもんどどりる	Diamond Drille	noun	ダイヤモンドドリル
だいやもんどねっくれす	Diamond Necklace	noun	ダイヤモンドネックレス
だいやもんどらばー	Diamond Lover	noun	ダイヤモンドラバー
だいやもんどらゔぁー	Diamond Lover	noun	ダイヤモンドラヴァー
だいやもんどれら	Diamondrella	noun	ダイヤモンドレラ
だいゔぁーしふぁい	Diversify	noun	ダイヴァーシファイ
だうんざあいる	Down the Aisle	noun	ダウンザアイル
だうんざだすてぃろーど	Downthedustyroad	noun	ダウンザダスティロード
だこたふぉん	Dakota Phone	noun	ダコタフォン
だしゃんたー	Dushyantor	noun	ダシャンター
だしゃんとーる	Dushyantor	noun	ダシャントール
だしーた	Dacita	noun	ダシータ
だたら	Da'Tara	noun	ダタラ
だっしゅふぉーきゃっしゅ	Dash For Cash	noun	ダッシュフォーキャッシュ
だっしんぐいーぐる	Dashing Eagle	noun	ダッシングイーグル
だっしんぐぶれいど	Dashing Blade	noun	ダッシングブレイド
だっずきゃっぷす	Dads Caps	noun	ダッズキャップス
だっちあーと	Dutch Art	noun	ダッチアート
だでぃーずりるだーりん	Daddys Lil Darling	noun	ダディーズリルダーリン
だでぃーずるびー	Daddysruby	noun	ダディーズルビー
だにまーてぃん	Danni Martine	noun	ダニマーティン
だびるしむ	Dabirsim	noun	ダビルシム
だぶりん	Dublin	noun	ダブリン
だぶるうぇっじ	Double Wedge	noun	ダブルウェッジ
だぶるとらぶる	Double Trouble	noun	ダブルトラブル
だぶるとりがー	Double Trigger	noun	ダブルトリガー
だぶるめじゃー	Double Major	noun	ダブルメジャー
だほす	Da Hoss	noun	ダホス
だらかに	Dalakhani	noun	ダラカニ
だらざり	Darazari	noun	ダラザリ
だりあ	Dahlia	noun	ダリア
だりあずどりーまー	Dahlia's Dreamer	noun	ダリアズドリーマー
だりあば	Daryaba	noun	ダリアバ
だりあぽー	Daliapour	noun	ダリアポー
だりあん	Dariyan	noun	ダリアン
だりか	Dalika	noun	ダリカ
だりず	Daryz	noun	ダリズ
だりゃかな	Daryakana	noun	ダリャカナ
だりやん	Dariyan	noun	ダリヤン
だりーず	Daryz	noun	ダリーズ
だるから	Dalkala	noun	ダルカラ
だるさらむ	Darsalam	noun	ダルサラム
だるし	Darsi	noun	ダルシ
だるしぶらーま	Darci Brahma	noun	ダルシブラーマ
だるしゃーん	Darshaan	noun	ダルシャーン
だるじぇんと	D'Argento	noun	ダルジェント
だるじな	Darjina	noun	ダルジナ
だるだのす	Dardanos	noun	ダルダノス
だるちえろ	Dal Cielo	noun	ダルチエロ
だんえくせる	Dan Excel	noun	ダンエクセル
だんかん	Duncan	noun	ダンカン
だんく	Dank	noun	ダンク
だんぐりっさ	Danglissa	noun	ダングリッサ
だんける	Dunkel	noun	ダンケル
だんざ	Danza	noun	ダンザ
だんしり	Dansili	noun	ダンシリ
だんしんぐいんしるくす	Dancing in Silks	noun	ダンシングインシルクス
だんしんぐえでぃ	Dancing Edie	noun	ダンシングエディ
だんしんぐきい	Dancing Key	noun	ダンシングキイ
だんしんぐしょー	Dancing Show	noun	ダンシングショー
だんしんぐすぷりー	Dancing Spree	noun	ダンシングスプリー
だんしんぐふぉーえばー	Dancing Forever	noun	ダンシングフォーエバー
だんしんぐふぉーえゔぁー	Dancing Forever	noun	ダンシングフォーエヴァー
だんしんぐらぐす	Dancing Rags	noun	ダンシングラグス
だんしんぐれいん	Dancing Rain	noun	ダンシングレイン
だんじぐ	Danzig	noun	ダンジグ
だんすうぃずふぇいと	Dance With Fate	noun	ダンスウィズフェイト
だんすかーど	Dance Card	noun	ダンスカード
だんすけ	Danske	noun	ダンスケ
だんすすまーとりー	Dance Smartly	noun	ダンススマートリー
だんすでざいん	Dance Design	noun	ダンスデザイン
だんすとぅぶりすとる	Dance to Bristol	noun	ダンストゥブリストル
だんすとぅるーざどーん	Dancethruthedawn	noun	ダンストゥルーザドーン
だんすひーろー	Dance Hero	noun	ダンスヒーロー
だんずだんずだんす	Danzdanzdance	noun	ダンズダンズダンス
だんせてりあ	Danceteria	noun	ダンセテリア
だんぜろ	Danzero	noun	ダンゼロ
だんちひ	Danzig	noun	ダンチヒ
だんてら	Dantelah	noun	ダンテラ
だんでぃまん	Dandy Man	noun	ダンディマン
だんでぃーる	It's A Dundeel	noun	ダンディール
だんばーろーど	Dunbar Road	noun	ダンバーロード
だんらー	Danelagh	noun	ダンラー
だんりー	Danleigh	noun	ダンリー
だーくえんじぇる	Dark Angel	noun	ダークエンジェル
だーくですとろいやー	Dark Destroyer	noun	ダークデストロイヤー
だーくどりーむ	Dark Dream	noun	ダークドリーム
だーくむーんだんさー	Dark Moondancer	noun	ダークムーンダンサー
だーしぶらーま	Darci Brahma	noun	ダーシブラーマ
だーすとん	Durston	noun	ダーストン
だーはー	Daaher	noun	ダーハー
だーばんさんだー	Durban Thunder	noun	ダーバンサンダー
だーぶりっじ	Durbridge	noun	ダーブリッジ
だーれみ	Dar Re Mi	noun	ダーレミ
ちぇいしんぐいえすたでー	Chasing Yesterday	noun	チェイシングイエスタデー
ちぇおるうるふ	Ceolwulf	noun	チェオルウルフ
ちぇすたーはうす	Chester House	noun	チェスターハウス
ちぇっくざれーべる	Check the Label	noun	チェックザレーベル
ちぇりーみっくす	Cherry Mix	noun	チェリーミックス
ちぇるしーふらわー	Chelsey Flower	noun	チェルシーフラワー
ちぇろきーらん	Cherokee Run	noun	チェロキーラン
ちぇろきーろーず	Cherokee Rose	noun	チェロキーローズ
ちぇんじんぐおぶざがーど	Changingoftheguard	noun	チェンジングオブザガード
ちぇーんおぶらいとにんぐ	Chain of Lightning	noun	チェーンオブライトニング
ちきーた	Chicquita	noun	チキータ
ちぜりんぐ	Chiselling	noun	チゼリング
ちたうんれいでぃ	Chi Town Lady	noun	チタウンレイディ
ちまでとりおんふ	Cima De Triomphe	noun	チマデトリオンフ
ちゃいにーずほわいと	Chinese White	noun	チャイニーズホワイト
ちゃいむずおぶふりーだむ	Chimes of Freedom	noun	チャイムズオブフリーダム
ちゃちゃめいでぃー	Chachamaidee	noun	チャチャメイディー
ちゃとーか	Chautauqua	noun	チャトーカ
ちゃぽさすぷりんぐす	Chaposa Springs	noun	チャポサスプリングス
ちゃりてぃーらいん	Charity Line	noun	チャリティーライン
ちゃりん	Charyn	noun	チャリン
ちゃんさーまくぱとりっく	Chancer McPatrick	noun	チャンサーマクパトリック
ちゃんねるきゃっと	Channel Cat	noun	チャンネルキャット
ちゃんねるめいかー	Channel Maker	noun	チャンネルメイカー
ちゃんねるめーかー	Channel Maker	noun	チャンネルメーカー
ちゃんぷぺがさす	Champ Pegasus	noun	チャンプペガサス
ちゃーじふぉわーど	Charge Forward	noun	チャージフォワード
ちゃーちる	Churchill	noun	チャーチル
ちゃーみんぐそーと	Charming Thought	noun	チャーミングソート
ちゃーむすとーん	Charm Stone	noun	チャームストーン
ちゃーむすぴりっと	Charm Spirit	noun	チャームスピリット
ちゅーずでー	Tuesday	noun	チューズデー
ちゅーずでーじょい	Tuesday Joy	noun	チューズデージョイ
ちょいすぶろ	Choice Bro	noun	チョイスブロ
ちょこれーとじぇらーと	Chocolate Gelato	noun	チョコレートジェラート
ちょっくあいす	Choc Ice	noun	チョックアイス
ちりふらぐ	Chili Flag	noun	チリフラグ
ちりふらっぐ	Chili Flag	noun	チリフラッグ
ちるっき	Chilukki	noun	チルッキ
ちんぎすしーくれっと	Dschingis Secret	noun	チンギスシークレット
ちんちょん	Chinchon	noun	チンチョン
ちーきーちょいす	Cheeky Choice	noun	チーキーチョイス
ちーふおんちょ	Chief Honcho	noun	チーフオンチョ
ちーふずくらうん	Chief's Crown	noun	チーフズクラウン
ちーふどぅべあーず	Chief De Beers	noun	チーフドゥベアーズ
ちーふべあはーと	Chief Bearhart	noun	チーフベアハート
ついすとあふりーと	Twist Afleet	noun	ツイストアフリート
ついーどさいど	Tweedside	noun	ツイードサイド
つばる	Tuvalu	noun	ツバル
つゔぁる	Tuvalu	noun	ツヴァル
つーりすと	Tourist	noun	ツーリスト
てあかうしゃーく	Te Akau Shark	noun	テアカウシャーク
てぃあご	Tiago	noun	ティアゴ
てぃおーな	Teona	noun	ティオーナ
てぃぎーうぃぎー	Tiggy Wiggy	noun	ティギーウィギー
てぃすじゅりえっと	Tis Juliet	noun	ティスジュリエット
てぃずうぇい	Tizway	noun	ティズウェイ
てぃずざろう	Tiz the Law	noun	ティズザロウ
てぃずざろー	Tiz the Law	noun	ティズザロー
てぃずじゅりえっと	Tis Juliet	noun	ティズジュリエット
てぃずなう	Tiznow	noun	ティズナウ
てぃずふらーていしゃす	Tiz Flirtatious	noun	ティズフラーテイシャス
てぃずみずすー	Tiz Miz Sue	noun	ティズミズスー
てぃっかねん	Tikkanen	noun	ティッカネン
てぃっかーてーぷ	Ticker Tape	noun	ティッカーテープ
てぃっち	Titch	noun	ティッチ
てぃっとふぉーたーと	Tit For Taat	noun	ティットフォータート
てぃなーずうぇい	Tinners Way	noun	ティナーズウェイ
てぃばち	Tivaci	noun	ティバチ
てぃぴかりーあいりっしゅ	Tipically Irish	noun	ティピカリーアイリッシュ
てぃべる	Tiber	noun	ティベル
てぃまりだ	Timarida	noun	ティマリダ
てぃみ	Timi	noun	ティミ
てぃらーず	Tiraaz	noun	ティラーズ
てぃろる	Tirol	noun	ティロル
てぃんと	Tinto	noun	ティント
てぃんばーかんとりー	Timber Country	noun	ティンバーカントリー
てぃんばーれいく	Timberlake	noun	ティンバーレイク
てぃんほーす	Tin Horse	noun	ティンホース
てぃんぼろあ	Timboroa	noun	ティンボロア
てぃゔぁち	Tivaci	noun	ティヴァチ
てぃーくすのーす	Teaks North	noun	ティークスノース
てぃーじぇーずらっきーむーん	T J's Lucky Moon	noun	ティージェーズラッキームーン
てぃーびーらーく	T.V. Lark	noun	ティービーラーク
てぃーゔぃーらーく	T.V. Lark	noun	ティーヴィーラーク
ていきんぐりすくす	Taking Risks	noun	テイキングリスクス
ていくおーばーたーげっと	Takeover Target	noun	テイクオーバーターゲット
ていくおーゔぁーたーげっと	Takeover Target	noun	テイクオーヴァーターゲット
ていくざぽいんつ	Take the Points	noun	テイクザポインツ
ていくだうん	Takedown	noun	テイクダウン
ていくちゃーじいんでぃ	Take Charge Indy	noun	テイクチャージインディ
ていくちゃーじぶらんでぃ	Take Charge Brandi	noun	テイクチャージブランディ
ていくちゃーじれでぃ	Take Charge Lady	noun	テイクチャージレディ
ていくどとぅあー	Take D'Tour	noun	テイクドトゥアー
ていすとおぶぱらだいす	Taste of Paradise	noun	テイストオブパラダイス
ていつくりーく	Tates Creek	noun	テイツクリーク
ていば	Taiba	noun	テイバ
ているおぶえかてぃ	Tale Of Ekati	noun	テイルオブエカティ
ているおぶざきゃっと	Tale of the Cat	noun	テイルオブザキャット
ているずおぶとりおんふ	Tails Of Triomphe	noun	テイルズオブトリオンフ
ておふぃろ	Teofilo	noun	テオフィロ
てきさすれっど	Texas Red	noun	テキサスレッド
てくにしゃん	Technician	noun	テクニシャン
てくのろじー	Technology	noun	テクノロジー
てすたふぁいあぶる	Testafiable	noun	テスタファイアブル
てすたろっさ	Testa Rossa	noun	テスタロッサ
てすとすこあ	Test Score	noun	テストスコア
てせお	Theseo	noun	テセオ
てっどのふぃー	Ted Noffey	noun	テッドノフィー
てっぱる	Teppal	noun	テッパル
てでぃーずぷろみす	Teddy's Promise	noun	テディーズプロミス
てねしーすたっど	Tennessee Stud	noun	テネシースタッド
てねぶりずむ	Tenebrism	noun	テネブリズム
てぴん	Tepin	noun	テピン
てみだ	Temida	noun	テミダ
てゅずら	Tuzla	noun	テュズラ
てゅねす	Tunnes	noun	テュネス
てらなば	Teranaba	noun	テラナバ
てらびすた	Terravista	noun	テラビスタ
てらゔぃすた	Terravista	noun	テラヴィスタ
てりとりーず	Territories	noun	テリトリーズ
てりんぐ	Telling	noun	テリング
てるあけりー	Tell a Kelly	noun	テルアケリー
てるてゅりあん	Tertullian	noun	テルテュリアン
てれあてれ	Terre à Terre	noun	テレアテレ
てんすき	Tenski	noun	テンスキ
てんそぶりんず	Ten Sovereigns	noun	テンソブリンズ
てんそゔりんず	Ten Sovereigns	noun	テンソヴリンズ
てんてぃりす	Tentyris	noun	テンティリス
てんぷてっど	Tempted	noun	テンプテッド
てんぷるおぶぶーむ	Temple of Boom	noun	テンプルオブブーム
てんぺら	Tempera	noun	テンペラ
てんま	Tenma	noun	テンマ
てんもすとうぉんてっど	Ten Most Wanted	noun	テンモストウォンテッド
てーおーえるびす	T O Elvis	noun	テーオーエルビス
てーおーえるゔぃす	T O Elvis	noun	テーオーエルヴィス
でああんどごー	Dare and Go	noun	デアアンドゴー
であでびる	Daredevil	noun	デアデビル
であでゔぃる	Daredevil	noun	デアデヴィル
でぃあでみ	Dear Demi	noun	ディアデミ
でぃあでーむ	Diademe	noun	ディアデーム
でぃあとらいぶ	Diatribe	noun	ディアトライブ
でぃあどくたー	Dear Doctor	noun	ディアドクター
でぃあまんた	Diamanta	noun	ディアマンタ
でぃあれすととりっくすき	Dearest Trickski	noun	ディアレストトリックスキ
でぃえごべらすけす	Diego Velazquez	noun	ディエゴベラスケス
でぃえごゔぇらすけす	Diego Velazquez	noun	ディエゴヴェラスケス
でぃおにーじあ	Dionisia	noun	ディオニージア
でぃきしーちゃったー	Dixie Chatter	noun	ディキシーチャッター
でぃきしーぶらす	Dixie Brass	noun	ディキシーブラス
でぃきしーぶろっさむず	Dixie Blossoms	noun	ディキシーブロッサムズ
でぃきしーゆにおん	Dixie Union	noun	ディキシーユニオン
でぃきしーらんどばんど	Dixieland Band	noun	ディキシーランドバンド
でぃくたっと	Diktat	noun	ディクタット
でぃぐにてぃだんさー	Dignity Dancer	noun	ディグニティダンサー
でぃしでんと	Dissident	noun	ディシデント
でぃすかばりーず	Discoveries	noun	ディスカバリーズ
でぃすかゔぁりーず	Discoveries	noun	ディスカヴァリーズ
でぃすくりーときゃっと	Discreet Cat	noun	ディスクリートキャット
でぃすくりーとまーく	Discreet Marq	noun	ディスクリートマーク
でぃすくりーとらばー	Discreet Lover	noun	ディスクリートラバー
でぃすくりーとらゔぁー	Discreet Lover	noun	ディスクリートラヴァー
でぃすくりーとりーまいん	Discreetly Mine	noun	ディスクリートリーマイン
でぃすたんとうぇい	Distant Way	noun	ディスタントウェイ
でぃすたんとびゅー	Distant View	noun	ディスタントビュー
でぃすたんとみゅーじっく	Distant Music	noun	ディスタントミュージック
でぃすたんとりれーてぃぶ	Distant Relative	noun	ディスタントリレーティブ
でぃすたんとりれーてぃゔ	Distant Relative	noun	ディスタントリレーティヴ
でぃすたんとゔゅー	Distant View	noun	ディスタントヴュー
でぃすてぃる	Distill	noun	ディスティル
でぃすてぃんくとりーしーくれっと	Distinctly Secret	noun	ディスティンクトリーシークレット
でぃすとーてぃどひゅーまー	Distorted Humor	noun	ディストーティドヒューマー
でぃすとーてっどひゅーまー	Distorted Humor	noun	ディストーテッドヒューマー
でぃすとーてっどひゅーもあ	Distorted Humor	noun	ディストーテッドヒューモア
でぃすぱーさる	Dispersal	noun	ディスパーサル
でぃすぴゅーと	Dispute	noun	ディスピュート
でぃっきんそん	Dickinson	noun	ディッキンソン
でぃっくうぃってぃんとん	Dick Whittington	noun	ディックウィッティントン
でぃっくたーぴん	Dick Turpin	noun	ディックターピン
でぃでぃあ	Didia	noun	ディディア
でぃないなれっじ	Deny Knowledge	noun	ディナイナレッジ
でぃなーる	Dinard	noun	ディナール
でぃばいんぱーく	Divine Park	noun	ディバインパーク
でぃばいんぷろふぇっと	Divine Prophet	noun	ディバインプロフェット
でぃばいんぷろぽーしょんず	Divine Proportions	noun	ディバインプロポーションズ
でぃばいんまどんな	Divine Madonna	noun	ディバインマドンナ
でぃびあすこーす	Devious Course	noun	ディビアスコース
でぃびじでろ	Divisidero	noun	ディビジデロ
でぃふぁいにんぐぱーぱす	Defining Purpose	noun	ディファイニングパーパス
でぃふぁれんと	Different	noun	ディファレント
でぃふぁんでっど	Defunded	noun	ディファンデッド
でぃふぇんしぶぷれい	Defensive Play	noun	ディフェンシブプレイ
でぃふぇんしゔぷれい	Defensive Play	noun	ディフェンシヴプレイ
でぃぷろまっとれでぃ	Diplomat Lady	noun	ディプロマットレディ
でぃぷろまてぃっくじぇっと	Diplomatic Jet	noun	ディプロマティックジェット
でぃまーじゃー	Demerger	noun	ディマージャー
でぃみとろば	Dimitrova	noun	ディミトロバ
でぃみとろゔぁ	Dimitrova	noun	ディミトロヴァ
でぃむさむ	Dim Sum	noun	ディムサム
でぃらんとーます	Dylan Thomas	noun	ディラントーマス
でぃらんまうす	Dylan Mouth	noun	ディランマウス
でぃるしゃーん	Dilshaan	noun	ディルシャーン
でぃゔぁいんぱーく	Divine Park	noun	ディヴァインパーク
でぃゔぁいんぷろふぇっと	Divine Prophet	noun	ディヴァインプロフェット
でぃゔぁいんぷろぽーしょんず	Divine Proportions	noun	ディヴァインプロポーションズ
でぃゔぁいんまどんな	Divine Madonna	noun	ディヴァインマドンナ
でぃゔぃあすこーす	Devious Course	noun	ディヴィアスコース
でぃゔぃじでろ	Divisidero	noun	ディヴィジデロ
でぃーびーびぇる	Deebee Belle	noun	ディービービェル
でぃーびーぴん	D B Pin	noun	ディービーピン
でぃーぷふぃーるど	Deep Field	noun	ディープフィールド
でぃーらーぷりんしぱる	Dealer Principal	noun	ディーラープリンシパル
でいあうとおぶざおふぃす	Dayoutoftheoffice	noun	デイアウトオブザオフィス
でいあっとざすぱ	Dayatthespa	noun	デイアットザスパ
でいあっとすぱ	Dayatthespa	noun	デイアットスパ
でいじゅーる	Dayjur	noun	デイジュール
でいじーでぃばいん	Daisy Devine	noun	デイジーディバイン
でいじーでぃゔぁいん	Daisy Devine	noun	デイジーディヴァイン
でいとな	Daytona	noun	デイトナ
でいむどろしー	Dame Dorothy	noun	デイムドロシー
でいらみ	Daylami	noun	デイラミ
でいんどりーむ	Danedream	noun	デインドリーム
でいんひる	Danehill	noun	デインヒル
でいんひるだんさー	Danehill Dancer	noun	デインヒルダンサー
でくらしふぁい	Declassify	noun	デクラシファイ
でくられーしょんおぶうぉー	Declaration of War	noun	デクラレーションオブウォー
でこれーてぃっどないと	Decorated Knight	noun	デコレーティッドナイト
でこれーてっどいんべーだー	Decorated Invader	noun	デコレーテッドインベーダー
でこれーてっどいんゔぇーだー	Decorated Invader	noun	デコレーテッドインヴェーダー
でこれーてっどないと	Decorated Knight	noun	デコレーテッドナイト
でざいんずおんろーむ	Designs On Rome	noun	デザインズオンローム
でざいんどふぉーらっく	Designed for Luck	noun	デザインドフォーラック
でざーと	Dessert	noun	デザート
でざーといーぐる	Desert Eagle	noun	デザートイーグル
でざーとうぉー	Desert War	noun	デザートウォー
でざーとえんかうんたー	Desert Encounter	noun	デザートエンカウンター
でざーとおーきっど	Desert Orchid	noun	デザートオーキッド
でざーときんぐ	Desert King	noun	デザートキング
でざーとくらうん	Desert Crown	noun	デザートクラウン
でざーとすかい	Desert Sky	noun	デザートスカイ
でざーとすとーまー	Desert Stormer	noun	デザートストーマー
でざーとふらわー	Desert Flower	noun	デザートフラワー
でざーとぶらん	Desert Blanc	noun	デザートブラン
でざーとぷりんす	Desert Prince	noun	デザートプリンス
でざーとらいとにんぐ	Desert Lightning	noun	デザートライトニング
でざーとろーど	Desert Lord	noun	デザートロード
でしーか	De Sica	noun	デシーカ
でじぐな	Dezigna	noun	デジグナ
でじたるえいじ	Digital Age	noun	デジタルエイジ
ですからーど	Descarado	noun	デスカラード
ですぱっち	Despatch	noun	デスパッチ
でずずどりーむ	Des's Dream	noun	デズズドリーム
でせんばーどろー	December Draw	noun	デセンバードロー
でたーみにすてぃっく	Deterministic	noun	デターミニスティック
でっくどあうと	Decked Out	noun	デックドアウト
でないなれっじ	Deny Knowledge	noun	デナイナレッジ
でにすずじょい	Denise's Joy	noun	デニスズジョイ
でにっしゅ	Danish	noun	デニッシュ
でねぼら	Denebola	noun	デネボラ
でのん	Denon	noun	デノン
でばいす	Devise	noun	デバイス
でひあ	Dehere	noun	デヒア
でびあす	De Beers	noun	デビアス
でびっどじゅにあ	David Junior	noun	デビッドジュニア
でびるずおーきっど	Devil's Orchid	noun	デビルズオーキッド
でびるないと	Devil Night	noun	デビルナイト
でびるひずでゅー	Devil His Due	noun	デビルヒズデュー
でびるむーん	Devil Moon	noun	デビルムーン
でびるめいけあ	Devil May Care	noun	デビルメイケア
でぴゅてぃこまんだー	Deputy Commander	noun	デピュティコマンダー
でぴゅてぃみにすたー	Deputy Minister	noun	デピュティミニスター
でふぁいあー	Defier	noun	デファイアー
でふぃにっとあーてぃくる	Definite Article	noun	デフィニットアーティクル
でふぃぶりれーと	Defibrillate	noun	デフィブリレート
でふぉー	Defoe	noun	デフォー
でぼねあじょー	Debonair Joe	noun	デボネアジョー
でぽじっとちけっと	Deposit Ticket	noun	デポジットチケット
でゅおぽりー	Duopoly	noun	デュオポリー
でゅじゅーる	Du Jour	noun	デュジュール
でゅぽーす	Duporth	noun	デュポース
でゅらはん	Dullahan	noun	デュラハン
でゅーくおぶまーまれーど	Duke of Marmalade	noun	デュークオブマーマレード
でゅーくだむ	Dukedom	noun	デュークダム
でゅーくでせっさ	Duke de Sessa	noun	デュークデセッサ
でらうぇあたうんしっぷ	Delaware Township	noun	デラウェアタウンシップ
でらくろわ	Delacroix	noun	デラクロワ
でらごぶろむ	Delago Brom	noun	デラゴブロム
でりかしー	Delicacy	noun	デリカシー
でるころなど	Del Coronado	noun	デルコロナド
でるたぷりんす	Delta Prince	noun	デルタプリンス
でれがんと	Delegant	noun	デレガント
でれくてーしょん	Delectation	noun	デレクテーション
でんじゃらすみっじ	Dangerous Midge	noun	デンジャラスミッジ
でんまん	Denman	noun	デンマン
でんまんずこーる	Denman's Call	noun	デンマンズコール
でゔぁいす	Devise	noun	デヴァイス
でゔぃっどじゅにあ	David Junior	noun	デヴィッドジュニア
でゔぃるずおーきっど	Devil's Orchid	noun	デヴィルズオーキッド
でゔぃるないと	Devil Night	noun	デヴィルナイト
でゔぃるひずでゅー	Devil His Due	noun	デヴィルヒズデュー
でゔぃるむーん	Devil Moon	noun	デヴィルムーン
でゔぃるめいけあ	Devil May Care	noun	デヴィルメイケア
でーたりんく	Data Link	noun	データリンク
でーんじゅりあ	Dane Julia	noun	デーンジュリア
でーんすとーむ	Danestorm	noun	デーンストーム
でーんりっぱー	Dane Ripper	noun	デーンリッパー
とあもあ	Toormore	noun	トアモア
といるさむ	Toylsome	noun	トイルサム
とぅおなーあんどさーぶ	To Honor and Serve	noun	トゥオナーアンドサーブ
とぅおなーあんどさーゔ	To Honor and Serve	noun	トゥオナーアンドサーヴ
とぅぎゃざー	Together	noun	トゥギャザー
とぅげざーふぉーえばー	Together Forever	noun	トゥゲザーフォーエバー
とぅげざーふぉーえゔぁー	Together Forever	noun	トゥゲザーフォーエヴァー
とぅしゃるまん	Tout Charmant	noun	トゥシャルマン
とぅすーる	Tout Seul	noun	トゥスール
とぅそーど	Toussaud	noun	トゥソード
とぅるーいなふ	True Enough	noun	トゥルーイナフ
とぅるーしゃん	Trueshan	noun	トゥルーシャン
とぅるーてぃんばー	True Timber	noun	トゥルーティンバー
とぅるーらぶ	True Love	noun	トゥルーラブ
とぅるーらゔ	True Love	noun	トゥルーラヴ
とぅーあるたざの	Two Altazano	noun	トゥーアルタザノ
とぅーえみーず	Two Emmys	noun	トゥーエミーズ
とぅーそー	Toussaud	noun	トゥーソー
とぅーそーど	Toussaud	noun	トゥーソード
とぅーだーんほっと	Too Darn Hot	noun	トゥーダーンホット
とぅーらっくとふ	Toorak Toff	noun	トゥーラックトフ
とぅーるもあ	Toormore	noun	トゥールモア
とぅーるーずろーとれっく	Toulouse Lautrec	noun	トゥールーズロートレック
とぅーろん	Toulon	noun	トゥーロン
とうぇいん	Twain	noun	トウェイン
とがとがとが	Toga Toga Toga	noun	トガトガトガ
とけっと	Toccet	noun	トケット
とすかーなべる	Toskana Belle	noun	トスカーナベル
とだうなだま	Toda Una Dama	noun	トダウナダマ
とっぷらんくど	Top Ranked	noun	トップランクド
となりすと	Tonalist	noun	トナリスト
とびーずこーなー	Toby's Corner	noun	トビーズコーナー
とふぁね	Tofane	noun	トファネ
とぶるく	Tobruk	noun	トブルク
とぼっぐ	Tobougg	noun	トボッグ
とみすーずでぃらいと	Tomisue's Delight	noun	トミスーズディライト
とみーじょー	Tommy Jo	noun	トミージョー
とむきとぅん	Tom Kitten	noun	トムキトゥン
とむずでた	Tom's d'Etat	noun	トムズデタ
とむずとりびゅーと	Tom's Tribute	noun	トムズトリビュート
とらいばりすと	Tribalist	noun	トライバリスト
とらいまいべすと	Try My Best	noun	トライマイベスト
とらうんすと	Trounced	noun	トラウンスト
とらすといんあがすと	Trust in a Gust	noun	トラストインアガスト
とらすとえぬらっく	Trust n Luck	noun	トラストエヌラック
とらっぷふぉーふーるず	Trap For Fools	noun	トラップフォーフールズ
とらでぃしょなりー	Traditionally	noun	トラディショナリー
とらぴーずあーてぃすと	Trapeze Artist	noun	トラピーズアーティスト
とらぶるしゅーてぃんぐ	Troubleshooting	noun	トラブルシューティング
とらぺーずあーてぃすと	Trapeze Artist	noun	トラペーズアーティスト
とらんくいりてぃれいく	Tranquility Lake	noun	トランクイリティレイク
とらんすあとらんてぃっく	Transatlantic	noun	トランスアトランティック
とりかり	Trikari	noun	トリカリ
とりっくすおぶざとれーど	Trix Of The Trade	noun	トリックスオブザトレード
とりっぴ	Trippi	noun	トリッピ
とりっぷとぅぱりす	Trip To Paris	noun	トリップトゥパリス
とりにばーぐ	Trinniberg	noun	トリニバーグ
とりばりすと	Tribalist	noun	トリバリスト
とりびゅーつ	Tributes	noun	トリビューツ
とりぶばん	Tribhuvan	noun	トリブバン
とりぶゔぁん	Tribhuvan	noun	トリブヴァン
とりぷるたいむ	Triple Time	noun	トリプルタイム
とりぽり	Tripoli	noun	トリポリ
とりりおん	Trillion	noun	トリリオン
とるかーたーたっそ	Torquator Tasso	noun	トルカータータッソ
とるねーどあらーと	Tornado Alert	noun	トルネードアラート
とれいたー	Traitor	noun	トレイター
とれじゃーざもーめんと	Treasurethe Moment	noun	トレジャーザモーメント
とれじゃーびーち	Treasure Beach	noun	トレジャービーチ
とれすとれら	Torrestrella	noun	トレストレラ
とれっきんぐ	Trekking	noun	トレッキング
とれど	Toledo	noun	トレド
とれぶ	Treve	noun	トレブ
とれゔ	Treve	noun	トレヴ
とれーでぃんぐれざー	Trading Leather	noun	トレーディングレザー
とれーどすとーむ	Trade Storm	noun	トレードストーム
とろい	Troy	noun	トロイ
とろなーど	Toronado	noun	トロナード
とろぴかす	Tropicus	noun	トロピカス
とろぴかるすこーる	Tropical Squall	noun	トロピカルスコール
とろーらーまん	Trawlerman	noun	トローラーマン
とわいすおーばー	Twice Over	noun	トワイスオーバー
とわいすおーゔぁー	Twice Over	noun	トワイスオーヴァー
とわいすざばいす	Twice the Vice	noun	トワイスザバイス
とわいすざゔぁいす	Twice the Vice	noun	トワイスザヴァイス
とわいらいとあじぇんだ	Twilight Agenda	noun	トワイライトアジェンダ
とわいらいとえくりぷす	Twilight Eclipse	noun	トワイライトエクリプス
とわいらいとそん	Twilight Son	noun	トワイライトソン
とわいらいとぺいめんと	Twilight Payment	noun	トワイライトペイメント
とわーりんぐきゃんでぃ	Twirling Candy	noun	トワーリングキャンディ
とーきーと	Tawqeet	noun	トーキート
とーせんすたーだむ	Tosen Stardom	noun	トーセンスターダム
とーたるいんぱくと	Total Impact	noun	トータルインパクト
とーたるぎゃらりー	Total Gallery	noun	トータルギャラリー
とーなりすと	Tonalist	noun	トーナリスト
どぅあいす	Duais	noun	ドゥアイス
どぅいっとうぃずすたいる	Do It With Style	noun	ドゥイットウィズスタイル
どぅぶりの	Dublino	noun	ドゥブリノ
どぅるにえあんぷるーる	Dernier Empereur	noun	ドゥルニエアンプルール
どぅーだ	Duda	noun	ドゥーダ
どぅーなでん	Dunaden	noun	ドゥーナデン
どぅーばん	Douvan	noun	ドゥーバン
どぅーゔぁん	Douvan	noun	ドゥーヴァン
どうろばれー	Douro Valley	noun	ドウロバレー
どうろゔぁれー	Douro Valley	noun	ドウロヴァレー
どくたーしーべる	Dr. Schivel	noun	ドクターシーベル
どくたーしーゔぇる	Dr. Schivel	noun	ドクターシーヴェル
どくたーじっく	Dr. Zic	noun	ドクタージック
どくたーでぃーの	Doctor Dino	noun	ドクターディーノ
どくたーでびあす	Dr Devious	noun	ドクターデビアス
どくたーでゔぃあす	Dr Devious	noun	ドクターデヴィアス
どくたーどぅーむ	Doctor Doom	noun	ドクタードゥーム
どくたーふぁーがー	Dr. Fager	noun	ドクターファーガー
どくたーふぇいがー	Dr. Fager	noun	ドクターフェイガー
どくたーふぉんぐ	Dr Fong	noun	ドクターフォング
どくたーるーと	Dr. Root	noun	ドクタールート
どごーるれーん	De Gaulle Lane	noun	ドゴールレーン
どっくらんず	Docklands	noun	ドックランズ
どっじ	Dodge	noun	ドッジ
どっぺるげんがー	Doppelganger	noun	ドッペルゲンガー
どなびおら	Donna Viola	noun	ドナビオラ
どなびおら	Donna Viola (GB)	noun	ドナビオラ
どなぶりーに	Donna Blini	noun	ドナブリーニ
どなるどそん	Donaldson	noun	ドナルドソン
どなゔぃおら	Donna Viola	noun	ドナヴィオラ
どなゔぃおら	Donna Viola (GB)	noun	ドナヴィオラ
どにゃー	Donjah	noun	ドニャー
どばいえすかぺーど	Dubai Escapade	noun	ドバイエスカペード
どばいおなー	Dubai Honour	noun	ドバイオナー
どばいさぷらいず	Dubai Surprise	noun	ドバイサプライズ
どばいですてぃねーしょん	Dubai Destination	noun	ドバイデスティネーション
どばいまいる	Dubai Mile	noun	ドバイマイル
どばいまじぇすてぃ	Dubai Majesty	noun	ドバイマジェスティ
どばいみれにあむ	Dubai Millennium	noun	ドバイミレニアム
どばうぃ	Dubawi	noun	ドバウィ
どばうぃはいつ	Dubawi Heights	noun	ドバウィハイツ
どびゅっしー	Debussy	noun	ドビュッシー
どふざだーびー	Doff the Derby	noun	ドフザダービー
どみなんと	Dominant	noun	ドミナント
どみにおん	Dominion	noun	ドミニオン
どみにかん	Dominican	noun	ドミニカン
どむとぅしゅーと	Dom To Shoot	noun	ドムトゥシュート
どめすてぃっくすぺんでぃんぐ	Domestic Spending	noun	ドメスティックスペンディング
どめすてぃっくぷろだくと	Domestic Product	noun	ドメスティックプロダクト
どゆーん	Doyoun	noun	ドユーン
どらきゅら	Dracula	noun	ドラキュラ
どらくろわ	Delacroix	noun	ドラクロワ
どらべっら	Dorabella	noun	ドラベッラ
どらまてぃっくごーるど	Dramatic Gold	noun	ドラマティックゴールド
どらむ	Drum	noun	ドラム
どらむたっぷす	Drum Taps	noun	ドラムタップス
どりえます	Doriemus	noun	ドリエマス
どりる	Drill	noun	ドリル
どりーふぉんていん	Driefontein	noun	ドリーフォンテイン
どりーみんぐおぶあんな	Dreaming of Anna	noun	ドリーミングオブアンナ
どりーみんぐおぶじゅりあ	Dreaming of Julia	noun	ドリーミングオブジュリア
どりーみーみみ	Dreamy Mimi	noun	ドリーミーミミ
どりーむあうぇい	Dreamaway	noun	ドリームアウェイ
どりーむあへっど	Dream Ahead	noun	ドリームアヘッド
どりーむあんどどぅ	Dream And Do	noun	ドリームアンドドゥ
どりーむうぇる	Dream Well	noun	ドリームウェル
どりーむえんぷれす	Dream Empress	noun	ドリームエンプレス
どりーむおぶさまー	Dream of Summer	noun	ドリームオブサマー
どりーむおぶどりーむず	Dream of Dreams	noun	ドリームオブドリームズ
どりーむがろあ	Dreams Gallore	noun	ドリームガロア
どりーむすぷりーむ	Dream Supreme	noun	ドリームスプリーム
どりーむだんしんぐ	Dream Dancing	noun	ドリームダンシング
どりーむつりー	Dream Tree	noun	ドリームツリー
どりーむふぉーす	Dreamforce	noun	ドリームフォース
どりーむらっしゅ	Dream Rush	noun	ドリームラッシュ
どりーむろーぱー	Dreamloper	noun	ドリームローパー
どるとむんと	Dortmund	noun	ドルトムント
どれいんざくろっく	Drain the Clock	noun	ドレインザクロック
どれすとぅすりる	Dress to Thrill	noun	ドレストゥスリル
どれふぉん	Drefong	noun	ドレフォン
どろっせるまいやー	Drosselmeyer	noun	ドロッセルマイヤー
どわいえん	Doyen	noun	ドワイエン
どわいるどきゃっと	D'Wildcat	noun	ドワイルドキャット
どんえどぅあるど	Don Eduardo	noun	ドンエドゥアルド
どんこさっく	Don Cossack	noun	ドンコサック
どんとうぉーりーみー	Don't Worry Me	noun	ドントウォーリーミー
どんとてるそふぃあ	Don't Tell Sophia	noun	ドントテルソフィア
どんなろじーた	Donna Rosita	noun	ドンナロジータ
どんふぁんとらいあんふぁんと	Donjuan Triumphant	noun	ドンファントライアンファント
どーすべいだー	Dorth Vader	noun	ドースベイダー
どーすゔぇいだー	Dorth Vader	noun	ドースヴェイダー
どーのっく	Dornoch	noun	ドーノック
どーびる	Deauville	noun	ドービル
どーみえ	Daumier	noun	ドーミエ
どーむどらいばー	Domedriver	noun	ドームドライバー
どーむどらいゔぁー	Domedriver	noun	ドームドライヴァー
どーんあぷろーち	Dawn Approach	noun	ドーンアプローチ
どーんおぶうぉー	Dawn of War	noun	ドーンオブウォー
どーゔぃる	Deauville	noun	ドーヴィル
ないきすと	Nyquist	noun	ナイキスト
ないそす	Nysos	noun	ナイソス
ないたいむ	Nightime	noun	ナイタイム
ないつおーだー	Knights Order	noun	ナイツオーダー
ないつちょいす	Knight's Choice	noun	ナイツチョイス
ないとおぶさんだー	Night Of Thunder	noun	ナイトオブサンダー
ないとしふと	Night Shift	noun	ナイトシフト
ないとふらわー	Nightflower	noun	ナイトフラワー
ないとまじっく	Night Magic	noun	ナイトマジック
ないとろじぇん	Nitrogen	noun	ナイトロジェン
ないんきーず	Nine Keys	noun	ナインキーズ
なおだまいす	Nao da Mais	noun	ナオダマイス
なかとみ	Nakatomi	noun	ナカトミ
なきーたじぇーん	Nakeeta Jane	noun	ナキータジェーン
なごや	Nagoya	noun	ナゴヤ
なさにえる	Nathaniel	noun	ナサニエル
なしぷーる	Nassipour	noun	ナシプール
なしゅわ	Nashwa	noun	ナシュワ
なしょなるあせんぶりー	National Assembly	noun	ナショナルアセンブリー
なしょなるでぃふぇんす	National Defense	noun	ナショナルディフェンス
なしょなるとれじゃー	National Treasure	noun	ナショナルトレジャー
なしょばずきー	Nashoba's Key	noun	ナショバズキー
なじーふ	Nazeef	noun	ナジーフ
なするーら	Nasrullah	noun	ナスルーラ
なたごら	Natagora	noun	ナタゴラ
なたるま	Natalma	noun	ナタルマ
なだる	Nadal	noun	ナダル
なちゅらるぶりっつ	Natural Blitz	noun	ナチュラルブリッツ
なちょまん	Nacho Man	noun	ナチョマン
なっきー	Nucky	noun	ナッキー
なっしゅびる	Nashville	noun	ナッシュビル
なっしゅゔぃる	Nashville	noun	ナッシュヴィル
なっしんぐとぅるーず	Nothing to Lose	noun	ナッシングトゥルーズ
なでぃーむ	Nadeem	noun	ナディーム
なにーずすうぃーぷ	Nany's Sweep	noun	ナニーズスウィープ
なにーな	Nannina	noun	ナニーナ
なふーど	Nahoodh	noun	ナフード
なぽれおんそろ	Napoleon Solo	noun	ナポレオンソロ
なみっど	Namid	noun	ナミッド
なんちょ	Nancho	noun	ナンチョ
なんばーどあかうんと	Numbered Account	noun	ナンバードアカウント
なーくーす	Naaqoos	noun	ナークース
なーれいん	Nahrain	noun	ナーレイン
にあてぃこ	Neatico	noun	ニアティコ
にあーくてぃっく	Nearctic	noun	ニアークティック
にうぉっと	Niwot	noun	ニウォット
にえろ	Niello	noun	ニエロ
にかろん	Nicaron	noun	ニカロン
にきーや	Nikiya	noun	ニキーヤ
にこねろ	Niconero	noun	ニコネロ
にこれった	Nicoletta	noun	ニコレッタ
にこれに	Nicoreni	noun	ニコレニ
にころっと	Nicolotte	noun	ニコロット
にじんすきー	Nijinsky	noun	ニジンスキー
にっくすごー	Knicks Go	noun	ニックスゴー
にっくねーむ	Nickname	noun	ニックネーム
にっこーに	Nicconi	noun	ニッコーニ
にまりー	Nimalee	noun	ニマリー
にゅーあぷろーち	New Approach	noun	ニューアプローチ
にゅーいやーずでい	New Year's Day	noun	ニューイヤーズデイ
にゅーくりあでべーと	Nuclear Debate	noun	ニュークリアデベート
にゅーげーと	Newgate	noun	ニューゲート
にゅーさうすうぇーるず	New South Wales	noun	ニューサウスウェールズ
にゅーすぺーぱーおぶれこーど	Newspaperofrecord	noun	ニュースペーパーオブレコード
にゅーせんちゅりー	New Century	noun	ニューセンチュリー
にゅーべい	New Bay	noun	ニューベイ
にゅーまねーはにー	New Money Honey	noun	ニューマネーハニー
にゅーめらすたいむず	Numerous Times	noun	ニューメラスタイムズ
にんふぇあ	Nymphea	noun	ニンフェア
ぬたん	Nutan	noun	ヌタン
ぬてらふぇら	Nutella Fella	noun	ヌテラフェラ
ぬめらす	Numerous	noun	ヌメラス
ぬれいえふ	Nureyev	noun	ヌレイエフ
ぬれいえゔ	Nureyev	noun	ヌレイエヴ
ぬれーえふ	Nureyev	noun	ヌレーエフ
ぬれーえゔ	Nureyev	noun	ヌレーエヴ
ねあるこ	Nearco	noun	ネアルコ
ねいえふ	Nayef	noun	ネイエフ
ねいちゃーすとりっぷ	Nature Strip	noun	ネイチャーストリップ
ねいてぃぶだんさー	Native Dancer	noun	ネイティブダンサー
ねいてぃぶとれいる	Native Trail	noun	ネイティブトレイル
ねいてぃぶりばー	Native River	noun	ネイティブリバー
ねいてぃぶりゔぁー	Native River	noun	ネイティブリヴァー
ねいてぃゔだんさー	Native Dancer	noun	ネイティヴダンサー
ねいてぃゔとれいる	Native Trail	noun	ネイティヴトレイル
ねいてぃゔりばー	Native River	noun	ネイティヴリバー
ねいてぃゔりゔぁー	Native River	noun	ネイティヴリヴァー
ねいばるくらうん	Naval Crown	noun	ネイバルクラウン
ねいゔぁるくらうん	Naval Crown	noun	ネイヴァルクラウン
ねきた	Nechita	noun	ネキタ
ねくすとくえすちょん	Next Question	noun	ネクストクエスチョン
ねくすとしぇあーず	Next Shares	noun	ネクストシェアーズ
ねくすとじーな	Next Gina	noun	ネクストジーナ
ねすと	Nest	noun	ネスト
ねずわー	Nezwaah	noun	ネズワー
ねだうぃ	Nedawi	noun	ネダウィ
ねっくれす	Necklace	noun	ネックレス
ねとわいえ	Nettoyer	noun	ネトワイエ
ねばだびーち	Nevada Beach	noun	ネバダビーチ
ねばーおんさんでー	Never On Sunday	noun	ネバーオンサンデー
ねばーせいだい	Never Say Die	noun	ネバーセイダイ
ねばーそーぶれいぶ	Never So Brave	noun	ネバーソーブレイブ
ねばーそーぶれいゔ	Never So Brave	noun	ネバーソーブレイヴ
ねばーべんど	Never Bend	noun	ネバーベンド
ねばーりとりーと	Never Retreat	noun	ネバーリトリート
ねぶらすかとるねーど	Nebraska Tornado	noun	ネブラスカトルネード
ねぽてぃずむ	Nepotism	noun	ネポティズム
ねれいど	Nereid	noun	ネレイド
ねゔぁだびーち	Nevada Beach	noun	ネヴァダビーチ
ねゔぁーおんさんでー	Never On Sunday	noun	ネヴァーオンサンデー
ねゔぁーせいだい	Never Say Die	noun	ネヴァーセイダイ
ねゔぁーそーぶれいぶ	Never So Brave	noun	ネヴァーソーブレイブ
ねゔぁーそーぶれいゔ	Never So Brave	noun	ネヴァーソーブレイヴ
ねゔぁーべんど	Never Bend	noun	ネヴァーベンド
ねゔぁーりとりーと	Never Retreat	noun	ネヴァーリトリート
ねーしょんずぷらいど	Nations Pride	noun	ネーションズプライド
のうはいつ	Know Heights	noun	ノウハイツ
のうんあじぇんだ	Known Agenda	noun	ノウンアジェンダ
のうんふぁくと	Known Fact	noun	ノウンファクト
のちぇすでろさ	Noches de Rosa	noun	ノチェスデロサ
のっとあしんぐるだうと	Not A Single Doubt	noun	ノットアシングルダウト
のっとさぷらいじんぐ	Not Surprising	noun	ノットサプライジング
のっとでぃすたいむ	Not This Time	noun	ノットディスタイム
のっとなうけいと	Notnowcato	noun	ノットナウケイト
のっとふぉーせーる	Not For Sale	noun	ノットフォーセール
のとわーる	Notoire	noun	ノトワール
のばすたー	Nova Star	noun	ノバスター
のべりすと	Novellist	noun	ノベリスト
のべーる	Noverre	noun	ノベール
のむでゅじゅー	Nom Du Jeu	noun	ノムデュジュー
のるじーた	Norzita	noun	ノルジータ
のんさっちべい	Nonsuch Bay	noun	ノンサッチベイ
のんざ	Nonza	noun	ノンザ
のゔぁすたー	Nova Star	noun	ノヴァスター
のゔぇりすと	Novellist	noun	ノヴェリスト
のゔぇーる	Noverre	noun	ノヴェール
のーくらす	No Class	noun	ノークラス
のーこんぷろまいず	No Compromise	noun	ノーコンプロマイズ
のーさっちわーど	No Such Word	noun	ノーサッチワード
のーざりー	Northerly	noun	ノーザリー
のーざんえめらるど	Northern Emerald	noun	ノーザンエメラルド
のーざんげすと	Northern Guest	noun	ノーザンゲスト
のーざんすぱー	Northern Spur	noun	ノーザンスパー
のーざんだんさー	Northern Dancer	noun	ノーザンダンサー
のーざんどれいく	Northern Drake	noun	ノーザンドレイク
のーざんみーてぃあ	Northern Meteor	noun	ノーザンミーティア
のーすうっどぷるーむ	Northwood Plume	noun	ノースウッドプルーム
のーすぴーくあれくさんだー	No Speak Alexander	noun	ノースピークアレクサンダー
のーすふぃーるず	Northfields	noun	ノースフィールズ
のーすらいと	North Light	noun	ノースライト
のーたぶるきゃりあ	Notable Career	noun	ノータブルキャリア
のーたぶるすぴーち	Notable Speech	noun	ノータブルスピーチ
のーてっどあんどくぉーてっど	Noted and Quoted	noun	ノーテッドアンドクォーテッド
のーねいねばー	No Nay Never	noun	ノーネイネバー
のーねいねゔぁー	No Nay Never	noun	ノーネイネヴァー
のーはーふめじゃーず	No Half Measures	noun	ノーハーフメジャーズ
のーぱろる	No Parole	noun	ノーパロル
のーびずらいくしょーびず	Nobiz Like Shobiz	noun	ノービズライクショービズ
のーぶるずぷろみす	Noble's Promise	noun	ノーブルズプロミス
のーぶるばーど	Noble Bird	noun	ノーブルバード
のーぶるぱーる	Noble Pearl	noun	ノーブルパール
のーぶるみっしょん	Noble Mission	noun	ノーブルミッション
のーぼーるず	Nobals	noun	ノーボールズ
のーまたーびわっと	No Matter What	noun	ノーマタービワット
のーみーんしてぃ	No Mean City	noun	ノーミーンシティ
はいいーるど	High Yield	noun	ハイイールド
はいえすとおなー	Highest Honor	noun	ハイエストオナー
はいしゃぱらる	High Chaparral	noun	ハイシャパラル
はいじんくす	High Jinx	noun	ハイジンクス
はいとおぶふぁっしょん	Height of Fashion	noun	ハイトオブファッション
はいとおゔふぁっしょん	Height of Fashion	noun	ハイトオヴファッション
はいどらんじあ	Hydrangea	noun	ハイドランジア
はいどれんじあ	Hydrangea	noun	ハイドレンジア
はいはっぴー	Hi Happy	noun	ハイハッピー
はいぱーばりっく	Hyperbaric	noun	ハイパーバリック
はいふぃーるどぷりんせす	Highfield Princess	noun	ハイフィールドプリンセス
はいふらい	High Fly	noun	ハイフライ
はいぺりおん	Hyperion	noun	ハイペリオン
はいみっしゅはい	Haimish Hy	noun	ハイミッシュハイ
はいやーぱわー	Higher Power	noun	ハイヤーパワー
はいらいず	High-Rise	noun	ハイライズ
はいらいん	High Line	noun	ハイライン
はいらんどちーふ	Highland Chief	noun	ハイランドチーフ
はいらんどとーく	Highland Talk	noun	ハイランドトーク
はいらんどふぉーるず	Highland Falls	noun	ハイランドフォールズ
はいらんどりーる	Highland Reel	noun	ハイランドリール
はいる	Hayil	noun	ハイル
はうすばすたー	Housebuster	noun	ハウスバスター
はうすぱーてぃ	House Party	noun	ハウスパーティ
はうらき	Hauraki	noun	ハウラキ
はさはろ	Hasahalo	noun	ハサハロ
はしり	Hasili	noun	ハシリ
はすな	Hasna	noun	ハスナ
はすらー	Hustler	noun	ハスラー
はずばんど	Husband	noun	ハズバンド
はっくるばっく	Hucklebuck	noun	ハックルバック
はっそねっと	Hussonet	noun	ハッソネット
はっぴりー	Happily	noun	ハッピリー
はっぴーあんにゅい	Happyanunoit	noun	ハッピーアンニュイ
はっぴーくらっぱー	Happy Clapper	noun	ハッピークラッパー
はっぴーせいばー	Happy Saver	noun	ハッピーセイバー
はっぴーせいゔぁー	Happy Saver	noun	ハッピーセイヴァー
はっぴーせーばー	Happy Saver	noun	ハッピーセーバー
はっぴーせーゔぁー	Happy Saver	noun	ハッピーセーヴァー
はっぴーぜろ	Happy Zero	noun	ハッピーゼロ
はっぴーちけっと	Happy Ticket	noun	ハッピーチケット
はっぴーとれいるず	Happy Trails	noun	ハッピートレイルズ
はです	Hades	noun	ハデス
はとぅーふ	Hatoof	noun	ハトゥーフ
はなみ	Hanami	noun	ハナミ
はにーうぇい	Honeyway	noun	ハニーウェイ
はにーさっくる	Honeysuckle	noun	ハニーサックル
はにーらいだー	Honey Ryder	noun	ハニーライダー
はは	Ha Ha	noun	ハハ
はばな	Habana	noun	ハバナ
はばな	Havana	noun	ハバナ
はばなぐれー	Havana Grey	noun	ハバナグレー
はばなごーるど	Havana Gold	noun	ハバナゴールド
はびたっと	Habitat	noun	ハビタット
はびび	Habibi	noun	ハビビ
はびぶてぃ	Habibti	noun	ハビブティ
はぶゆーごーんあうぇい	Haveyougoneaway	noun	ハブユーゴーンアウェイ
はます	Hamas	noun	ハマス
はやすぎ	Hayasugi	noun	ハヤスギ
はらいーる	Harayir	noun	ハライール
はらださん	Haradasun	noun	ハラダサン
はらでい	Halladay	noun	ハラデイ
はりうっどすとーりー	Hollywood Story	noun	ハリウッドストーリー
はりうっどどりーむ	Hollywood Dream	noun	ハリウッドドリーム
はりうっどわいるどきゃっと	Hollywood Wildcat	noun	ハリウッドワイルドキャット
はりけーんきゃっと	Hurricane Cat	noun	ハリケーンキャット
はりけーんふらい	Hurricane Fly	noun	ハリケーンフライ
はりけーんらん	Hurricane Run	noun	ハリケーンラン
はりけーんれーん	Hurricane Lane	noun	ハリケーンレーン
はりーえんじぇる	Harry Angel	noun	ハリーエンジェル
はりーば	Hareeba	noun	ハリーバ
はるずほーぷ	Hal's Hope	noun	ハルズホープ
はろうどくらうん	Hallowed Crown	noun	ハロウドクラウン
はろー	Hello	noun	ハロー
はろーゆーむざいん	Hello Youmzain	noun	ハローユームザイン
はわーどうぉろうぃっつ	Howard Wolowitz	noun	ハワードウォロウィッツ
はわーどびーぜいねーむ	Howard Be Thy Name	noun	ハワードビーゼイネーム
はんぐりーはーと	Hungry Heart	noun	ハングリーハート
はんせる	Hansel	noun	ハンセル
はんせん	Hansen	noun	ハンセン
はんたーおらいりー	Hunter O'Riley	noun	ハンターオライリー
はんたーずらいと	Hunter's Light	noun	ハンターズライト
はんと	Hunt	noun	ハント
はんぷとんこーと	Hampton Court	noun	ハンプトンコート
はゔぁな	Havana	noun	ハヴァナ
はゔぁなぐれー	Havana Grey	noun	ハヴァナグレー
はゔぁなごーるど	Havana Gold	noun	ハヴァナゴールド
はゔゆーごーんあうぇい	Haveyougoneaway	noun	ハヴユーゴーンアウェイ
はーえみねんしー	Her Emmynency	noun	ハーエミネンシー
はーきゅりあんぷりんす	Herculian Prince	noun	ハーキュリアンプリンス
はーざんど	Harzand	noun	ハーザンド
はーすまいる	Her Smile	noun	ハースマイル
はーつおぶふぁいあ	Hearts of Fire	noun	ハーツオブファイア
はーですとこあ	Hardest Core	noun	ハーデストコア
はーとおぶどりーむす	Heart of Dreams	noun	ハートオブドリームス
はーととぅはーと	Heart to Heart	noun	ハートトゥハート
はーとねる	Hartnell	noun	ハートネル
はーとるまーとる	Hurtle Myrtle	noun	ハートルマートル
はーどえーしーず	Hard Aces	noun	ハードエーシーズ
はーどすぱん	Hard Spun	noun	ハードスパン
はーどとぅげっと	Hard To Get	noun	ハードトゥゲット
はーどとぅじゃすてぃふぁい	Hard to Justify	noun	ハードトゥジャスティファイ
はーどのっととぅらいく	Hard Not to Like	noun	ハードノットトゥライク
はーどのっととぅらぶ	Hard Not to Love	noun	ハードノットトゥラブ
はーどのっととぅらゔ	Hard Not to Love	noun	ハードノットトゥラヴ
はーどばっく	Hard Buck	noun	ハードバック
はーどらだ	Hardrada	noun	ハードラダ
はーばーろー	Harbour Law	noun	ハーバーロー
はーびんがー	Harbinger	noun	ハービンガー
はーふうぇいとぅへぶん	Halfway To Heaven	noun	ハーフウェイトゥヘブン
はーふうぇいとぅへゔん	Halfway To Heaven	noun	ハーフウェイトゥヘヴン
はーふど	Haafhd	noun	ハーフド
はーふぶらいどるど	Halfbridled	noun	ハーフブライドルド
はーふへねしー	Half Hennessy	noun	ハーフヘネシー
はーふゆあーず	Half Yours	noun	ハーフユアーズ
はーべいずりるごいる	Harvey's Lil Goil	noun	ハーベイズリルゴイル
はーもさ	Hermosa	noun	ハーモサ
はーもないず	Harmonize	noun	ハーモナイズ
はーもにあす	Harmonious	noun	ハーモニアス
はーもにーろっじ	Harmony Lodge	noun	ハーモニーロッジ
はーらん	Harlan	noun	ハーラン
はーらんずほりでい	Harlan's Holiday	noun	ハーランズホリデイ
はーらんずほりでー	Harlan's Holiday	noun	ハーランズホリデー
はーらー	Hurrah	noun	ハーラー
はーれむ	Harlem	noun	ハーレム
はーゔぇいずりるごいる	Harvey's Lil Goil	noun	ハーヴェイズリルゴイル
ばいえるん	Bayern	noun	バイエルン
ばいおれんす	Violence	noun	バイオレンス
ばいかうんと	Viscount	noun	バイカウント
ばいかー	Vicar	noun	バイカー
ばいざすぽーつ	Buy the Sport	noun	バイザスポーツ
ばいざむーん	By the Moon	noun	バイザムーン
ばいすりーじぇんと	Vice Regent	noun	バイスリージェント
ばいたりてぃー	Vitality	noun	バイタリティー
ばいぶらんとさん	Vibrant Sun	noun	バイブラントサン
ばいらま	Byrama	noun	バイラマ
ばいわーど	Byword	noun	バイワード
ばいんやーどへぶん	Vineyard Haven	noun	バインヤードヘブン
ばいんやーどへゔん	Vineyard Haven	noun	バインヤードヘヴン
ばうあんどでくれあ	Vow and Declare	noun	バウアンドデクレア
ばうんでぃんぐ	Bounding	noun	バウンディング
ばえざ	Baeza	noun	バエザ
ばけあ	Vacare	noun	バケア
ばご	Bago	noun	バゴ
ばざーずべい	Buzzards Bay	noun	バザーズベイ
ばしりか	Vasilika	noun	バシリカ
ばじらばど	Vazirabad	noun	バジラバド
ばじらばーど	Vazirabad	noun	バジラバード
ばじーら	Vazira	noun	バジーラ
ばすたーずれでぃ	Buster's Ready	noun	バスターズレディ
ばすてぃんすとーんず	Bustin Stones	noun	バスティンストーンズ
ばすと	Bast	noun	バスト
ばすとらー	Bustler	noun	バストラー
ばずらいといやー	Buzz Lightyear	noun	バズライトイヤー
ばずわーど	Buzzword	noun	バズワード
ばぜる	Bazelle	noun	バゼル
ばたーしゅ	Battaash	noun	バターシュ
ばだうぃな	Vadawina	noun	バダウィナ
ばだもす	Vadamos	noun	バダモス
ばちあー	Bachir	noun	バチアー
ばちぇらーでゅーく	Bachelor Duke	noun	バチェラーデューク
ばっかるー	Buckaroo	noun	バッカルー
ばっくしーとりずむ	Backseat Rhythm	noun	バックシートリズム
ばっくすぼーい	Buck's Boy	noun	バックスボーイ
ばっくぱさー	Buckpasser	noun	バックパサー
ばっじゃーらんど	Badger Land	noun	バッジャーランド
ばっどあずあいうぉなびー	Bad As I Wanna Be	noun	バッドアズアイウォナビー
ばっふぁりんぐ	Buffering	noun	バッファリング
ばてぃーる	Bateel	noun	バティール
ばでぃぎる	Buddy Gil	noun	バディギル
ばでに	Vadeni	noun	バデニ
ばとるおぶみっどうぇい	Battle of Midway	noun	バトルオブミッドウェイ
ばとるおぶみっどうぇー	Battle of Midway	noun	バトルオブミッドウェー
ばなびー	Bannaby	noun	バナビー
ばはみあんないと	Bahamian Knight	noun	バハミアンナイト
ばはみあんばうんてぃ	Bahamian Bounty	noun	バハミアンバウンティ
ばはみあんぱいれーと	Bahamian Pirate	noun	バハミアンパイレート
ばぶーしゅ	Babouche	noun	バブーシュ
ばほりみっくす	Vahorimix	noun	バホリミックス
ばやこあ	Bayakoa	noun	バヤコア
ばらいえてぃくらぶ	Variety Club	noun	バライエティクラブ
ばらきえる	Baraqiel	noun	バラキエル
ばらきー	Barakey	noun	バラキー
ばらしあ	Barathea	noun	バラシア
ばらぬーる	Valanour	noun	バラヌール
ばらんしーん	Balanchine	noun	バランシーン
ばらんす	Balance	noun	バランス
ばらんてぃな	Balantina	noun	バランティナ
ばりあんす	Valiance	noun	バリアンス
ばりくしーる	Valixir	noun	バリクシール
ばりさだ	Balisada	noun	バリサダ
ばりしにこふ	Baryshnikov	noun	バリシニコフ
ばりしにこゔ	Baryshnikov	noun	バリシニコヴ
ばりだれす	Balidaress	noun	バリダレス
ばりっどびでお	Valid Video	noun	バリッドビデオ
ばりっどぽいんと	Valid Point	noun	バリッドポイント
ばりっどゔぃでお	Valid Video	noun	バリッドヴィデオ
ばりどいる	Ballydoyle	noun	バリドイル
ばりら	Valyra	noun	バリラ
ばりんか	Barinka	noun	バリンカ
ばりんがりー	Ballingarry	noun	バリンガリー
ばるあばり	Bal a Bali	noun	バルアバリ
ばるかだ	Barkada	noun	バルカダ
ばるずぷりんす	Val's Prince	noun	バルズプリンス
ばるだ	Varda	noun	バルダ
ばるてぃっくばろねす	Baltic Baroness	noun	バルティックバロネス
ばるでっさりーに	Baldessarini	noun	バルデッサリーニ
ばるとすたー	Balto Star	noun	バルトスター
ばるどろわーる	Val de Loir	noun	バルドロワール
ばるどーり	Vale Dori	noun	バルドーリ
ばるなばら	Barnavara	noun	バルナバラ
ばるなゔぁら	Barnavara	noun	バルナヴァラ
ばるみゅーず	Balmuse	noun	バルミューズ
ばるろいやる	Val Royal	noun	バルロイヤル
ばれでぃくたむ	Valedictum	noun	バレディクタム
ばれなー	Varenar	noun	バレナー
ばれんたいんわるつ	Valentine Waltz	noun	バレンタインワルツ
ばれーあんしゃんて	Vallee Enchantee	noun	バレーアンシャンテ
ばれーおぶごーるど	Valley of Gold	noun	バレーオブゴールド
ばれーがーる	Valley Girl	noun	バレーガール
ばわらくさな	Bawalaksana	noun	バワラクサナ
ばんかー	Bunker	noun	バンカー
ばんくすひる	Banks Hill	noun	バンクスヒル
ばんくーばー	Vancouver	noun	バンクーバー
ばんくーゔぁー	Vancouver	noun	バンクーヴァー
ばんぐるいんざじゃんぐる	Bungle Inthejungle	noun	バングルインザジャングル
ばんごっほ	Van Gogh	noun	バンゴッホ
ばんしー	Banchee	noun	バンシー
ばんしーぶりーず	Banshee Breeze	noun	バンシーブリーズ
ばんでぃーく	Vandeek	noun	バンディーク
ばんでぃーに	Bandini	noun	バンディーニ
ばんどぅだんす	Vin De Dance	noun	バンドゥダンス
ばんぶら	Vanbrugh	noun	バンブラ
ばー	Var	noun	バー
ばーいーど	Baaeed	noun	バーイード
ばーおぶごーるど	Bar of Gold	noun	バーオブゴールド
ばーぐらす	Verglas	noun	バーグラス
ばーじにあうぉーたーず	Virginia Waters	noun	バージニアウォーターズ
ばーじにあらぴっず	Virginia Rapids	noun	バージニアラピッズ
ばーだ	Varda	noun	バーダ
ばーちゅある	Virtual	noun	バーチュアル
ばーてぃかるぶるー	Vertical Blue	noun	バーティカルブルー
ばーでんおぶぷるーふ	Burden of Proof	noun	バーデンオブプルーフ
ばーどあっとざわいやー	Birdatthewire	noun	バードアットザワイヤー
ばーどすとーん	Birdstone	noun	バードストーン
ばーどたうん	Bird Town	noun	バードタウン
ばーどまん	Birdman	noun	バードマン
ばーなむすくえあ	Burnham Square	noun	バーナムスクエア
ばーなーでぃに	Bernardini	noun	バーナーディニ
ばーにんぐろーま	Burning Roma	noun	バーニングローマ
ばーにーろい	Barney Roy	noun	バーニーロイ
ばーば	Vahva	noun	バーバ
ばーばるでくすてりてぃ	Verbal Dexterity	noun	バーバルデクステリティ
ばーばろ	Barbaro	noun	バーバロ
ばーり	Bahri	noun	バーリ
ばーんすたいん	Bernstein	noun	バーンスタイン
ばーゔぁ	Vahva	noun	バーヴァ
ぱいおにあおぶざないる	Pioneerof the Nile	noun	パイオニアオブザナイル
ぱいくぷれいすだんさー	Pike Place Dancer	noun	パイクプレイスダンサー
ぱいるどらいばー	Pyledriver	noun	パイルドライバー
ぱいるどらいゔぁー	Pyledriver	noun	パイルドライヴァー
ぱいれーつりべんじ	Pirate's Revenge	noun	パイレーツリベンジ
ぱいれーつりゔぇんじ	Pirate's Revenge	noun	パイレーツリヴェンジ
ぱいろ	Pyro	noun	パイロ
ぱいんあいらんど	Pine Island	noun	パインアイランド
ぱいんはーすと	Pinehurst	noun	パインハースト
ぱいんぶらふ	Pine Bluff	noun	パインブラフ
ぱおらくいーん	Paola Queen	noun	パオラクイーン
ぱきすたんすたー	Pakistan Star	noun	パキスタンスター
ぱこぼーい	Paco Boy	noun	パコボーイ
ぱさでながーる	Pasadena Girl	noun	パサデナガール
ぱさどぶれ	Pasadoble	noun	パサドブレ
ぱさどーぶる	Pasadoble	noun	パサドーブル
ぱすとらるぱーすーつ	Pastoral Pursuits	noun	パストラルパースーツ
ぱすとりうす	Pastorius	noun	パストリウス
ぱすふぉーく	Pathfork	noun	パスフォーク
ぱせあな	Paseana	noun	パセアナ
ぱたべりあん	Patavellian	noun	パタベリアン
ぱたゔぇりあん	Patavellian	noun	パタヴェリアン
ぱたーんれこぐにしょん	Patternrecognition	noun	パターンレコグニション
ぱっしねってぃ	Passinetti	noun	パッシネッティ
ぱっしょんふぉーごーるど	Passion for Gold	noun	パッションフォーゴールド
ぱっしんぐしょっと	Passing Shot	noun	パッシングショット
ぱっせーじおぶたいむ	Passage Of Time	noun	パッセージオブタイム
ぱっちあだむす	Patch Adams	noun	パッチアダムス
ぱてっつぁ	Patezza	noun	パテッツァ
ぱでぃおぷらど	Paddy O'Prado	noun	パディオプラド
ぱでぃんとん	Paddington	noun	パディントン
ぱとりっくえりん	Patrick Erin	noun	パトリックエリン
ぱどれぽんす	Pas de Reponse	noun	パドレポンス
ぱのーば	Panova	noun	パノーバ
ぱのーゔぁ	Panova	noun	パノーヴァ
ぱぴのー	Papineau	noun	パピノー
ぱべる	Pavel	noun	パベル
ぱらいしぱん	Palaisipan	noun	パライシパン
ぱらだいすうっず	Paradise Woods	noun	パラダイスウッズ
ぱらだいすくりーく	Paradise Creek	noun	パラダイスクリーク
ぱらとぅるーぱーず	Paratroopers	noun	パラトゥルーパーズ
ぱりすれーん	Paris Lane	noun	パリスレーン
ぱりっしゅほーる	Parish Hall	noun	パリッシュホール
ぱりらいつ	Paris Lights	noun	パリライツ
ぱるくりちゅでぃなす	Pulchritudinous	noun	パルクリチュディナス
ぱるぴっと	Pulpit	noun	パルピット
ぱるます	Palmas	noun	パルマス
ぱれすえぴそーど	Palace Episode	noun	パレスエピソード
ぱれすぴあ	Palace Pier	noun	パレスピア
ぱれすまりす	Palace Malice	noun	パレスマリス
ぱれすみゅーじっく	Palace Music	noun	パレスミュージック
ぱれんてぃーの	Palentino	noun	パレンティーノ
ぱれーどりーだー	Parade Leader	noun	パレードリーダー
ぱわふるぐろーりー	Powerful Glory	noun	パワフルグローリー
ぱわー	Power	noun	パワー
ぱわーすくいーず	Power Squeeze	noun	パワースクイーズ
ぱわーずこーと	Powerscourt	noun	パワーズコート
ぱわーぶるー	Power Blue	noun	パワーブルー
ぱわーぶろーかー	Power Broker	noun	パワーブローカー
ぱんくてぃりあす	Punctilious	noun	パンクティリアス
ぱんたに	Pantani	noun	パンタニ
ぱんちゅら	Puntura	noun	パンチュラ
ぱんてぃれいど	Panty Raid	noun	パンティレイド
ぱんとれせれぶる	Peintre Celebre	noun	パントレセレブル
ぱんぱーどぷりんせす	Pampered Princess	noun	パンパードプリンセス
ぱんふぃーるど	Panfield	noun	パンフィールド
ぱゔぇる	Pavel	noun	パヴェル
ぱーいんかんと	Per Incanto	noun	パーインカント
ぱーくあぴーる	Park Appeal	noun	パークアピール
ぱーしすてんとりー	Persistently	noun	パーシステントリー
ぱーしゃんきんぐ	Persian King	noun	パーシャンキング
ぱーしーずばー	Percy's Bar	noun	パーシーズバー
ぱーじ	Purge	noun	パージ
ぱーすえいしぶ	Persuasive	noun	パースエイシブ
ぱーすえいしゔ	Persuasive	noun	パースエイシヴ
ぱーそなるえんさいん	Personal Ensign	noun	パーソナルエンサイン
ぱーそなるえんすん	Personal Ensign	noun	パーソナルエンスン
ぱーそなるだいありー	Personal Diary	noun	パーソナルダイアリー
ぱーてぃぷらる	Partipral	noun	パーティプラル
ぱーふぇくとありばい	Perfect Alibi	noun	パーフェクトアリバイ
ぱーふぇくとあーく	Perfect Arc	noun	パーフェクトアーク
ぱーふぇくとしーる	Perfect Shirl	noun	パーフェクトシール
ぱーふぇくとすてぃんぐ	Perfect Sting	noun	パーフェクトスティング
ぱーふぇくとそうる	Perfect Soul	noun	パーフェクトソウル
ぱーふぇくとどりふと	Perfect Drift	noun	パーフェクトドリフト
ぱーふぇくとぱわー	Perfect Power	noun	パーフェクトパワー
ぱーふぇくとぱーとなー	Perfect Partner	noun	パーフェクトパートナー
ぱーふぇくとふぃっと	Perfect Fit	noun	パーフェクトフィット
ぱーふぇくとぷろみす	Perfect Promise	noun	パーフェクトプロミス
ぱーふぇくとりふれくしょん	Perfect Reflection	noun	パーフェクトリフレクション
ぱーふぇくとりーれでぃ	Perfectly Ready	noun	パーフェクトリーレディ
ぱーりん	Perlin	noun	パーリン
ぱーるおぶらぶ	Pearl of Love	noun	パールオブラブ
ぱーるおぶらゔ	Pearl of Love	noun	パールオブラヴ
ぱーるしてぃ	Pearl City	noun	パールシティ
ぱーるずがろあ	Pearls Galore	noun	パールズガロア
ぱーるずがろあー	Pearls Galore	noun	パールズガロアー
ひあかむずべん	Here Comes Ben	noun	ヒアカムズベン
ひすてりかれでぃ	Hystericalady	noun	ヒステリカレディ
ひすとりあん	Historian	noun	ヒストリアン
ひっといっとあぼむ	Hit It A Bomb	noun	ヒットイットアボム
ひっとざろーど	Hit the Road	noun	ヒットザロード
ひとつ	Hitotsu	noun	ヒトツ
ひどぅんれいく	Hidden Lake	noun	ヒドゥンレイク
ひどにすと	Hedonist	noun	ヒドニスト
ひばーいぇぶ	Hibaayeb	noun	ヒバーイェブ
ひむぶっく	Hymn Book	noun	ヒムブック
ひやーかむずふぇん	Here Comes When	noun	ヒヤーカムズフェン
ひやーとぅしょっく	Here To Shock	noun	ヒヤートゥショック
ひやーむ	Hiyaam	noun	ヒヤーム
ひゅーそねっと	Hussonet	noun	ヒューソネット
ひゅーみどーる	Humidor	noun	ヒューミドール
ひるすたー	Hillstar	noun	ヒルスター
ひるだずぱっしょん	Hilda's Passion	noun	ヒルダズパッション
ひろいっくばらー	Heroic Valour	noun	ヒロイックバラー
ひろいっくゔぁらー	Heroic Valour	noun	ヒロイックヴァラー
ひんじど	Hinged	noun	ヒンジド
ひんちんぶるっく	Hinchinbrook	noun	ヒンチンブルック
ひーずあどぅーじー	He's A Doozy	noun	ヒーズアドゥージー
ひーずあわーろっきー	He's Our Rokkii	noun	ヒーズアワーロッキー
ひーずのーぱいいーたー	He's No Pie Eater	noun	ヒーズノーパイイーター
ひーずゆあまん	He's Your Man	noun	ヒーズユアマン
ひーとしーかー	Heatseeker	noun	ヒートシーカー
ひーとへいず	Heat Haze	noun	ヒートヘイズ
ひーろー	Hero	noun	ヒーロー
びあしすてぃーな	Via Sistina	noun	ビアシスティーナ
びあだーな	Viadana	noun	ビアダーナ
びあり	Vialli	noun	ビアリ
びあんかねら	Bianca Nera	noun	ビアンカネラ
びえなまど	Bienamado	noun	ビエナマド
びえんびえん	Bien Bien	noun	ビエンビエン
びがーぴくちゃー	Bigger Picture	noun	ビガーピクチャー
びくいすと	Vequist	noun	ビクイスト
びくえすと	Bequest	noun	ビクエスト
びくたーくーりー	Victor Cooley	noun	ビクタークーリー
びくたーざうぃなー	Victor the Winner	noun	ビクターザウィナー
びくたーるどらむ	Victor Ludorum	noun	ビクタールドラム
びくたーるどるむ	Victor Ludorum	noun	ビクタールドルム
びくとりあろーど	Victoria Road	noun	ビクトリアロード
びくとりーえんかうんたー	Victory Encounter	noun	ビクトリーエンカウンター
びくとりーぎゃろっぷ	Victory Gallop	noun	ビクトリーギャロップ
びくとりーすぴーち	Victory Speech	noun	ビクトリースピーチ
びくとりーすまいる	Victory Smile	noun	ビクトリースマイル
びくとりーとぅびくとりー	Victory to Victory	noun	ビクトリートゥビクトリー
びくとりーとぅゔぃくとりー	Victory to Victory	noun	ビクトリートゥヴィクトリー
びくとりーのーと	Victory Note	noun	ビクトリーノート
びくとりーべいん	Victory Vein	noun	ビクトリーベイン
びくとりーらいど	Victory Ride	noun	ビクトリーライド
びくとりーゔぇいん	Victory Vein	noun	ビクトリーヴェイン
びしょっぷこーとひる	Bishop Court Hill	noun	ビショップコートヒル
びじゅーだんど	Bijou d'Inde	noun	ビジューダンド
びじょなーれ	Visionaire	noun	ビジョナーレ
びじょんあんどぱわー	Vision And Power	noun	ビジョンアンドパワー
びじょんでた	Vision d'Etat	noun	ビジョンデタ
びじーるべい	Bezeal Bay	noun	ビジールベイ
びすけい	Biscay	noun	ビスケイ
びずざなーす	Biz The Nurse	noun	ビズザナース
びたまん	Vita Man	noun	ビタマン
びっぐいーぶす	Big Evs	noun	ビッグイーブス
びっぐいーゔす	Big Evs	noun	ビッグイーヴス
びっぐおれんじ	Big Orange	noun	ビッグオレンジ
びっぐしゃっふる	Big Shuffle	noun	ビッグシャッフル
びっぐどらま	Big Drama	noun	ビッグドラマ
びっぐばっくす	Big Buck's	noun	ビッグバックス
びっぐぱっと	Big Pat	noun	ビッグパット
びっぐぶらうん	Big Brown	noun	ビッグブラウン
びっぐぶるーきとぅん	Big Blue Kitten	noun	ビッグブルーキトゥン
びっぐまっちゃー	Big Macher	noun	ビッグマッチャー
びっぐもじょ	Big Mojo	noun	ビッグモジョ
びっぐろっく	Big Rock	noun	ビッグロック
びっぐわーるど	Big World	noun	ビッグワールド
びっとおぶほいむじー	Bit Of Whimsy	noun	ビットオブホイムジー
びてす	Vitesse	noun	ビテス
びどら	Viddora	noun	ビドラ
びなか	Vinaka	noun	ビナカ
びにーろー	Vinnie Roe	noun	ビニーロー
びのきゅらー	Binocular	noun	ビノキュラー
びばぱたか	Viva Pataca	noun	ビバパタカ
びばーく	Bivouac	noun	ビバーク
びびっどえんじぇる	Vivid Angel	noun	ビビッドエンジェル
びへいびんぐばっどりー	Behaving Badly	noun	ビヘイビングバッドリー
びへいゔぃんぐばっどりー	Behaving Badly	noun	ビヘイヴィングバッドリー
びほるだー	Beholder	noun	ビホルダー
びゅーてぃぱーらー	Beauty Parlour	noun	ビューティパーラー
びゅーてぃふるぷれじゃー	Beautiful Pleasure	noun	ビューティフルプレジャー
びゅーてぃふるめろでぃ	Beautiful Melody	noun	ビューティフルメロディ
びゅーてぃーえたーなる	Beauty Eternal	noun	ビューティーエターナル
びゅーてぃーおんりー	Beauty Only	noun	ビューティーオンリー
びゅーてぃーじぇねれーしょん	Beauty Generation	noun	ビューティージェネレーション
びゅーてぃーぱーらー	Beauty Parlour	noun	ビューティーパーラー
びゅーてぃーふらっしゅ	Beauty Flash	noun	ビューティーフラッシュ
びゅーど	Viewed	noun	ビュード
びよんどぶりりあんと	Beyond Brilliant	noun	ビヨンドブリリアント
びらまりーな	Villa Marina	noun	ビラマリーナ
びらーじゅどぅふぉるちゅん	Virage de Fortune	noun	ビラージュドゥフォルチュン
びりーぶゆーきゃん	Believe You Can	noun	ビリーブユーキャン
びりーゔゆーきゃん	Believe You Can	noun	ビリーヴユーキャン
びるずどんぶるっく	Billesdon Brook	noun	ビルズドンブルック
びろ	Bilo	noun	ビロ
びんてーじくろっぷ	Vintage Crop	noun	ビンテージクロップ
びんてーじてぃっぷる	Vintage Tipple	noun	ビンテージティップル
びんでぃけーしょん	Vindication	noun	ビンディケーション
びんやーどはいぶん	Vineyard Haven	noun	ビンヤードハイブン
びんやーどはいゔん	Vineyard Haven	noun	ビンヤードハイヴン
びんやーどへいぶん	Vineyard Haven	noun	ビンヤードヘイブン
びんやーどへいゔん	Vineyard Haven	noun	ビンヤードヘイヴン
びんろっく	Vinrock	noun	ビンロック
びゔぁぱたか	Viva Pataca	noun	ビヴァパタカ
びゔぁーく	Bivouac	noun	ビヴァーク
びゔぃっどえんじぇる	Vivid Angel	noun	ビヴィッドエンジェル
びーいーでい	V. E. Day	noun	ビーイーデイ
びーぐっどとーやまざー	Begood Toya Mother	noun	ビーグッドトーヤマザー
びーじゃーじー	Bee Jersey	noun	ビージャージー
びーちぱとろーる	Beach Patrol	noun	ビーチパトロール
びーでっど	Beaded	noun	ビーデッド
びーとざくろっく	Beat The Clock	noun	ビートザクロック
びーとほろう	Beat Hollow	noun	ビートホロウ
びーとんあっぷ	Beaten Up	noun	ビートンアップ
びーのろっそ	Vino Rosso	noun	ビーノロッソ
びーふぁびゅらす	Be Fabulous	noun	ビーファビュラス
びーぼ	Bevo	noun	ビーボ
びーまいげすと	Be My Guest	noun	ビーマイゲスト
びーゆあべすと	Be Your Best	noun	ビーユアベスト
びーゔぉ	Bevo	noun	ビーヴォ
ぴあ	Pier	noun	ピア
ぴあちぇい	Piachay	noun	ピアチェイ
ぴありす	Peeress	noun	ピアリス
ぴあれす	Peeress	noun	ピアレス
ぴえらーた	Pierata	noun	ピエラータ
ぴえろ	Pierro	noun	ピエロ
ぴえーるぼなーる	Pierre Bonnard	noun	ピエールボナール
ぴかでい	Picaday	noun	ピカデイ
ぴこせんとらる	Pico Central	noun	ピコセントラル
ぴすとるずあんどろーぜす	Pistols and Roses	noun	ピストルズアンドローゼス
ぴっころ	Piccolo	noun	ピッコロ
ぴっつぁびあんか	Pizza Bianca	noun	ピッツァビアンカ
ぴっとかーん	Pitcairn	noun	ピットカーン
ぴなとぅぼ	Pinatubo	noun	ピナトゥボ
ぴなれろ	Pinarello	noun	ピナレロ
ぴにゃん	Pignan	noun	ピニャン
ぴの	Pinot	noun	ピノ
ぴぱろんぐ	Pipalong	noun	ピパロング
ぴぼたる	Pivotal	noun	ピボタル
ぴゅああずごーるど	Pure as Gold	noun	ピュアアズゴールド
ぴゅあくらん	Pure Clan	noun	ピュアクラン
ぴゅあぐれいん	Pure Grain	noun	ピュアグレイン
ぴゅあちゃんぴおん	Pure Champion	noun	ピュアチャンピオン
ぴゅあふぁん	Pure Fun	noun	ピュアファン
ぴゅあぷらいず	Pure Prize	noun	ピュアプライズ
ぴるさどすきー	Pilsudski	noun	ピルサドスキー
ぴれっじえんぷらんだー	Pillage 'N Plunder	noun	ピレッジエンプランダー
ぴんかーぴんかー	Pinker Pinker	noun	ピンカーピンカー
ぴんすとらいぷど	Pinstriped	noun	ピンストライプド
ぴんず	Pins	noun	ピンズ
ぴゔぉたる	Pivotal	noun	ピヴォタル
ぴーくすあんどばれーず	Peaks and Valleys	noun	ピークスアンドバレーズ
ぴーくすあんどゔぁれーず	Peaks and Valleys	noun	ピークスアンドヴァレーズ
ぴーすあんどうぉー	Peace and War	noun	ピースアンドウォー
ぴーすふる	Peaceful	noun	ピースフル
ぴーするーるず	Peace Rules	noun	ピースルールズ
ぴーてぃーずぐれいいーぐる	Pt's Grey Eagle	noun	ピーティーズグレイイーグル
ぴーぴんぐ	Peeping	noun	ピーピング
ぴーぴんぐとむ	Peeping Tom	noun	ピーピングトム
ぴーぴんぐふぉーん	Peeping Fawn	noun	ピーピングフォーン
ふぁいああっとうぃる	Fire At Will	noun	ファイアアットウィル
ふぁいあざぐるーむ	Fire the Groom	noun	ファイアザグルーム
ふぁいあばーん	Fireburn	noun	ファイアバーン
ふぁいあぶれいく	Firebreak	noun	ファイアブレイク
ふぁいざ	Faiza	noun	ファイザ
ふぁいてぃんぐまっど	Fighting Mad	noun	ファイティングマッド
ふぁいなるすこあ	Final Score	noun	ファイナルスコア
ふぁいなるたっち	Final Touch	noun	ファイナルタッチ
ふぁいねすとしてぃ	Finest City	noun	ファイネストシティ
ふぁいぶあんどあはーふすたー	Fiveandahalfstar	noun	ファイブアンドアハーフスター
ふぁいやーぼーる	Fireball	noun	ファイヤーボール
ふぁいんそさえてぃ	Fine Society	noun	ファインソサエティ
ふぁいんだーずふぃー	Finder's Fee	noun	ファインダーズフィー
ふぁいゔあんどあはーふすたー	Fiveandahalfstar	noun	ファイヴアンドアハーフスター
ふぁうんど	Found	noun	ファウンド
ふぁうんどりー	Foundry	noun	ファウンドリー
ふぁすとねす	Fastness	noun	ファストネス
ふぁすとねっとろっく	Fastnet Rock	noun	ファストネットロック
ふぁすりえふ	Fasliyev	noun	ファスリエフ
ふぁすりえゔ	Fasliyev	noun	ファスリエヴ
ふぁたーるべーる	Fatale Bere	noun	ファタールベール
ふぁっしねいてぃんぐろっく	Fascinating Rock	noun	ファッシネイティングロック
ふぁっしょんずあふぃーるど	Fashions Afield	noun	ファッションズアフィールド
ふぁっしょんぷれーと	Fashion Plate	noun	ファッションプレート
ふぁっとあびゅー	What a View	noun	ファットアビュー
ふぁっとある	Fat Al	noun	ファットアル
ふぁっとあゔゅー	What a View	noun	ファットアヴュー
ふぁなてぃっく	Fanatic	noun	ファナティック
ふぁにーさいど	Funny Cide	noun	ファニーサイド
ふぁにーどーる	Fanny Doll	noun	ファニードール
ふぁにーむーん	Funny Moon	noun	ファニームーン
ふぁびゅらすすとらいく	Fabulous Strike	noun	ファビュラスストライク
ふぁびゅらすだんさー	Fabulous Dancer	noun	ファビュラスダンサー
ふぁびゅらすりーふぁすと	Fabulously Fast	noun	ファビュラスリーファスト
ふぁぴあの	Fappiano	noun	ファピアノ
ふぁみりーえんたーぷらいず	Family Enterprize	noun	ファミリーエンタープライズ
ふぁらりす	Phalaris	noun	ファラリス
ふぁるこ	Falco	noun	ファルコ
ふぁるだあみーが	Farda Amiga	noun	ファルダアミーガ
ふぁるねしお	Farnesio	noun	ファルネシオ
ふぁるぶらぶ	Falbrav	noun	ファルブラブ
ふぁるぶらゔ	Falbrav	noun	ファルブラヴ
ふぁるべろん	Falvelon	noun	ファルベロン
ふぁるゔぇろん	Falvelon	noun	ファルヴェロン
ふぁれいん	Pharein	noun	ファレイン
ふぁろす	Pharos	noun	ファロス
ふぁんがーる	Fangirl	noun	ファンガール
ふぁんしーぶるー	Fancy Blue	noun	ファンシーブルー
ふぁんすたー	Funstar	noun	ファンスター
ふぁんたすてぃっく	Funtastic	noun	ファンタスティック
ふぁんたすてぃっくふぁいんど	Fantastic Find	noun	ファンタスティックファインド
ふぁんたすてぃっくむーん	Fantastic Moon	noun	ファンタスティックムーン
ふぁんたすてぃっくらいと	Fantastic Light	noun	ファンタスティックライト
ふぁんとぅどりーむ	Fun to Dream	noun	ファントゥドリーム
ふぁー	Farhh	noun	ファー
ふぁーざーあどぅ	Further Ado	noun	ファーザーアドゥ
ふぁーざーらんど	Fatherland	noun	ファーザーランド
ふぁーすとあいらんど	First Island	noun	ファーストアイランド
ふぁーすとさむらい	First Samurai	noun	ファーストサムライ
ふぁーすとしーる	First Seal	noun	ファーストシール
ふぁーすとでぃふぇんす	First Defence	noun	ファーストディフェンス
ふぁーすとでゅーど	First Dude	noun	ファーストデュード
ふぁーぜすとらんど	Furthest Land	noun	ファーゼストランド
ふぁーど	Fard	noun	ファード
ふぁーなん	Farnan	noun	ファーナン
ふぁーぶりっじ	Far Bridge	noun	ファーブリッジ
ふぁーま	Pharma	noun	ファーマ
ふぁーまうぇい	Farma Way	noun	ファーマウェイ
ふぁーむすたんす	Firm Stance	noun	ファームスタンス
ふぁーろー	Furlough	noun	ファーロー
ふぃあーすいんぱくと	Fierce Impact	noun	フィアースインパクト
ふぃあーすねす	Fierceness	noun	フィアースネス
ふぃうみちーの	Fiumicino	noun	フィウミチーノ
ふぃえそらーな	Fiesolana	noun	フィエソラーナ
ふぃおどら	Feodora	noun	フィオドラ
ふぃおれんて	Fiorente	noun	フィオレンテ
ふぃおん	Fionn	noun	フィオン
ふぃくさどーる	Fixador	noun	フィクサドール
ふぃぐれす	Figures	noun	フィグレス
ふぃじー	Fiji	noun	フィジー
ふぃっととぅすかうと	Fit to Scout	noun	フィットトゥスカウト
ふぃつからるど	Fitzcarraldo	noun	フィツカラルド
ふぃねがんずうぇいく	Finnegans Wake	noun	フィネガンズウェイク
ふぃふてぃーすたーず	Fifty Stars	noun	フィフティースターズ
ふぃらご	Filago	noun	フィラゴ
ふぃらるもにあ	Filarmonia	noun	フィラルモニア
ふぃらんて	Filante	noun	フィランテ
ふぃるむめーかー	Film Maker	noun	フィルムメーカー
ふぃれんつぇふぁいあ	Firenze Fire	noun	フィレンツェファイア
ふぃんすけーるびお	Finsceal Beo	noun	フィンスケールビオ
ふぃんすしーるびお	Finsceal Beo	noun	フィンスシールビオ
ふぃんりーずらっきーちゃーむ	Finley'sluckycharm	noun	フィンリーズラッキーチャーム
ふぃーどざふれーむ	Feed The Flame	noun	フィードザフレーム
ふぃーるざびーと	Feel the Beat	noun	フィールザビート
ふぃーるずおぶおまー	Fields Of Omagh	noun	フィールズオブオマー
ふぃーるどおぶごーるど	Field Of Gold	noun	フィールドオブゴールド
ふぇあうぇい	Fairway	noun	フェアウェイ
ふぇあじゃぐ	Fayr Jag	noun	フェアジャグ
ふぇあとらいある	Fair Trial	noun	フェアトライアル
ふぇあふぉーむ	Fayreform	noun	フェアフォーム
ふぇあみっくす	Fair Mix	noun	フェアミックス
ふぇあめいでん	Fair Maiden	noun	フェアメイデン
ふぇありーきんぐ	Fairy King	noun	フェアリーキング
ふぇありーぶりっじ	Fairy Bridge	noun	フェアリーブリッジ
ふぇありーらんど	Fairyland	noun	フェアリーランド
ふぇいばらぶるたーむず	Favourable Terms	noun	フェイバラブルタームズ
ふぇいばりっととりっく	Favorite Trick	noun	フェイバリットトリック
ふぇいばりっとふぁんたいむ	Favorite Funtime	noun	フェイバリットファンタイム
ふぇいふぇい	Fay Fay	noun	フェイフェイ
ふぇいますしぇいます	Famous Seamus	noun	フェイマスシェイマス
ふぇいますでぃがー	Famous Digger	noun	フェイマスディガー
ふぇいむあんどぐろーりー	Fame and Glory	noun	フェイムアンドグローリー
ふぇいんとぱふゅーむ	Faint Perfume	noun	フェイントパフューム
ふぇいゔぁらぶるたーむず	Favourable Terms	noun	フェイヴァラブルタームズ
ふぇいゔぁりっととりっく	Favorite Trick	noun	フェイヴァリットトリック
ふぇいゔぁりっとふぁんたいむ	Favorite Funtime	noun	フェイヴァリットファンタイム
ふぇおら	Feola	noun	フェオラ
ふぇすたん	Festin	noun	フェスタン
ふぇすてぃん	Festin	noun	フェスティン
ふぇにっくすおぶすぺいん	Phoenix of Spain	noun	フェニックスオブスペイン
ふぇにっくすたわー	Phoenix Tower	noun	フェニックスタワー
ふぇにっくすぱーく	Phoenix Park	noun	フェニックスパーク
ふぇにっくすりーち	Phoenix Reach	noun	フェニックスリーチ
ふぇぶろーばー	Fev Rover	noun	フェブローバー
ふぇぶろーゔぁー	Fev Rover	noun	フェブローヴァー
ふぇみにーれ	Femminile	noun	フェミニーレ
ふぇらんれでぃ	Phelan Ready	noun	フェランレディ
ふぇるらっくす	Ferlax	noun	フェルラックス
ふぇろーしっぷ	Fellowship	noun	フェローシップ
ふぇろーちぇ	Feroce	noun	フェローチェ
ふぇんうぇい	Fenway	noun	フェンウェイ
ふぇゔろーばー	Fev Rover	noun	フェヴローバー
ふぇゔろーゔぁー	Fev Rover	noun	フェヴローヴァー
ふぇーむあんどぐろーりー	Fame and Glory	noun	フェームアンドグローリー
ふぉあてらー	Foreteller	noun	フォアテラー
ふぉぐおぶうぉー	Fog Of War	noun	フォグオブウォー
ふぉっくすうぇっじ	Foxwedge	noun	フォックスウェッジ
ふぉっくすうっど	Foxwood	noun	フォックスウッド
ふぉっくすぷれい	Foxplay	noun	フォックスプレイ
ふぉとこーる	Photo Call	noun	フォトコール
ふぉるくすとくんばれる	Volkstok'n'barrell	noun	フォルクストクンバレル
ふぉるくすとっくんばれる	Volkstok'n'barrell	noun	フォルクストックンバレル
ふぉるくすらーと	Volksraad	noun	フォルクスラート
ふぉるて	Forte	noun	フォルテ
ふぉるてでいまるみ	Forte Dei Marmi	noun	フォルテデイマルミ
ふぉれすときゃんぷ	Forest Camp	noun	フォレストキャンプ
ふぉれすとしーくれっつ	Forest Secrets	noun	フォレストシークレッツ
ふぉれすとでんじゃー	Forest Danger	noun	フォレストデンジャー
ふぉれすとりー	Forestry	noun	フォレストリー
ふぉれすとわいるどきゃっと	Forest Wildcat	noun	フォレストワイルドキャット
ふぉれんじくす	Forensics	noun	フォレンジクス
ふぉんちゃったー	Phone Chatter	noun	フォンチャッター
ふぉんていん	Fonteyn	noun	フォンテイン
ふぉんてーん	Fonteyn	noun	フォンテーン
ふぉーえばーあんぶらいどるど	Forever Unbridled	noun	フォーエバーアンブライドルド
ふぉーえばーとぅぎゃざー	Forever Together	noun	フォーエバートゥギャザー
ふぉーえばーとぅげざー	Forever Together	noun	フォーエバートゥゲザー
ふぉーえゔぁーあんぶらいどるど	Forever Unbridled	noun	フォーエヴァーアンブライドルド
ふぉーえゔぁーとぅぎゃざー	Forever Together	noun	フォーエヴァートゥギャザー
ふぉーえゔぁーとぅげざー	Forever Together	noun	フォーエヴァートゥゲザー
ふぉーくおぺら	Folk Opera	noun	フォークオペラ
ふぉーくなー	Fawkner	noun	フォークナー
ふぉーくろあ	Folklore	noun	フォークロア
ふぉーすざぱす	Force the Pass	noun	フォースザパス
ふぉーすたーくるっく	Fourstar Crook	noun	フォースタークルック
ふぉーだ	Fowda	noun	フォーダ
ふぉーて	Forte	noun	フォーテ
ふぉーてぃないなー	Forty Niner	noun	フォーティナイナー
ふぉーてぃないなーずさん	Fourty Niners Son	noun	フォーティナイナーズサン
ふぉーてぃふぁい	Fortify	noun	フォーティファイ
ふぉーとうっど	Fort Wood	noun	フォートウッド
ふぉーとらーねっど	Fort Larned	noun	フォートラーネッド
ふぉーとわしんとん	Fort Washington	noun	フォートワシントン
ふぉーひーん	Faugheen	noun	フォーヒーン
ふぉーびどぅんあっぷる	Forbidden Apple	noun	フォービドゥンアップル
ふぉーびどぅんらぶ	Forbidden Love	noun	フォービドゥンラブ
ふぉーびどぅんらゔ	Forbidden Love	noun	フォービドゥンラヴ
ふぉーまるごーるど	Formal Gold	noun	フォーマルゴールド
ふぉーみだぶるまん	Formidable Man	noun	フォーミダブルマン
ふぉーるあすぺん	Fall Aspen	noun	フォールアスペン
ふぉーると	Fault	noun	フォールト
ふぉーるんえんじぇる	Fallen Angel	noun	フォールンエンジェル
ふぉーるんふぉーゆー	Fallen For You	noun	フォールンフォーユー
ふくむ	Hukum	noun	フクム
ふさいちぺがさす	Fusaichi Pegasus	noun	フサイチペガサス
ふっくどおんざふぃーりん	Hookedonthefeelin	noun	フックドオンザフィーリン
ふっとすてっぷすいんざさんど	Footstepsinthesand	noun	フットステップスインザサンド
ふゅいっせ	Fuisse	noun	フュイッセ
ふゅりあすりー	Furiously	noun	フュリアスリー
ふらあんじぇる	Hula Angel	noun	フラアンジェル
ふらいいんぐすぱー	Flying Spur	noun	フライイングスパー
ふらいそーふりー	Fly So Free	noun	フライソーフリー
ふらいてぃるどーん	Fly Till Dawn	noun	フライティルドーン
ふらいとぅざすたーず	Fly To The Stars	noun	フライトゥザスターズ
ふらいとらいん	Flightline	noun	フライトライン
ふらいふぉーえいびー	Fly For Avie	noun	フライフォーエイビー
ふらいふぉーえいゔぃー	Fly For Avie	noun	フライフォーエイヴィー
ふらいんぐあーてぃ	Flying Artie	noun	フライングアーティ
ふらいんぐこんちねんたる	Flying Continental	noun	フライングコンチネンタル
ふらいんぐしぇぶろん	Flying Chevron	noun	フライングシェブロン
ふらいんぐしぇゔろん	Flying Chevron	noun	フライングシェヴロン
ふらいんぐすぱー	Flying Spur	noun	フライングスパー
ふらっぐおぶおなー	Flag of Honour	noun	フラッグオブオナー
ふらっぐこぱど	Flag Copado	noun	フラッグコパド
ふらっぐしっぷゆーばーあれす	Flagship Uberalles	noun	フラッグシップユーバーアレス
ふらっぐすたっふ	Flagstaff	noun	フラッグスタッフ
ふらっしんぐ	Flashing	noun	フラッシング
ふらっしーぶる	Flashy Bull	noun	フラッシーブル
ふらったー	Flatter	noun	フラッター
ふらっとあうと	Flat Out	noun	フラットアウト
ふらっとふりーとふぃーと	Flat Fleet Feet	noun	フラットフリートフィート
ふらにーふろいど	Franny Freud	noun	フラニーフロイド
ふらわーありー	Flower Alley	noun	フラワーアリー
ふらんける	Frankel	noun	フランケル
ふらんだーす	Flanders	noun	フランダース
ふらんべるじぇ	Flamberge	noun	フランベルジェ
ふりっつぁんて	Frizzante	noun	フリッツァンテ
ふりっつぃーぼーい	Fritzy Boy	noun	フリッツィーボーイ
ふりっと	Flit	noun	フリット
ふりんとしゃー	Flintshire	noun	フリントシャー
ふりーいーぐる	Free Eagle	noun	フリーイーグル
ふりーすぴりっつじょい	Free Spirit's Joy	noun	フリースピリッツジョイ
ふりーてぃんぐすぴりっと	Fleeting Spirit	noun	フリーティングスピリット
ふりーといんでぃあん	Fleet Indian	noun	フリートインディアン
ふりーとれにー	Fleet Renee	noun	フリートレニー
ふりーどろっぷびりー	Free Drop Billy	noun	フリードロップビリー
ふりーはうす	Free House	noun	フリーハウス
ふりーふれっじど	Fully Fledged	noun	フリーフレッジド
ふりーめいそん	Freemason	noun	フリーメイソン
ふるおぶごーるど	Full Of Gold	noun	フルオブゴールド
ふるおぶわんだー	Full of Wonder	noun	フルオブワンダー
ふるかうんとふぇりしあ	Full Count Felicia	noun	フルカウントフェリシア
ふるせらーの	Full Serrano	noun	フルセラーノ
ふるますと	Full Mast	noun	フルマスト
ふるーく	Fluke	noun	フルーク
ふるーと	Flute	noun	フルート
ふるーるどりゅぬ	Fleur De Lune	noun	フルールドリュヌ
ふれいず	Fraise	noun	フレイズ
ふれいばー	Flavour	noun	フレイバー
ふれいゔぁー	Flavour	noun	フレイヴァー
ふれぐらんとみっくす	Fragrant Mix	noun	フレグラントミックス
ふれめんすふぁーす	Flemensfirth	noun	フレメンスファース
ふれんずれいく	Friends Lake	noun	フレンズレイク
ふれんちきんぐ	French King	noun	フレンチキング
ふれんちぐろーりー	French Glory	noun	フレンチグローリー
ふれんちぱーく	Frenchpark	noun	フレンチパーク
ふれんちふぃふてぃーん	French Fifteen	noun	フレンチフィフティーン
ふれんどりーそうる	Friendly Soul	noun	フレンドリーソウル
ふれんどりーみしぇる	Friendly Michelle	noun	フレンドリーミシェル
ふろいでぼーい	Floydeboy	noun	フロイデボーイ
ふろいらいん	Fraulein	noun	フロイライン
ふろすてっど	Frosted	noun	フロステッド
ふろすとじゃいあんと	Frost Giant	noun	フロストジャイアント
ふろてぃら	Flotilla	noun	フロティラ
ふろーずんぱわー	Frozen Power	noun	フローズンパワー
ふろーずんふぁいあ	Frozen Fire	noun	フローズンファイア
ふろーらるぺがさす	Floral Pegasus	noun	フローラルペガサス
ふろーりおっと	Floriot	noun	フローリオット
ふろーれすりー	Flawlessly	noun	フローレスリー
ふーえるぶりっつ	Feuerblitz	noun	フーエルブリッツ
ふーしょっとざばーまん	Who Shot Thebarman	noun	フーショットザバーマン
ふーてなにー	Hootenanny	noun	フーテナニー
ふーべごっとゆー	Whobegotyou	noun	フーベゴットユー
ふーほわい	Hooh Why	noun	フーホワイ
ふーらふらいと	Hula Flight	noun	フーラフライト
ふーれい	Hooray	noun	フーレイ
ぶかねろふえるて	Bucanero Fuerte	noun	ブカネロフエルテ
ぶっかー	Booker	noun	ブッカー
ぶっくれっと	Booklet	noun	ブックレット
ぶっくれびゅー	Book Review	noun	ブックレビュー
ぶっくれゔゅー	Book Review	noun	ブックレヴュー
ぶっくんだんの	Book'em Danno	noun	ブックンダンノ
ぶっしゅぱどれ	Bush Padre	noun	ブッシュパドレ
ぶっしゅふぁいやー	Bushfire	noun	ブッシュファイヤー
ぶっしゅれんじゃー	Bushranger	noun	ブッシュレンジャー
ぶっだ	Buddha	noun	ブッダ
ぶらいあんぼる	Brian Boru	noun	ブライアンボル
ぶらいとすかい	Bright Sky	noun	ブライトスカイ
ぶらいとふゅーちゃー	Bright Future	noun	ブライトフューチャー
ぶらいとわーく	Brightwork	noun	ブライトワーク
ぶらいんどらっく	Blind Luck	noun	ブラインドラック
ぶらうんぱんさー	Brown Panther	noun	ブラウンパンサー
ぶらざーでれく	Brother Derek	noun	ブラザーデレク
ぶらじりあんぱるす	Brazilian Pulse	noun	ブラジリアンパルス
ぶらすはっと	Brass Hat	noun	ブラスハット
ぶらっくきゃびあ	Black Caviar	noun	ブラックキャビア
ぶらっくきゃゔぃあ	Black Caviar	noun	ブラックキャヴィア
ぶらっくさむべらみー	Black Sam Bellamy	noun	ブラックサムベラミー
ぶらっくせぶんてぃーん	Black Seventeen	noun	ブラックセブンティーン
ぶらっくせゔんてぃーん	Black Seventeen	noun	ブラックセヴンティーン
ぶらっくたいあふぇあー	Black Tie Affair	noun	ブラックタイアフェアー
ぶらっくはーとばーと	Black Heart Bart	noun	ブラックハートバート
ぶらっくびーん	Black Bean	noun	ブラックビーン
ぶらっくぴらにあ	Black Piranha	noun	ブラックピラニア
ぶらっくふらいあーず	Blackfriars	noun	ブラックフライアーズ
ぶらっくべあーど	Blackbeard	noun	ブラックベアード
ぶらっくまんば	Black Mamba	noun	ブラックマンバ
ぶらっくみなるーしゅ	Black Minnaloushe	noun	ブラックミナルーシュ
ぶらっしゅうぃずぷらいど	Blush With Pride	noun	ブラッシュウィズプライド
ぶらっしんぐぐるーむ	Blushing Groom	noun	ブラッシンググルーム
ぶらっしんぐけーでぃー	Blushing K.D.	noun	ブラッシングケーディー
ぶらっどせる	Bradsell	noun	ブラッドセル
ぶらむと	Brametot	noun	ブラムト
ぶらんと	Brant	noun	ブラント
ぶらんど	Brando	noun	ブランド
ぶらんどふぉーど	Blandford	noun	ブランドフォード
ぶらんぶるず	Brambles	noun	ブランブルズ
ぶらんぶるろーず	Bramble Rose	noun	ブランブルローズ
ぶらーずありー	Bullards Alley	noun	ブラーズアリー
ぶらーむす	Brahms	noun	ブラームス
ぶりあさ	Briasa	noun	ブリアサ
ぶりっくすあんどもるたる	Bricks and Mortar	noun	ブリックスアンドモルタル
ぶりっしゅらっく	Bullish Luck	noun	ブリッシュラック
ぶりてぃっしゅあいるず	British Isles	noun	ブリティッシュアイルズ
ぶりてぃっしゅいでぃおむ	British Idiom	noun	ブリティッシュイディオム
ぶりぼん	Bribon	noun	ブリボン
ぶりゅー	Brew	noun	ブリュー
ぶりりあんす	Brilliance	noun	ブリリアンス
ぶりりあんとすぴーど	Brilliant Speed	noun	ブリリアントスピード
ぶりーかーすとりーと	Bleecker Street	noun	ブリーカーストリート
ぶるずべい	Bullsbay	noun	ブルズベイ
ぶるた	Bulta	noun	ブルタ
ぶるたりーふらんく	Brutally Frank	noun	ブルタリーフランク
ぶるーかなり	Blue Canari	noun	ブルーカナリ
ぶるーぐらすきゃっと	Bluegrass Cat	noun	ブルーグラスキャット
ぶるーすとっきんぐ	Bluestocking	noun	ブルーストッキング
ぶるーすとらいぷ	Blue Stripe	noun	ブルーストライプ
ぶるーたる	Brutal	noun	ブルータル
ぶるーだすたー	Blue Duster	noun	ブルーダスター
ぶるーばんてぃんぐ	Blue Bunting	noun	ブルーバンティング
ぶるーぷらいず	Blue Prize	noun	ブループライズ
ぶるーぼると	Blue Bolt	noun	ブルーボルト
ぶるーぽいんと	Blue Point	noun	ブルーポイント
ぶるーまんば	Bluemamba	noun	ブルーマンバ
ぶるーむ	Broome	noun	ブルーム
ぶるーろーずせん	Blue Rose Cen	noun	ブルーローズセン
ぶれいじんぐすぴーど	Blazing Speed	noun	ブレイジングスピード
ぶれいじんぐせぶんず	Blazing Sevens	noun	ブレイジングセブンズ
ぶれいじんぐせゔんず	Blazing Sevens	noun	ブレイジングセヴンズ
ぶれいぜんぼー	Brazen Beau	noun	ブレイゼンボー
ぶれいぶすまっしゅ	Brave Smash	noun	ブレイブスマッシュ
ぶれいむ	Blame	noun	ブレイム
ぶれいゔすまっしゅ	Brave Smash	noun	ブレイヴスマッシュ
ぶれすれっと	Bracelet	noun	ブレスレット
ぶれっちんぐりー	Bletchingly	noun	ブレッチングリー
ぶれびっく	Blevic	noun	ブレビック
ぶれぼ	Blevvo	noun	ブレボ
ぶれゔぃっく	Blevic	noun	ブレヴィック
ぶれゔぉ	Blevvo	noun	ブレヴォ
ぶれーどすたー	Bradester	noun	ブレードスター
ぶれーぶあんな	Brave Anna	noun	ブレーブアンナ
ぶれーぶいんか	Brave Inca	noun	ブレーブインカ
ぶれーゔあんな	Brave Anna	noun	ブレーヴアンナ
ぶれーゔいんか	Brave Inca	noun	ブレーヴインカ
ぶろうあうと	Blowout	noun	ブロウアウト
ぶろっこ	Brocco	noun	ブロッコ
ぶろでぃーずこーず	Brody's Cause	noun	ブロディーズコーズ
ぶろんどみー	Blond Me	noun	ブロンドミー
ぶろーくんばう	Broken Vow	noun	ブロークンバウ
ぶろーくんゔぁう	Broken Vow	noun	ブロークンヴァウ
ぶろーどうぇいふらいやー	Broadway Flyer	noun	ブロードウェイフライヤー
ぶろーどさいでぃんぐ	Broadsiding	noun	ブロードサイディング
ぶろーどぶらっしゅ	Broad Brush	noun	ブロードブラッシュ
ぶーどぅーそんぐ	Voodoo Song	noun	ブードゥーソング
ぶーどぅーだんさー	Voodoo Dancer	noun	ブードゥーダンサー
ぶーどぅーらっど	Voodoo Lad	noun	ブードゥーラッド
ぶーぶれ	Vouvray	noun	ブーブレ
ぶーべーるでーる	Buveur d'Air	noun	ブーベールデール
ぶーみんぐ	Booming	noun	ブーミング
ぶーむたいむ	Boom Time	noun	ブームタイム
ぶーゔぇーるでーる	Buveur d'Air	noun	ブーヴェールデール
ぶーゔれ	Vouvray	noun	ブーヴレ
ぷえるとまでろ	Puerto Madero	noun	プエルトマデロ
ぷえるとりこ	Puerto Rico	noun	プエルトリコ
ぷしゅきん	Puchkine	noun	プシュキン
ぷっしーきゃっとどーる	Pussycat Doll	noun	プッシーキャットドール
ぷっちーに	Puccini	noun	プッチーニ
ぷっといっとばっく	Put It Back	noun	プットイットバック
ぷらいすたぐ	Price Tag	noun	プライスタグ
ぷらいずど	Prized	noun	プライズド
ぷらいずどあいこん	Prized Icon	noun	プライズドアイコン
ぷらいずどじぇむ	Prized Gem	noun	プライズドジェム
ぷらいど	Pride	noun	プライド
ぷらいどおぶじぇに	Pride Of Jenni	noun	プライドオブジェニ
ぷらいどおぶどばい	Pride Of Dubai	noun	プライドオブドバイ
ぷらいべーとあい	Private Eye	noun	プライベートアイ
ぷらいべーとすてぃあ	Private Steer	noun	プライベートスティア
ぷらいべーとぞーん	Private Zone	noun	プライベートゾーン
ぷらいべーとはりー	Private Harry	noun	プライベートハリー
ぷらいべーとぱーすえーじょん	Private Persuasion	noun	プライベートパースエージョン
ぷらいべーとらいふ	Private Life	noun	プライベートライフ
ぷらいましー	Primacy	noun	プライマシー
ぷらいゔぇーとあい	Private Eye	noun	プライヴェートアイ
ぷらいゔぇーとすてぃあ	Private Steer	noun	プライヴェートスティア
ぷらいゔぇーとぞーん	Private Zone	noun	プライヴェートゾーン
ぷらいゔぇーとはりー	Private Harry	noun	プライヴェートハリー
ぷらいゔぇーとぱーすえーじょん	Private Persuasion	noun	プライヴェートパースエージョン
ぷらいゔぇーとらいふ	Private Life	noun	プライヴェートライフ
ぷらうえす	Prowess	noun	プラウエス
ぷらうどあんどりーがる	Proud And Regal	noun	プラウドアンドリーガル
ぷらうどすぺる	Proud Spell	noun	プラウドスペル
ぷらうどたわーとぅー	Proud Tower Too	noun	プラウドタワートゥー
ぷらうる	Prowl	noun	プラウル
ぷらくてぃかるじょーく	Practical Joke	noun	プラクティカルジョーク
ぷらくてぃかるむーぶ	Practical Move	noun	プラクティカルムーブ
ぷらくてぃかるむーゔ	Practical Move	noun	プラクティカルムーヴ
ぷらすたーど	Plastered	noun	プラスタード
ぷらすでゅきゃるぜる	Place Du Carrousel	noun	プラスデュキャルゼル
ぷらちなむうぃっとねす	Platinum Witness	noun	プラチナムウィットネス
ぷらちなむしざーず	Platinum Scissors	noun	プラチナムシザーズ
ぷらっきーべる	Plucky Belle	noun	プラッキーベル
ぷらっきーりえーじゅ	Plucky Liege	noun	プラッキーリエージュ
ぷらてぃに	Platini	noun	プラティニ
ぷらねっとろっく	Planet Rock	noun	プラネットロック
ぷらむぷりてぃ	Plum Pretty	noun	プラムプリティ
ぷらんとぅーる	Planteur	noun	プラントゥール
ぷりおろ	Priolo	noun	プリオロ
ぷりおーれふぃりっぷ	Priore Philip	noun	プリオーレフィリップ
ぷりこしてぃ	Precocity	noun	プリコシティ
ぷりさいす	Precise	noun	プリサイス
ぷりてぃごーじゃす	Pretty Gorgeous	noun	プリティゴージャス
ぷりてぃでぃすくりーと	Pretty Discreet	noun	プリティディスクリート
ぷりてぃぽりあんな	Pretty Pollyanna	noun	プリティポリアンナ
ぷりてぃみすちばす	Pretty Mischievous	noun	プリティミスチバス
ぷりてぃみすちゔぁす	Pretty Mischievous	noun	プリティミスチヴァス
ぷりてぃみすちーばす	Pretty Mischievous	noun	プリティミスチーバス
ぷりてぃみすちーゔぁす	Pretty Mischievous	noun	プリティミスチーヴァス
ぷりなっぷ	Prenup	noun	プリナップ
ぷりびれっじ	Privilege	noun	プリビレッジ
ぷりふぁーめんと	Preferment	noun	プリファーメント
ぷりむ	Purim	noun	プリム
ぷりもどみにえ	Primo Dominie	noun	プリモドミニエ
ぷりんすあーち	Prince Arch	noun	プリンスアーチ
ぷりんすおぶぺんざんす	Prince Of Penzance	noun	プリンスオブペンザンス
ぷりんすおぶもなこ	Prince of Monaco	noun	プリンスオブモナコ
ぷりんすかーく	Prince Kirk	noun	プリンスカーク
ぷりんすかーぷすたっど	Prince Kaapstad	noun	プリンスカープスタッド
ぷりんすじぶらるたる	Prince Gibraltar	noun	プリンスジブラルタル
ぷりんすじょん	Prince John	noun	プリンスジョン
ぷりんすびしょっぷ	Prince Bishop	noun	プリンスビショップ
ぷりんすふぁわず	Prince Fawaz	noun	プリンスファワズ
ぷりんすふろーり	Prince Flori	noun	プリンスフローリ
ぷりんすりーへあー	Princely Heir	noun	プリンスリーヘアー
ぷりんせすおぶしるまー	Princess of Sylmar	noun	プリンセスオブシルマー
ぷりんせすじぇにー	Princess Jenni	noun	プリンセスジェニー
ぷりんせすぞーい	Princess Zoe	noun	プリンセスゾーイ
ぷりんせすぬーあ	Princess Noor	noun	プリンセスヌーア
ぷりんせすばいおれっと	Princess Violet	noun	プリンセスバイオレット
ぷりんせすゔぁいおれっと	Princess Violet	noun	プリンセスヴァイオレット
ぷりゔぃれっじ	Privilege	noun	プリヴィレッジ
ぷりーすこっく	Pleascach	noun	プリースコック
ぷりーずどぅふぇーる	Prise De Fer	noun	プリーズドゥフェール
ぷりーち	Preach	noun	プリーチ
ぷるぴっと	Pulpit	noun	プルピット
ぷるまにあ	Plumania	noun	プルマニア
ぷれいどはーど	Played Hard	noun	プレイドハード
ぷれいんぐごっど	Playing God	noun	プレイングゴッド
ぷれざべーしょんりすと	Preservationist	noun	プレザベーションリスト
ぷれざんところにー	Pleasant Colony	noun	プレザントコロニー
ぷれざんとすてーじ	Pleasant Stage	noun	プレザントステージ
ぷれざんとたっぷ	Pleasant Tap	noun	プレザントタップ
ぷれざんとほーむ	Pleasant Home	noun	プレザントホーム
ぷれざんとりーぱーふぇくと	Pleasantly Perfect	noun	プレザントリーパーフェクト
ぷれざゔぇーしょんりすと	Preservationist	noun	プレザヴェーションリスト
ぷれしじょん	Precision	noun	プレシジョン
ぷれしゃすきとぅん	Precious Kitten	noun	プレシャスキトゥン
ぷれしゃすじぇむ	Precious Gem	noun	プレシャスジェム
ぷれしゃすぱっしょん	Presious Passion	noun	プレシャスパッション
ぷれしゅーす	Precieuse	noun	プレシュース
ぷれすすてーとめんと	Press Statement	noun	プレスステートメント
ぷれすでい	Pressday	noun	プレスデイ
ぷれすびす	Presvis	noun	プレスビス
ぷれすゔぃす	Presvis	noun	プレスヴィス
ぷれせり	Preseli	noun	プレセリ
ぷれみあむたっぷ	Premium Tap	noun	プレミアムタップ
ぷれんてぃおぶらいと	Plenty of Light	noun	プレンティオブライト
ぷれーとれっと	Platelet	noun	プレートレット
ぷれーりーばいゆー	Prairie Bayou	noun	プレーリーバイユー
ぷろくしー	Proxy	noun	プロクシー
ぷろくらめーしょん	Proclamation	noun	プロクラメーション
ぷろぐらむとれーでぃんぐ	Program Trading	noun	プログラムトレーディング
ぷろすぱらすぼいっじ	Prosperous Voyage	noun	プロスパラスボイッジ
ぷろすぱらすゔぉいっじ	Prosperous Voyage	noun	プロスパラスヴォイッジ
ぷろすぺくたーずでぃらいと	Prospector's Delite	noun	プロスペクターズディライト
ぷろすぺらすぼやーじ	Prosperous Voyage	noun	プロスペラスボヤージ
ぷろすぺらすゔぉやーじ	Prosperous Voyage	noun	プロスペラスヴォヤージ
ぷろてくしょにすと	Protectionist	noun	プロテクショニスト
ぷろばびーる	Probabeel	noun	プロバビール
ぷろばんす	Provence	noun	プロバンス
ぷろひびっと	Prohibit	noun	プロヒビット
ぷろびでんす	Providence	noun	プロビデンス
ぷろびーぞ	Proviso	noun	プロビーゾ
ぷろふぃたぶる	Profitable	noun	プロフィタブル
ぷろふぉんど	Profondo	noun	プロフォンド
ぷろぷらいえたー	Proprietor	noun	プロプライエター
ぷろぼかてぃぶ	Provocative	noun	プロボカティブ
ぷろぼかてぃゔ	Provocative	noun	プロボカティヴ
ぷろぽーしょなる	Proportional	noun	プロポーショナル
ぷろみしずふるふぃるど	Promises Fulfilled	noun	プロミシズフルフィルド
ぷろみしんぐりーど	Promising Lead	noun	プロミシングリード
ぷろわじーる	Proisir	noun	プロワジール
ぷろんぷとれすぽんす	Prompt Response	noun	プロンプトレスポンス
ぷろゔぁんす	Provence	noun	プロヴァンス
ぷろゔぃでんす	Providence	noun	プロヴィデンス
ぷろゔぃーぞ	Proviso	noun	プロヴィーゾ
ぷろゔぉかてぃぶ	Provocative	noun	プロヴォカティブ
ぷろゔぉかてぃゔ	Provocative	noun	プロヴォカティヴ
ぷーるぷれい	Pool Play	noun	プールプレイ
ぷーるもわ	Pour Moi	noun	プールモワ
ぷーるらんど	Pool Land	noun	プールランド
へあきてぃー	Heir Kitty	noun	ヘアキティー
へいがー	Hveger	noun	ヘイガー
へいどく	Hey Doc	noun	ヘイドク
へいどっく	Hey Doc	noun	ヘイドック
へいりすと	Hay List	noun	ヘイリスト
へいる	Hail	noun	ヘイル
へいるあとらんてぃす	Hail Atlantis	noun	ヘイルアトランティス
へいるしゃむ	Hailsham	noun	ヘイルシャム
へいるとぅりーずん	Hail to Reason	noun	ヘイルトゥリーズン
へいろー	Halo	noun	ヘイロー
へいろーあめりか	Halo America	noun	ヘイローアメリカ
へいんずふぃーるど	Haynesfield	noun	ヘインズフィールド
へくたーぷろてくたー	Hector Protector	noun	ヘクタープロテクター
へっどうぇい	Headway	noun	ヘッドウェイ
へっどたーなー	Headturner	noun	ヘッドターナー
へにーひゅーず	Henny Hughes	noun	ヘニーヒューズ
へねしー	Hennessy	noun	ヘネシー
へぶんずあばぶ	Heavens Above	noun	ヘブンズアバブ
へぶんずあばゔ	Heavens Above	noun	ヘブンズアバヴ
へぶんりーぐろう	Heavenly Glow	noun	ヘブンリーグロウ
へぶんりーぷらいず	Heavenly Prize	noun	ヘブンリープライズ
へぶんりーらぶ	Heavenly Love	noun	ヘブンリーラブ
へぶんりーらゔ	Heavenly Love	noun	ヘブンリーラヴ
へりてーじおぶごーるど	Heritage of Gold	noun	ヘリテージオブゴールド
へるしんじ	Helsinge	noun	ヘルシンジ
へるしーあでぃくしょん	Healthy Addiction	noun	ヘルシーアディクション
へるびっくどりーむ	Helvic Dream	noun	ヘルビックドリーム
へるべんと	Hellbent	noun	ヘルベント
へるむすまん	Helmsman	noun	ヘルムスマン
へるめっと	Helmet	noun	ヘルメット
へるゔぃっくどりーむ	Helvic Dream	noun	ヘルヴィックドリーム
へれなす	Helenus	noun	ヘレナス
へれんすとりーと	Helen Street	noun	ヘレンストリート
へれんすーぱーすたー	Helene Super Star	noun	ヘレンスーパースター
へれんぱらごん	Helene Paragon	noun	ヘレンパラゴン
へれーんますこっと	Helene Mascot	noun	ヘレーンマスコット
へろーゆむざいん	Hello Youmzain	noun	ヘローユムザイン
へんりーざなびげーたー	Henrythenavigator	noun	ヘンリーザナビゲーター
へんりーざなゔぃげーたー	Henrythenavigator	noun	ヘンリーザナヴィゲーター
へんりーずじょい	Henley's Joy	noun	ヘンリーズジョイ
へんりーろんぐふぇろー	Henry Longfellow	noun	ヘンリーロングフェロー
へゔぇがー	Hveger	noun	ヘヴェガー
へゔんずあばぶ	Heavens Above	noun	ヘヴンズアバブ
へゔんずあばゔ	Heavens Above	noun	ヘヴンズアバヴ
へゔんりーぐろう	Heavenly Glow	noun	ヘヴンリーグロウ
へゔんりーぷらいず	Heavenly Prize	noun	ヘヴンリープライズ
へゔんりーらぶ	Heavenly Love	noun	ヘヴンリーラブ
へゔんりーらゔ	Heavenly Love	noun	ヘヴンリーラヴ
べありーあもーめんと	Barely A Moment	noun	ベアリーアモーメント
べあんだーくろす	Veandercross	noun	ベアンダークロス
べいぐりーのーぶる	Vaguely Noble	noun	ベイグリーノーブル
べいさいどぼーい	Bayside Boy	noun	ベイサイドボーイ
べいしてぃろーらー	Bay City Roller	noun	ベイシティローラー
べいしん	Basin	noun	ベイシン
べいと	Veight	noun	ベイト
べいぱーとれいる	Vapour Trail	noun	ベイパートレイル
べいびーびーの	Baby Vino	noun	ベイビービーノ
べいびーゔぃーの	Baby Vino	noun	ベイビーヴィーノ
べいぶりっじ	Bay Bridge	noun	ベイブリッジ
べいりる	Bayrir	noun	ベイリル
べいるあうとべっきー	Bail Out Becky	noun	ベイルアウトベッキー
べいるおぶよーく	Vale of York	noun	ベイルオブヨーク
べいろん	Veyron	noun	ベイロン
べいわはと	Beiwacht	noun	ベイワハト
べいん	Vain	noun	ベイン
べがす	Vegas	noun	ベガス
べがまじっく	Vega Magic	noun	ベガマジック
べがわん	Vega One	noun	ベガワン
べくらっくす	Becrux	noun	ベクラックス
べけっと	Beckett	noun	ベケット
べこま	Vekoma	noun	ベコマ
べすといんしょう	Best in Show	noun	ベストインショウ
べすといんしょー	Best in Show	noun	ベストインショー
べすとおぶざべすつ	Best Of The Bests	noun	ベストオブザベスツ
べすとおぶでいず	Best Of Days	noun	ベストオブデイズ
べすとそりゅーしょん	Best Solution	noun	ベストソリューション
べすとぱる	Best Pal	noun	ベストパル
べすとめいと	Best Mate	noun	ベストメイト
べすぱ	Vespa	noun	ベスパ
べすぽん	Vespone	noun	ベスポン
べたーざんえばー	Better Than Ever	noun	ベターザンエバー
べたーざんえゔぁー	Better Than Ever	noun	ベターザンエヴァー
べたーざんおなー	Better Than Honour	noun	ベターザンオナー
べたーざんれでぃ	Better Than Ready	noun	ベターザンレディ
べたーとーくなう	Better Talk Now	noun	ベタートークナウ
べたーらいふ	Better Life	noun	ベターライフ
べたーるーきー	Better Lucky	noun	ベタールーキー
べたーるーすんあっぷ	Better Loosen Up	noun	ベタールースンアップ
べでらご	Vedelago	noun	ベデラゴ
べとらー	Bethrah	noun	ベトラー
べどうぃん	Bedouin	noun	ベドウィン
べなじる	Benagil	noun	ベナジル
べにしお	Benicio	noun	ベニシオ
べにーざでぃっぷ	Benny the Dip	noun	ベニーザディップ
べにーざぶる	Benny The Bull	noun	ベニーザブル
べねしあんさん	Venetian Sun	noun	ベネシアンサン
べねちあんさん	Venetian Sun	noun	ベネチアンサン
べねでった	Benedetta	noun	ベネデッタ
べらざーの	Verrazano	noun	ベラザーノ
べらそふぃあ	Bella Sofia	noun	ベラソフィア
べらにぽてぃな	Bella Nipotina	noun	ベラニポティナ
べらふぃな	Bellafina	noun	ベラフィナ
べらべら	Bella Vella	noun	ベラベラ
べらみーろーど	Bellamy Road	noun	ベラミーロード
べらるど	Belardo	noun	ベラルド
べらゔぇら	Bella Vella	noun	ベラヴェラ
べりーえれがんと	Verry Elleegant	noun	ベリーエレガント
べるあんるーじゅ	Belle En Rouge	noun	ベルアンルージュ
べるえすぷり	Bel Esprit	noun	ベルエスプリ
べるえせれぶる	Belle et Celebre	noun	ベルエセレブル
べるぎゃらんてー	Belle Gallantey	noun	ベルギャランテー
べるくれあ	Belclare	noun	ベルクレア
べるしゅばる	Belle Cheval	noun	ベルシュバル
べるしゅゔぁる	Belle Cheval	noun	ベルシュヴァル
べるじぇんぬ	Vergennes	noun	ベルジェンヌ
べるじーにあす	Belle Genius	noun	ベルジーニアス
べるすぷりんたー	Bel Sprinter	noun	ベルスプリンター
べるずざわん	Bell's the One	noun	ベルズザワン
べるでゅじゅーる	Belle Du Jour	noun	ベルデュジュール
べるとらんど	Bertrando	noun	ベルトランド
べるびざーる	Belle Bizarre	noun	ベルビザール
べるべく	Belbek	noun	ベルベク
べるぼわーるべい	Belvoir Bay	noun	ベルボワールベイ
べるめっつ	Belmez	noun	ベルメッツ
べるめーる	Bel Mer	noun	ベルメール
べるろわいやる	Belle Royale	noun	ベルロワイヤル
べるゔぉわーるべい	Belvoir Bay	noun	ベルヴォワールベイ
べれいしゃす	Veracious	noun	ベレイシャス
べれぬす	Belenus	noun	ベレヌス
べれば	Vereva	noun	ベレバ
べれゔぁ	Vereva	noun	ベレヴァ
べろしてぃ	Velocity	noun	ベロシティ
べろしゃす	Velocious	noun	ベロシャス
べろーちぇべら	Veloce Bella	noun	ベローチェベラ
べんじぇんすおぶれいん	Vengeance Of Rain	noun	ベンジェンスオブレイン
べんちゅら	Ventura	noun	ベンチュラ
べんでぃみあぴん	Vendimia Pin	noun	ベンディミアピン
べんとるなーと	Bentornato	noun	ベントルナート
べんとれいびすくーつ	Bentley Biscuit	noun	ベントレイビスクーツ
べんとれーびすくーつ	Bentley Biscuit	noun	ベントレービスクーツ
べんとれーびすけっと	Bentley Biscuit	noun	ベントレービスケット
べんばうん	Benbaun	noun	ベンバウン
べんばとる	Benbatl	noun	ベンバトル
べんびにゅー	Benvenue	noun	ベンビニュー
べんふぃか	Benfica	noun	ベンフィカ
べんべぬーとちぇっりーに	Benvenuto Cellini	noun	ベンベヌートチェッリーニ
べんゔぃにゅー	Benvenue	noun	ベンヴィニュー
べんゔぇぬーとちぇっりーに	Benvenuto Cellini	noun	ベンヴェヌートチェッリーニ
べーかばど	Behkabad	noun	ベーカバド
べーとーべん	Beethoven	noun	ベートーベン
べーとーゔぇん	Beethoven	noun	ベートーヴェン
べーりんぐ	Bering	noun	ベーリング
べーるどぐれーす	Vert De Grece	noun	ベールドグレース
べーれんず	Behrens	noun	ベーレンズ
ぺあたーと	Pear Tart	noun	ペアタート
ぺいんたー	Paynter	noun	ペインター
ぺいんと	Paint	noun	ペイント
ぺぎーじーん	Peggy Jean	noun	ペギージーン
ぺさーずむーん	Pethers Moon	noun	ペサーズムーン
ぺざーすむーん	Pethers Moon	noun	ペザースムーン
ぺざーずむーん	Pethers Moon	noun	ペザーズムーン
ぺてぃしょん	Petition	noun	ペティション
ぺてぃんご	Petingo	noun	ペティンゴ
ぺとるーしゅか	Petrushka	noun	ペトルーシュカ
ぺどろざぐれーと	Pedro The Great	noun	ペドロザグレート
ぺにあふぉびあ	Peniaphobia	noun	ペニアフォビア
ぺにかんぷ	Pennekamp	noun	ペニカンプ
ぺにーうぇか	Pennyweka	noun	ペニーウェカ
ぺにーじぇむ	Penny Gem	noun	ペニージェム
ぺねろぱ	Penelopa	noun	ペネロパ
ぺりくれす	Pericles	noun	ペリクレス
ぺるいんかんと	Per Incanto	noun	ペルインカント
ぺるしあんきんぐ	Persian King	noun	ペルシアンキング
ぺれぐりーの	Pellegrino	noun	ペレグリーノ
ぺんたいあ	Pentire	noun	ペンタイア
ぺんたん	Pentane	noun	ペンタン
ぺーすいんべーだー	Pace Invader	noun	ペースインベーダー
ぺーすいんゔぇーだー	Pace Invader	noun	ペースインヴェーダー
ほいっするじゃけっと	Whistlejacket	noun	ホイッスルジャケット
ほすと	Host	noun	ホスト
ほたずへる	Hotazhell	noun	ホタズヘル
ほたつぇる	Hotazhell	noun	ホタツェル
ほっぐくりーくはっする	Hog Creek Hustle	noun	ホッグクリークハッスル
ほっときんぐぷろーん	Hot King Prawn	noun	ホットキングプローン
ほっとすにっつぇる	Hot Snitzel	noun	ホットスニッツェル
ほっとちゃちゃ	Hot Cha Cha	noun	ホットチャチャ
ほっとでぃきしーちっく	Hot Dixie Chick	noun	ホットディキシーチック
ほっとでにっしゅ	Hot Danish	noun	ホットデニッシュ
ほっとろっどちゃーりー	Hot Rod Charlie	noun	ホットロッドチャーリー
ほっぱーちゅにてぃ	Hoppertunity	noun	ホッパーチュニティ
ほてるぐらんど	Hotel Grand	noun	ホテルグランド
ほらー	Holler	noun	ホラー
ほれいしょねるそん	Horatio Nelson	noun	ホレイショネルソン
ほろうばれっと	Hollow Bullet	noun	ホロウバレット
ほわいとあばりお	White Abarrio	noun	ホワイトアバリオ
ほわいとはーと	White Heart	noun	ホワイトハート
ほわいとばーち	White Birch	noun	ホワイトバーチ
ほわいとびーむ	Whitebeam	noun	ホワイトビーム
ほわいとむーんすとーん	White Moonstone	noun	ホワイトムーンストーン
ほわいともあずこん	Whitmore's Conn	noun	ホワイトモアズコン
ほわいほわいほわい	Whywhywhy	noun	ホワイホワイホワイ
ほわっとあびゅー	What a View	noun	ホワットアビュー
ほわっとあぷれじゃー	What a Pleasure	noun	ホワットアプレジャー
ほわっとあゔゅー	What a View	noun	ホワットアヴュー
ほーくあたっく	Hawk Attack	noun	ホークアタック
ほーくうぃんぐ	Hawk Wing	noun	ホークウィング
ほーくすぱー	Hawkspur	noun	ホークスパー
ほーくびる	Hawkbill	noun	ホークビル
ほーくまうんてん	Hawk Mountain	noun	ホークマウンテン
ほーぷろーど	Hope Road	noun	ホープロード
ほーほけーにっひ	Hochkonig	noun	ホーホケーニッヒ
ほーほけーにひ	Hochkonig	noun	ホーホケーニヒ
ほーむあっとらすと	Home at Last	noun	ホームアットラスト
ほーむあふぇあーず	Home Affairs	noun	ホームアフェアーズ
ほーむかみんぐくいーん	Homecoming Queen	noun	ホームカミングクイーン
ほーむすうぃーとあすぺん	Home Sweet Aspen	noun	ホームスウィートアスペン
ほーむずまん	Homesman	noun	ホームズマン
ほーむぼーいくりす	Homeboykris	noun	ホームボーイクリス
ほーりんぐ	Halling	noun	ホーリング
ほーりーぐれいる	Holy Grail	noun	ホーリーグレイル
ほーりーぶる	Holy Bull	noun	ホーリーブル
ほーりーろーまんえんぺらー	Holy Roman Emperor	noun	ホーリーローマンエンペラー
ほーるおぶふぇいむ	Hall Of Fame	noun	ホールオブフェイム
ほーるでぃんぐこーと	Holding Court	noun	ホールディングコート
ほーるどざしぐりーん	Holdthasigreen	noun	ホールドザシグリーン
ほーるどざっとたいがー	Hold That Tiger	noun	ホールドザットタイガー
ぼいすたらす	Boisterous	noun	ボイスタラス
ぼいっじばぶる	Voyage Bubble	noun	ボイッジバブル
ぼいぽるうすてです	Voy Por Ustedes	noun	ボイポルウステデス
ぼういずひーろー	Bowies Hero	noun	ボウイズヒーロー
ぼうえこー	Bow Echo	noun	ボウエコー
ぼすとんはーばー	Boston Harbor	noun	ボストンハーバー
ぼすらしゃむ	Bosra Sham	noun	ボスラシャム
ぼとるおぶるーじゅ	Bottle Of Rouge	noun	ボトルオブルージュ
ぼなのば	Bonanova	noun	ボナノバ
ぼなのゔぁ	Bonanova	noun	ボナノヴァ
ぼなぽー	Bonapaw	noun	ボナポー
ぼなりあ	Bonaria	noun	ボナリア
ぼにゅすてぃ	Vonusti	noun	ボニュスティ
ぼにーらす	Bonny Lass	noun	ボニーラス
ぼぬばる	Bonneval	noun	ボヌバル
ぼぬゔぁる	Bonneval	noun	ボヌヴァル
ぼばん	Boban	noun	ボバン
ぼびーずきとぅん	Bobby's Kitten	noun	ボビーズキトゥン
ぼぶあんどじょん	Bob and John	noun	ボブアンドジョン
ぼぶすわーす	Bobs Worth	noun	ボブスワース
ぼぶずりたーん	Bob's Return	noun	ボブズリターン
ぼぶぶらっくじゃっく	Bob Black Jack	noun	ボブブラックジャック
ぼぼまん	Boboman	noun	ボボマン
ぼらす	Bolas	noun	ボラス
ぼらたいる	Volatile	noun	ボラタイル
ぼらたいるみっくす	Volatile Mix	noun	ボラタイルミックス
ぼりしょいばれえ	Bolshoi Ballet	noun	ボリショイバレエ
ぼりんえりっく	Bollin Eric	noun	ボリンエリック
ぼるが	Volga	noun	ボルガ
ぼるくすらーと	Volksraad	noun	ボルクスラート
ぼるじあ	Borgia	noun	ボルジア
ぼるだ	Vorda	noun	ボルダ
ぼるとどーろ	Bold d'Oro	noun	ボルトドーロ
ぼるとどーろ	Bolt d'Oro	noun	ボルトドーロ
ぼるどなーろ	Bordonaro	noun	ボルドナーロ
ぼるぺべろーちぇ	Volpe Veloce	noun	ボルペベローチェ
ぼるぺゔぇろーちぇ	Volpe Veloce	noun	ボルペヴェローチェ
ぼるぼれた	Volvoreta	noun	ボルボレタ
ぼるぽーに	Volponi	noun	ボルポーニ
ぼるゔぉれた	Volvoreta	noun	ボルヴォレタ
ぼるーぐ	Vo Rogue	noun	ボルーグ
ぼるーずどぅくーる	Voleuse De Coeurs	noun	ボルーズドゥクール
ぼれある	Boreal	noun	ボレアル
ぼれご	Borrego	noun	ボレゴ
ぼろ	Bolo	noun	ボロ
ぼわだるじゃん	Bois d'Argent	noun	ボワダルジャン
ぼわでゅのーる	Voix du Nord	noun	ボワデュノール
ぼわらいし	Voila Ici	noun	ボワライシ
ぼわるどーる	Voile D'Or	noun	ボワルドール
ぼんどほるだー	Bond Holder	noun	ボンドホルダー
ぼんばーびる	Bomber Bill	noun	ボンバービル
ぼーいずあっととすこのば	Boys At Tosconova	noun	ボーイズアットトスコノバ
ぼーいずあっととすこのゔぁ	Boys At Tosconova	noun	ボーイズアットトスコノヴァ
ぼーだーれすこっと	Borderlescott	noun	ボーダーレスコット
ぼーちゃんぷきんぐ	Beauchamp King	noun	ボーチャンプキング
ぼーてきゃしー	Beaute Cachee	noun	ボーテキャシー
ぼーでぃ	Bodie	noun	ボーディ
ぼーでぃえくすぷれす	Bodexpress	noun	ボーディエクスプレス
ぼーとぅーる	Vautour	noun	ボートゥール
ぼーどびる	Vaudeville	noun	ボードビル
ぼーどまいすたー	Bodemeister	noun	ボードマイスター
ぼーどゔぃる	Vaudeville	noun	ボードヴィル
ぼーぬろまね	Vosne Romanee	noun	ボーヌロマネ
ぼーるだんしんぐ	Ball Dancing	noun	ボールダンシング
ぼーるどえっじ	Bold Edge	noun	ボールドエッジ
ぼーるどりーずにんぐ	Bold Reasoning	noun	ボールドリーズニング
ぼーるどるーらー	Bold Ruler	noun	ボールドルーラー
ぼーんおーらむ	Bon Aurum	noun	ボーンオーラム
ぼーんごーるど	Born Gold	noun	ボーンゴールド
ぽいんつおふざべんち	Points Offthebench	noun	ポインツオフザベンチ
ぽいんとあしゅりー	Point Ashley	noun	ポイントアシュリー
ぽいんとおぶえんとりー	Point of Entry	noun	ポイントオブエントリー
ぽいんとぎぶん	Point Given	noun	ポイントギブン
ぽいんとぎゔん	Point Given	noun	ポイントギヴン
ぽいんとみーばい	Point Me By	noun	ポイントミーバイ
ぽうなむ	Pounamu	noun	ポウナム
ぽえっつぼいす	Poet's Voice	noun	ポエッツボイス
ぽえっつわーど	Poet's Word	noun	ポエッツワード
ぽえっつゔぉいす	Poet's Voice	noun	ポエッツヴォイス
ぽえてぃっくきんぐ	Poetic King	noun	ポエティックキング
ぽえてぃっくふれあ	Poetic Flare	noun	ポエティックフレア
ぽじたーのさんせっと	Positano Sunset	noun	ポジターノサンセット
ぽすとぽんど	Postponed	noun	ポストポンド
ぽせいどんずうぉりあ	Poseidon's Warrior	noun	ポセイドンズウォリア
ぽせいどんずうぉりあー	Poseidon's Warrior	noun	ポセイドンズウォリアー
ぽちょむきん	Potemkin	noun	ポチョムキン
ぽっしぶりーぱーふぇくと	Possibly Perfect	noun	ポッシブリーパーフェクト
ぽっぷとろにっく	Poptronic	noun	ポップトロニック
ぽとりでぃー	Potridee	noun	ポトリディー
ぽはべ	Pohave	noun	ポハベ
ぽはゔぇ	Pohave	noun	ポハヴェ
ぽぷとろにっく	Poptronic	noun	ポプトロニック
ぽめろい	Pomeroy	noun	ポメロイ
ぽらいとねす	Politeness	noun	ポライトネス
ぽらりせーしょん	Polarisation	noun	ポラリセーション
ぽらりぜーしょん	Polarisation	noun	ポラリゼーション
ぽらんすきー	Polanski	noun	ポランスキー
ぽりぐろーと	Poliglote	noun	ポリグロート
ぽりっしゅぱとりおっと	Polish Patriot	noun	ポリッシュパトリオット
ぽりーどりーむ	Polydream	noun	ポリードリーム
ぽるたふぉるとぅな	Porta Fortuna	noun	ポルタフォルトゥナ
ぽるにしぇ	Pornichet	noun	ポルニシェ
ぽろてねじぇむ	Porotene Gem	noun	ポロテネジェム
ぽんだろーさみす	Pondarosa Miss	noun	ポンダローサミス
ぽんぷあんどぐろーりー	Pomp And Glory	noun	ポンプアンドグローリー
ぽんぺい	Pompeii	noun	ポンペイ
ぽんぺいるーらー	Pompeii Ruler	noun	ポンペイルーラー
ぽーたふぉーちゅな	Porta Fortuna	noun	ポータフォーチュナ
ぽーとふぉりおでゅれーしょん	Portfolio Duration	noun	ポートフォリオデュレーション
ぽーとらんどしんが	Portland Singa	noun	ポートランドシンガ
ぽーとらんどすかい	Portland Sky	noun	ポートランドスカイ
ぽーとらんどぷれいやー	Portland Player	noun	ポートランドプレイヤー
ぽーとろっくろい	Port Lockroy	noun	ポートロックロイ
ぽーらずしるばーらいにんぐ	Paulassilverlining	noun	ポーラズシルバーライニング
ぽーらずしるゔぁーらいにんぐ	Paulassilverlining	noun	ポーラズシルヴァーライニング
ぽーらーさくせす	Polar Success	noun	ポーラーサクセス
ぽーらーふぁるこん	Polar Falcon	noun	ポーラーファルコン
ぽーりんずぱーる	Pauline's Pearl	noun	ポーリンズパール
ぽーれっつぁ	Porlezza	noun	ポーレッツァ
ぽーれれ	Paulele	noun	ポーレレ
まいあみばうんど	Miami Bound	noun	マイアミバウンド
まいえま	My Emma	noun	マイエマ
まいきんぐだむおぶふぁいふ	My Kingdom of Fife	noun	マイキングダムオブファイフ
まいくろふぉん	Microphone	noun	マイクロフォン
まいけるずちょいす	Michael's Choice	noun	マイケルズチョイス
まいこんくえすたどりー	My Conquestadory	noun	マイコンクエスタドリー
まいすいーとあでぃくしょん	My Sweet Addiction	noun	マイスイートアディクション
まいたいふーん	My Typhoon	noun	マイタイフーン
まいだすあいず	Midas Eyes	noun	マイダスアイズ
まいてぃはい	Mighty High	noun	マイティハイ
まいてぃーぼす	Mighty Boss	noun	マイティーボス
まいとあんどぱわー	Might And Power	noun	マイトアンドパワー
まいとばいと	Might Bite	noun	マイトバイト
まいとらすてぃーきゃっと	My Trusty Cat	noun	マイトラスティーキャット
まいとーる	Mitole	noun	マイトール
まいどりーむぼーと	My Dream Boat	noun	マイドリームボート
まいふらっぐ	My Flag	noun	マイフラッグ
まいぶらいてぃあ	My Brightia	noun	マイブライティア
まいべすとばれんたいん	My Best Valentine	noun	マイベストバレンタイン
まいべすとゔぁれんたいん	My Best Valentine	noun	マイベストヴァレンタイン
まいぼーいちゃーりー	Myboycharlie	noun	マイボーイチャーリー
まいみすおれーりあ	My Miss Aurelia	noun	マイミスオレーリア
まいみすおーれりあ	My Miss Aurelia	noun	マイミスオーレリア
まいんざっとばーど	Mine That Bird	noun	マインザットバード
まいんしゃふと	Mineshaft	noun	マインシャフト
まいんでぃんぐ	Minding	noun	マインディング
まいんどこんとろーる	Mind Control	noun	マインドコントロール
まいんどふれーむ	Mindframe	noun	マインドフレーム
まいんどゆあびすけっつ	Mind Your Biscuits	noun	マインドユアビスケッツ
まうぃんご	Mawingo	noun	マウィンゴ
まうんてんはい	Mountain High	noun	マウンテンハイ
まうんとささふら	Mt. Sassafras	noun	マウントササフラ
まうんとねるそん	Mount Nelson	noun	マウントネルソン
まかいびーでぃーば	Makybe Diva	noun	マカイビーディーバ
まかいびーでぃーゔぁ	Makybe Diva	noun	マカイビーディーヴァ
まかだみあ	Macadamia	noun	マカダミア
まかるぷらすたー	Makarpura Star	noun	マカルプラスター
まかろわ	Makarova	noun	マカロワ
まかろゔぁ	Makarova	noun	マカロヴァ
まきしまむせきゅりてぃ	Maximum Security	noun	マキシマムセキュリティ
まきしむれーと	Maxim Rate	noun	マキシムレート
まきゅーりっく	McKulick	noun	マキューリック
まくしおす	Maxios	noun	マクシオス
まくふぃ	Makfi	noun	マクフィ
まくりーんずみゅーじっく	Maclean's Music	noun	マクリーンズミュージック
まぐなぐりーしあ	Magna Grecia	noun	マグナグリーシア
まぐなす	Magnus	noun	マグナス
まぐなむふぉーす	Magnum Force	noun	マグナムフォース
まぐなむむーん	Magnum Moon	noun	マグナムムーン
まぐにちゅーど	Magnitude	noun	マグニチュード
まぐにふぃじお	Magnifisio	noun	マグニフィジオ
まぐにふぃせんとそんぐ	Magnificent Song	noun	マグニフィセントソング
まぐわいあ	Maguire	noun	マグワイア
まこりーりー	MacO'Reilly	noun	マコリーリー
まさー	Masar	noun	マサー
まざーあーす	Mother Earth	noun	マザーアース
ましゅこー	Mashkour	noun	マシュコー
ましんがんとむ	Machine Gun Tom	noun	マシンガントム
まじぇすてぃっくうぉりあー	Majestic Warrior	noun	マジェスティックウォリアー
まじぇすてぃっくはーばー	Majestic Harbor	noun	マジェスティックハーバー
まじぇすてぃっくぱーふぇくしょん	Majesticperfection	noun	マジェスティックパーフェクション
まじぇすてぃっくろい	Majestic Roi	noun	マジェスティックロイ
まじかる	Magical	noun	マジカル
まじかるありゅーる	Magical Allure	noun	マジカルアリュール
まじかるふぁんたじー	Magical Fantasy	noun	マジカルファンタジー
まじかるみす	Magical Miss	noun	マジカルミス
まじかるめいでん	Magical Maiden	noun	マジカルメイデン
まじかるらぐーん	Magical Lagoon	noun	マジカルラグーン
まじくーる	Magicool	noun	マジクール
まじしゃん	Magician	noun	マジシャン
まじすとれってぃ	Magistretti	noun	マジストレッティ
まじっくあてぃちゅーど	Magic Attitude	noun	マジックアティチュード
まじっくけーぷ	Magic Cape	noun	マジックケープ
まじっくたいむ	Magic Time	noun	マジックタイム
まじっくはりけーん	Magic Hurricane	noun	マジックハリケーン
まじっくわんど	Magic Wand	noun	マジックワンド
ますいふ	Mus-If	noun	マスイフ
ますうぃざーど	Math Wizard	noun	マスウィザード
ますかるぽーね	Mascarpone	noun	マスカルポーネ
ますくどまーべる	Masked Marvel	noun	マスクドマーベル
ますくどまーゔぇる	Masked Marvel	noun	マスクドマーヴェル
ますたりー	Mastery	noun	マスタリー
ますたんぐばれー	Mustang Valley	noun	マスタングバレー
ますたんぐゔぁれー	Mustang Valley	noun	マスタングヴァレー
ますたーおぶざしーず	Master of the Seas	noun	マスターオブザシーズ
ますたーおぶでざいん	Master of Design	noun	マスターオブデザイン
ますたーくらふつまん	Mastercraftsman	noun	マスタークラフツマン
ますたーまいんでぃっど	Master Minded	noun	マスターマインディッド
ますととらっく	Mast Track	noun	マストトラック
ますめでぃあ	Mass Media	noun	マスメディア
まず	Mazu	noun	マズ
ませどんれでぃ	Macedon Lady	noun	マセドンレディ
まぞひすてぃっく	Masochistic	noun	マゾヒスティック
またれや	Matareya	noun	マタレヤ
まだむちゃん	Madame Chiang	noun	マダムチャン
まだむぽめりー	Madame Pommery	noun	マダムポメリー
まちょうの	Macho Uno	noun	マチョウノ
まっきんじー	McKinzie	noun	マッキンジー
まっくすうぃにー	Mac Swiney	noun	マックスウィニー
まっくすふぃーるど	Maxfield	noun	マックスフィールド
まっくすぷれいやー	Max Player	noun	マックスプレイヤー
まっしゅわん	Mash One	noun	マッシュワン
まっちょあげいん	Macho Again	noun	マッチョアゲイン
まっどきゃっぷえすけいぱーど	Madcap Escapade	noun	マッドキャップエスケイパード
まてぃあら	Matiara	noun	マティアラ
まてぃじー	Matty G	noun	マティジー
まてぃや	Matiya	noun	マティヤ
まてりありてぃ	Materiality	noun	マテリアリティ
までぃそんかうんてぃ	Madison County	noun	マディソンカウンティ
まなーる	Manaal	noun	マナール
まにがー	Manighar	noun	マニガー
まにすてぃく	Manistique	noun	マニスティク
まにばーばん	Mani Bhavan	noun	マニバーバン
まにばーゔぁん	Mani Bhavan	noun	マニバーヴァン
まにゅえる	Manuel	noun	マニュエル
まにんぐす	Munnings	noun	マニングス
まにんぐず	Munnings	noun	マニングズ
まはばやさなふぃ	Marhaba Ya Sanafi	noun	マハバヤサナフィ
まぶすくろす	Mabs Cross	noun	マブスクロス
まほがにー	Mahogany	noun	マホガニー
まほがにーほーる	Mahogany Hall	noun	マホガニーホール
まみふぁい	Mummify	noun	マミファイ
まむたずびがむ	Mumtaz Begum	noun	マムタズビガム
まむたずまはる	Mumtaz Mahal	noun	マムタズマハル
まむーる	Mamool	noun	マムール
まらいあずすとーむ	Mariah's Storm	noun	マライアズストーム
まらくや	Maracuja	noun	マラクヤ
まらくーじゃ	Maracuja	noun	マラクージャ
まらげーら	Malaguerra	noun	マラゲーラ
まらさーと	Malathaat	noun	マラサート
まらのあちゃーりー	Maranoa Charlie	noun	マラノアチャーリー
まらび	Marabi	noun	マラビ
まりあずすとーむ	Mariah's Storm	noun	マリアズストーム
まりあずもん	Maria's Mon	noun	マリアズモン
まりあなふっと	Marianafoot	noun	マリアナフット
まりあみあ	Mariamia	noun	マリアミア
まりぶぷれいやー	Malibu Prayer	noun	マリブプレイヤー
まりぶみんと	Malibu Mint	noun	マリブミント
まりぶむーん	Malibu Moon	noun	マリブムーン
まるきーずどぅせびにえ	Mqse De Sevigne	noun	マルキーズドゥセビニエ
まるきーずどぅせゔぃにえ	Mqse De Sevigne	noun	マルキーズドゥセヴィニエ
まるきーずどせびにえ	Mqse De Sevigne	noun	マルキーズドセビニエ
まるきーずどせゔぃにえ	Mqse De Sevigne	noun	マルキーズドセヴィニエ
まるしゃんどーる	Marchand D'Or	noun	マルシャンドール
まるじゅ	Marju	noun	マルジュ
まるせる	Marcel	noun	マルセル
まるちでぃめんしょなる	Multidimensional	noun	マルチディメンショナル
まるはばやさなふぃ	Marhaba Ya Sanafi	noun	マルハバヤサナフィ
まるはぶ	Malhub	noun	マルハブ
まるばいゆ	Marbye	noun	マルバイユ
まるふーな	Marhoona	noun	マルフーナ
まるーふ	Maroof	noun	マルーフ
まるーふぃてぃ	Maroofity	noun	マルーフィティ
まれおーすとらりす	Mare Australis	noun	マレオーストラリス
まれく	Malek	noun	マレク
まんぐすてぃーぬ	Mangoustine	noun	マングスティーヌ
まんぐーす	Mongoose	noun	マングース
まんごすちん	Mangoustine	noun	マンゴスチン
まんぞあいす	Manzoice	noun	マンゾアイス
まんだるーん	Mandaloun	noun	マンダルーン
まんだー	Manndar	noun	マンダー
まんでぃーずごーるど	Mandy's Gold	noun	マンディーズゴールド
まんでしゃ	Mandesha	noun	マンデシャ
まんでゅろ	Manduro	noun	マンデュロ
まんとばーに	Mantovani	noun	マントバーニ
まんとゔぁーに	Mantovani	noun	マントヴァーニ
まんはったんれいん	Manhattan Rain	noun	マンハッタンレイン
まんふぁす	Manfath	noun	マンファス
まんふろむうぃっくろー	Man From Wicklow	noun	マンフロムウィックロー
まーかすまきします	Markus Maximus	noun	マーカスマキシマス
まーかぶ	Markab	noun	マーカブ
まーがるーら	Margarula	noun	マーガルーラ
まーきゅりある	Mercurial	noun	マーキュリアル
まーきーまーく	Marky Mark	noun	マーキーマーク
まーくおぶえすてぃーむ	Mark Of Esteem	noun	マークオブエスティーム
まーくおぶでぃすてぃんくしょん	Markofdistinction	noun	マークオブディスティンクション
まーけっとせぐめんてーしょん	Marketsegmentation	noun	マーケットセグメンテーション
まーけてぃんぐみっくす	Marketing Mix	noun	マーケティングミックス
まーけとりー	Marquetry	noun	マーケトリー
まーごっとでぃど	Margot Did	noun	マーゴットディド
まーしゃ	Marsha	noun	マーシャ
まーしゅさいど	Marsh Side	noun	マーシュサイド
まーじゅすにっぷ	Marju Snip	noun	マージュスニップ
まーす	Mirth	noun	マース
まーすけい	Marscay	noun	マースケイ
まーちゃんねいびー	Merchant Navy	noun	マーチャンネイビー
まーちゃんねいゔぃー	Merchant Navy	noun	マーチャンネイヴィー
まーとぅむ	Mahtoum	noun	マートゥム
まーぶるほーるず	Marble Halls	noun	マーブルホールズ
まーべらす	Marvellous	noun	マーベラス
まーりん	Marlin	noun	マーリン
まーりんぐ	Marling	noun	マーリング
まーりーずふりーだむ	Marley's Freedom	noun	マーリーズフリーダム
まーりーん	Merlene	noun	マーリーン
まーれいべーる	Marley Vale	noun	マーレイベール
まーれいゔぇーる	Marley Vale	noun	マーレイヴェール
まーれく	Maarek	noun	マーレク
まーゔぇらす	Marvellous	noun	マーヴェラス
みあどみな	Mea Domina	noun	ミアドミナ
みあみすちーふ	Mia Mischief	noun	ミアミスチーフ
みえすく	Miesque	noun	ミエスク
みえすくずあぷるーばる	Miesque's Approval	noun	ミエスクズアプルーバル
みえすくずあぷるーゔぁる	Miesque's Approval	noun	ミエスクズアプルーヴァル
みくすと	Mixto	noun	ミクスト
みしゅりふ	Mishriff	noun	ミシュリフ
みじゅびりー	Mi Jubilee	noun	ミジュビリー
みすあれっじど	Miss Alleged	noun	ミスアレッジド
みすあんどれってぃ	Miss Andretti	noun	ミスアンドレッティ
みすえーにょ	Mi Sueno	noun	ミスエーニョ
みすかばーがーる	Miss Cover Girl	noun	ミスカバーガール
みすかゔぁーがーる	Miss Cover Girl	noun	ミスカヴァーガール
みすきーぷせいく	Miss Keepsake	noun	ミスキープセイク
みすけらー	Miss Keller	noun	ミスケラー
みすせれんでぃぴてぃ	Miss Serendipity	noun	ミスセレンディピティ
みすたーくいっきー	Mr Quickie	noun	ミスタークイッキー
みすたーさんどぐろーぱー	Mr Sandgroper	noun	ミスターサンドグローパー
みすたーしどにー	Mr. Sidney	noun	ミスターシドニー
みすたーすたにんぐ	Mr Stunning	noun	ミスタースタニング
みすたーすぴーかー	Mr Speaker	noun	ミスタースピーカー
みすたーせれぶりてぃ	Mr Celebrity	noun	ミスターセレブリティ
みすたーでぃのす	Mr Dinos	noun	ミスターディノス
みすたーぱーぷる	Mr Purple	noun	ミスターパープル
みすたーふりすきー	Mister Frisky	noun	ミスターフリスキー
みすたーぶらいとさいど	Mr Brightside	noun	ミスターブライトサイド
みすたーぷろすぺくたー	Mr.Prospector	noun	ミスタープロスペクター
みすたーべいりーず	Mister Baileys	noun	ミスターベイリーズ
みすたーまりがん	Mr Mulligan	noun	ミスターマリガン
みすたーまーふぃー	Mr Murphy	noun	ミスターマーフィー
みすたーめでぃち	Mr Medici	noun	ミスターメディチ
みすちばすあれっくす	Mischevious Alex	noun	ミスチバスアレックス
みすちゔぁすあれっくす	Mischevious Alex	noun	ミスチヴァスアレックス
みすちーふまじっく	Mischief Magic	noun	ミスチーフマジック
みすてぃかるぷらん	Mistical Plan	noun	ミスティカルプラン
みすてぃこ	Mystiko	noun	ミスティコ
みすてぃっくじゃーにー	Mystic Journey	noun	ミスティックジャーニー
みすてぃっくだん	Mystik Dan	noun	ミスティックダン
みすてぃっくりっぷす	Mystic Lips	noun	ミスティックリップス
みすてぃふぉーみー	Misty For Me	noun	ミスティフォーミー
みすてりあすないと	Mysterious Night	noun	ミステリアスナイト
みすてんぷるしてぃ	Miss Temple City	noun	ミステンプルシティ
みすでいんひる	Miss Danehill	noun	ミスデインヒル
みすふぃんらんど	Miss Finland	noun	ミスフィンランド
みすふらんす	Miss France	noun	ミスフランス
みすふーでぃーに	Miss Houdini	noun	ミスフーディーニ
みすべいりー	Miss Bailey	noun	ミスベイリー
みすぺにーまねー	Miss Pennymoney	noun	ミスペニーマネー
みすぽてんしゃる	Miss Potential	noun	ミスポテンシャル
みすまっち	Miss Match	noun	ミスマッチ
みすもすまん	Miss Mossman	noun	ミスモスマン
みすらがでぃあん	Miss Raggedy Ann	noun	ミスラガディアン
みすりめんばーど	Misremembered	noun	ミスリメンバード
みすりんだ	Miss Linda	noun	ミスリンダ
みするきゃっと	Mistle Cat	noun	ミスルキャット
みすろーれん	Miss Loren	noun	ミスローレン
みすわき	Miswaki	noun	ミスワキ
みすわーるど	Miss World	noun	ミスワールド
みずでぃれくしょん	Mizdirection	noun	ミズディレクション
みずんますと	Mizzen Mast	noun	ミズンマスト
みせすりんぜい	Mrs Lindsay	noun	ミセスリンゼイ
みっきーすとりーと	Mikki Street	noun	ミッキーストリート
みっしょんあぷるーぶど	Mission Approved	noun	ミッションアプルーブド
みっしょんあぷるーゔど	Mission Approved	noun	ミッションアプルーヴド
みっしょんせんとらる	Mission Central	noun	ミッションセントラル
みっでい	Midday	noun	ミッデイ
みっどさまーみゅーじっく	Mid Summer Music	noun	ミッドサマーミュージック
みっどしっぷす	Midships	noun	ミッドシップス
みっどしっぷまん	Midshipman	noun	ミッドシップマン
みっどないといんたーるーど	Midnight Interlude	noun	ミッドナイトインタールード
みっどないとおいる	Midnight Oil	noun	ミッドナイトオイル
みっどないとすとーむ	Midnight Storm	noun	ミッドナイトストーム
みっどないとびすー	Midnight Bisou	noun	ミッドナイトビスー
みっどないとびずー	Midnight Bisou	noun	ミッドナイトビズー
みっどないとらっきー	Midnight Lucky	noun	ミッドナイトラッキー
みっどないとりゅーと	Midnight Lute	noun	ミッドナイトリュート
みっどないとるーと	Midnight Lute	noun	ミッドナイトルート
みどうぶりーず	Meadow Breeze	noun	ミドウブリーズ
みなるでぃ	Minardi	noun	ミナルディ
みにーほーく	Minnie Hauk	noun	ミニーホーク
みねらいんど	Minella Indo	noun	ミネラインド
みのれっと	Minorette	noun	ミノレット
みゅりきん	Mullikin	noun	ミュリキン
みゅーじかるちゃいむず	Musical Chimes	noun	ミュージカルチャイムズ
みゅーじかるろまんす	Musical Romance	noun	ミュージカルロマンス
みゅーじっくしょー	Music Show	noun	ミュージックショー
みゅーじっくのーと	Music Note	noun	ミュージックノート
みゅーじっくまぐねいと	Music Magnate	noun	ミュージックマグネイト
みゅーちゅあるとらすと	Mutual Trust	noun	ミューチュアルトラスト
みらくるずおぶらいふ	Miracles Of Life	noun	ミラクルズオブライフ
みらん	Milan	noun	ミラン
みらんみる	Milan Mill	noun	ミランミル
みらーじゅだんさー	Mirage Dancer	noun	ミラージュダンサー
みりする	Millisle	noun	ミリスル
みりたらいず	Militarize	noun	ミリタライズ
みりたりー	Military	noun	ミリタリー
みりたりーあたっく	Military Attack	noun	ミリタリーアタック
みりたりーむーぶ	Military Move	noun	ミリタリームーブ
みりたりーむーゔ	Military Move	noun	ミリタリームーヴ
みるうぉーきーぶりゅー	Milwaukee Brew	noun	ミルウォーキーブリュー
みるえみる	Mille Et Mille	noun	ミルエミル
みるくいっとみっく	Milk It Mick	noun	ミルクイットミック
みるこむ	Millkom	noun	ミルコム
みるじゅりさらす	Mirjulisa Lass	noun	ミルジュリサラス
みるすとりーむ	Mill Stream	noun	ミルストリーム
みるりーふ	Mill Reef	noun	ミルリーフ
みれなりー	Millenary	noun	ミレナリー
みれにあむうぃんど	Millennium Wind	noun	ミレニアムウィンド
みんざーる	Minzaal	noun	ミンザール
むあわど	Mouawad	noun	ムアワド
むかどらむ	Mukhadram	noun	ムカドラム
むしゃうぃしゅ	Mshawish	noun	ムシャウィシュ
むしゃうぃっしゅ	Mshawish	noun	ムシャウィッシュ
むしゅか	Mushka	noun	ムシュカ
むすこか	Muskoka	noun	ムスコカ
むすたしゅりー	Mustashry	noun	ムスタシュリー
むたくでぃむ	Mutakddim	noun	ムタクディム
むたふぁーうえく	Mutafaweq	noun	ムタファーウエク
むたまむ	Mutamam	noun	ムタマム
むねもしゅね	Mnemosyne	noun	ムネモシュネ
むねもしん	Mnemosyne	noun	ムネモシン
むはりふ	Mukhalif	noun	ムハリフ
むはーらー	Muhaarar	noun	ムハーラー
むふぁさ	Mufhasa	noun	ムファサ
むぶたひーじ	Mubtaahij	noun	ムブタヒージ
むーくた	Mookta	noun	ムークタ
むーす	Muth	noun	ムース
むーたてぃーる	Muhtathir	noun	ムータティール
むーちょぐすと	Mucho Gusto	noun	ムーチョグスト
むーちょまっちょまん	Mucho Macho Man	noun	ムーチョマッチョマン
むーなっくす	Moonax	noun	ムーナックス
むーぶいんたいむ	Move In Time	noun	ムーブインタイム
むーぶとぅすとらいく	Move to Strike	noun	ムーブトゥストライク
むーらやん	Mourayan	noun	ムーラヤン
むーんしぇる	Moonshell	noun	ムーンシェル
むーんしゃいんまりん	Moonshine Mullin	noun	ムーンシャインマリン
むーんしゃいんめもりーず	Moonshine Memories	noun	ムーンシャインメモリーズ
むーんすとーん	Moonstone	noun	ムーンストーン
むーんらいとくらうど	Moonlight Cloud	noun	ムーンライトクラウド
むーゔいんたいむ	Move In Time	noun	ムーヴインタイム
むーゔとぅすとらいく	Move to Strike	noun	ムーヴトゥストライク
めありーふぃーるど	Maryfield	noun	メアリーフィールド
めあんどる	Meandre	noun	メアンドル
めいくあすたんど	Make A Stand	noun	メイクアスタンド
めいくびりーぶ	Make Believe	noun	メイクビリーブ
めいくびりーゔ	Make Believe	noun	メイクビリーヴ
めいじ	Mage	noun	メイジ
めいずこーずうぇい	Maids Causeway	noun	メイズコーズウェイ
めいずどりーむ	May's Dream	noun	メイズドリーム
めいそん	Mayson	noun	メイソン
めいどおぶへぶん	Maid Of Heaven	noun	メイドオブヘブン
めいどおぶへゔん	Maid Of Heaven	noun	メイドオブヘヴン
めいびー	Maybe	noun	メイビー
めいびーでぃすくりーと	Maybe Discreet	noun	メイビーディスクリート
めいぶんべる	Maven Belle	noun	メイブンベル
めいよーおんざさいど	Mayo On the Side	noun	メイヨーオンザサイド
めいるざでざーと	Mail The Desert	noun	メイルザデザート
めいんしーくえんす	Main Sequence	noun	メインシークエンス
めいゔんべる	Maven Belle	noun	メイヴンベル
めおんどる	Meandre	noun	メオンドル
めがへるつ	Megahertz	noun	メガヘルツ
めくたーん	Mekhtaal	noun	メクターン
めじゃーどたいむ	Measured Time	noun	メジャードタイム
めじゃーびーる	Major Beel	noun	メジャービール
めすさーふ	Mehthaaf	noun	メスサーフ
めぞんるい	Maison Louis	noun	メゾンルイ
めたるべんだー	Metal Bender	noun	メタルベンダー
めだりあどーろ	Medaglia d'Oro	noun	メダリアドーロ
めだーりー	Medaaly	noun	メダーリー
めっかずえんじぇる	Mecca's Angel	noun	メッカズエンジェル
めっけ	Mecke	noun	メッケ
めっぞそぷらの	Mezzo Soprano	noun	メッゾソプラノ
めておすとーむ	Meteor Storm	noun	メテオストーム
めでぃあせんせーしょん	Media Sensation	noun	メディアセンセーション
めでぃあぱずる	Media Puzzle	noun	メディアパズル
めでぃしあん	Medicean	noun	メディシアン
めでぃていと	Meditate	noun	メディテイト
めでぃてーと	Meditate	noun	メディテート
めでぃーなすぴりっと	Medina Spirit	noun	メディーナスピリット
めとろぽりたん	Metropolitan	noun	メトロポリタン
めどうすたー	Meadow Star	noun	メドウスター
めにふぃー	Menifee	noun	メニフィー
めもりーずおぶしるばー	Memories of Silver	noun	メモリーズオブシルバー
めもりーずおぶしるゔぁー	Memories of Silver	noun	メモリーズオブシルヴァー
めらとにん	Melatonin	noun	メラトニン
めりでぃあな	Meridiana	noun	メリディアナ
めりるぼーん	Marylebone	noun	メリルボーン
めりーと	Melito	noun	メリート
めろでぃべる	Melody Belle	noun	メロディベル
めろでぃーべる	Melody Belle	noun	メロディーベル
めんたりてぃ	Mentality	noun	メンタリティ
めんたる	Mental	noun	メンタル
めんでるすぞーん	Mendelssohn	noun	メンデルスゾーン
めんどしーの	Mendocino	noun	メンドシーノ
めんふーば	Menhoubah	noun	メンフーバ
めーます	Mehmas	noun	メーマス
もあざんせいくりっど	More Than Sacred	noun	モアザンセイクリッド
もあざんるっくす	More Than Looks	noun	モアザンルックス
もあざんれでぃ	More Than Ready	noun	モアザンレディ
もあじょいあす	More Joyous	noun	モアジョイアス
もあすぴりっと	Mor Spirit	noun	モアスピリット
もいら	Moira	noun	モイラ
もうりーにょ	Mourinho	noun	モウリーニョ
もうんが	Mo'unga	noun	モウンガ
もしーん	Mosheen	noun	モシーン
もすくわふらいやー	Moscow Flyer	noun	モスクワフライヤー
もすたっかー	Moss Tucker	noun	モスタッカー
もすたーだふ	Mostahdaf	noun	モスターダフ
もすといんぷるーぶど	Most Improved	noun	モストインプルーブド
もすといんぷるーゔど	Most Improved	noun	モストインプルーヴド
もすふぁん	Mossfun	noun	モスファン
もすふらわー	Mossflower	noun	モスフラワー
もすぼろー	Mossborough	noun	モスボロー
もすまん	Mossman	noun	モスマン
もだんげーむず	Modern Games	noun	モダンゲームズ
もてぃべいたー	Motivator	noun	モティベイター
もてぃべーたー	Motivator	noun	モティベーター
もてぃゔぇいたー	Motivator	noun	モティヴェイター
もてぃゔぇーたー	Motivator	noun	モティヴェーター
もでむ	Modem	noun	モデム
もどねがる	Mo Donegal	noun	モドネガル
もなここんさる	Monaco Consul	noun	モナココンサル
もなでもんま	Mona de Momma	noun	モナデモンマ
もなーこす	Monarchos	noun	モナーコス
もねばしあ	Monevassia	noun	モネバシア
もねばっしあ	Monevassia	noun	モネバッシア
もねゔぁしあ	Monevassia	noun	モネヴァシア
もねゔぁっしあ	Monevassia	noun	モネヴァッシア
ものもいがーる	Monomoy Girl	noun	モノモイガール
もはーざー	Mohaather	noun	モハーザー
もらんでぃ	Morandi	noun	モランディ
もりあーてぃ	Moriarty	noun	モリアーティ
もりーぶるーむ	Molly Bloom	noun	モリーブルーム
もりーまろーん	Molly Malone	noun	モリーマローン
もりーもーがん	Molly Morgan	noun	モリーモーガン
もるしゅでぃ	Morshdi	noun	モルシュディ
もるてぃーずくろす	Maltese Cross	noun	モルティーズクロス
もるでぃびあん	Maldivian	noun	モルディビアン
もるでぃゔぃあん	Maldivian	noun	モルディヴィアン
もれの	Moreno	noun	モレノ
もんおめる	Mont Ormel	noun	モンオメル
もんごりあんかーん	Mongolian Khan	noun	モンゴリアンカーン
もんごりあんぐるーむ	Mongolian Groom	noun	モンゴリアングルーム
もんごりあんさたでー	Mongolian Saturday	noun	モンゴリアンサタデー
もんざんと	Monzante	noun	モンザント
もんじゅー	Montjeu	noun	モンジュー
もんずーん	Monsun	noun	モンズーン
もんたしぶ	Montassib	noun	モンタシブ
もんたれ	Montare	noun	モンタレ
もんてふぃりあ	Montefilia	noun	モンテフィリア
もんてろっそ	Monterosso	noun	モンテロッソ
もんでぃありすと	Mondialiste	noun	モンディアリスト
もんとやずしーくれっと	Montoya's Secret	noun	モントヤズシークレット
もんとりおーるれっど	Montreal Red	noun	モントリオールレッド
もんば	Monba	noun	モンバ
もんまるとる	Montmartre	noun	モンマルトル
もんめっき	Mon Mekki	noun	モンメッキ
もんろー	Monroe	noun	モンロー
もーぐる	Mogul	noun	モーグル
もーじ	Mawj	noun	モージ
もーたうん	Mo Town	noun	モータウン
もーつぁると	Mozart	noun	モーツァルト
もーどにごーる	Mo Donegal	noun	モードニゴール
もーにんぐらいん	Morning Line	noun	モーニングライン
もーにんとんぐろーりー	Mornington Glory	noun	モーニントングローリー
もーふぉるつぁ	Mo Forza	noun	モーフォルツァ
もーめんとおぶちぇんじ	Moment of Change	noun	モーメントオブチェンジ
もーららかな	Mauralakana	noun	モーララカナ
もーんおぶそんぐ	Morn of Song	noun	モーンオブソング
やうぽん	Yaupon	noun	ヤウポン
やぐり	Yagli	noun	ヤグリ
やしゅまく	Yashmak	noun	ヤシュマク
やっぴーいお	Yippyio	noun	ヤッピーイオ
やぷりも	Ya Primo	noun	ヤプリモ
やまらく	Ya Malak	noun	ヤマラク
やんきーびくたー	Yankee Victor	noun	ヤンキービクター
やんきーろーず	Yankee Rose	noun	ヤンキーローズ
やんきーゔぃくたー	Yankee Victor	noun	ヤンキーヴィクター
やんくすみゅーじっく	Yanks Music	noun	ヤンクスミュージック
やんぐすたー	Youngstar	noun	ヤングスター
やんふぇるめーる	Jan Vermeer	noun	ヤンフェルメール
やんぶりゅーげる	Jan Brueghel	noun	ヤンブリューゲル
やんゔぇるめーる	Jan Vermeer	noun	ヤンヴェルメール
ゆあそんぐ	Your Song	noun	ユアソング
ゆあでぃーる	Yourdeel	noun	ユアディール
ゆに	Uni	noun	ユニ
ゆにおんすとらいく	Union Strike	noun	ユニオンストライク
ゆにおんらぐず	Union Rags	noun	ユニオンラグズ
ゆにばーさるぷりんす	Universal Prince	noun	ユニバーサルプリンス
ゆにゅーじゅあるさすぺくと	Unusual Suspect	noun	ユニュージュアルサスペクト
ゆにゔぁーさるぷりんす	Universal Prince	noun	ユニヴァーサルプリンス
ゆにーくべら	Unique Bella	noun	ユニークベラ
ゆびあー	Yibir	noun	ユビアー
ゆりしーず	Ulysses	noun	ユリシーズ
ゆー	You	noun	ユー
ゆーあんどあい	You and I	noun	ユーアンドアイ
ゆーあーそーすりりんぐ	Youresothrilling	noun	ユーアーソースリリング
ゆーえすねいびーふらっぐ	US Navy Flag	noun	ユーエスネイビーフラッグ
ゆーえすねいゔぃーふらっぐ	US Navy Flag	noun	ユーエスネイヴィーフラッグ
ゆーごっととぅみー	You Got To Me	noun	ユーゴットトゥミー
ゆーざーふれんどりー	User Friendly	noun	ユーザーフレンドリー
ゆーのみあ	Eunomia	noun	ユーノミア
ゆーむざいん	Youmzain	noun	ユームザイン
ゆーろいやーず	Euroears	noun	ユーロイヤーズ
ゆーろしゃーりーん	Euro Charline	noun	ユーロシャーリーン
ゆーろんぷりんす	Yulong Prince	noun	ユーロンプリンス
ゆーわんぐ	You Wahng	noun	ユーワング
ようせい	Yosei	noun	ヨウセイ
よしだ	Yoshida	noun	ヨシダ
よはねすふぇるめーる	Johannes Vermeer	noun	ヨハネスフェルメール
よはねすぶるぐ	Johannesburg	noun	ヨハネスブルグ
よはねすゔぇるめーる	Johannes Vermeer	noun	ヨハネスヴェルメール
らいあ	Lyre	noun	ライア
らいあふぁん	Ryafan	noun	ライアファン
らいあんまーく	Ryan Mark	noun	ライアンマーク
らいおんずろーあ	Lion's Roar	noun	ライオンズローア
らいおんていまー	Lion Tamer	noun	ライオンテイマー
らいおんはーと	Lion Heart	noun	ライオンハート
らいじんぐろまんす	Rising Romance	noun	ライジングロマンス
らいつおぶへぶん	Lights of Heaven	noun	ライツオブヘブン
らいつおぶへゔん	Lights of Heaven	noun	ライツオブヘヴン
らいといんふぁんとりーまん	Light Infantry Man	noun	ライトインファントリーマン
らいとぅんたいくーん	Written Tycoon	noun	ライトゥンタイクーン
らいとおぶぱっせーじ	Rite Of Passage	noun	ライトオブパッセージ
らいとざひゅーず	Lite the Fuse	noun	ライトザヒューズ
らいとしふと	Light Shift	noun	ライトシフト
らいとじぐ	Light Jig	noun	ライトジグ
らいとにんぐすぴあ	Lightning Spear	noun	ライトニングスピア
らいとにんぐぱーる	Lightening Pearl	noun	ライトニングパール
らいとはうす	Lighthouse	noun	ライトハウス
らいとはうすべい	Lighthouse Bay	noun	ライトハウスベイ
らいとりーそー	Rightly So	noun	ライトリーソー
らいふ	Rayif	noun	ライフ
らいふあっとてん	Life At Ten	noun	ライフアットテン
らいふいずぐっど	Life Is Good	noun	ライフイズグッド
らいふいずすうぃーと	Life Is Sweet	noun	ライフイズスウィート
らいらっくすあんどれーす	Lilacs and Lace	noun	ライラックスアンドレース
らいんおぶでゅーてぃ	Line of Duty	noun	ラインオブデューティ
らいんおぶでーびっど	Line of David	noun	ラインオブデービッド
らいんおぶでーゔぃっど	Line of David	noun	ラインオブデーヴィッド
らいんばっかー	Linebacker	noun	ラインバッカー
らいーる	Lyre	noun	ライール
らうんどてーぶる	Round Table	noun	ラウンドテーブル
らうんどぽんど	Round Pond	noun	ラウンドポンド
らかざる	Lacazar	noun	ラカザル
らかーら	La Cara	noun	ラカーラ
らがのあ	Laganore	noun	ラガノア
らきーん	Rakeen	noun	ラキーン
らくからちゃ	La Cucaracha	noun	ラクカラチャ
らくてぃ	Rakti	noun	ラクティ
らくらんりばー	Lachlan River	noun	ラクランリバー
らくらんりゔぁー	Lachlan River	noun	ラクランリヴァー
らくりーく	La Crique	noun	ラクリーク
らくれそにえーる	La Cressonniere	noun	ラクレソニエール
らぐすとぅりっちーず	Rags To Riches	noun	ラグストゥリッチーズ
らぐずとぅりっちず	Rags To Riches	noun	ラグズトゥリッチズ
らぐまー	Ragmar	noun	ラグマー
らこりーな	La Collina	noun	ラコリーナ
らころねる	La Coronel	noun	ラコロネル
らこんふぇでれーしょん	La Confederation	noun	ラコンフェデレーション
らざっと	Lazzat	noun	ラザット
らしあんきゃめろっと	Russian Camelot	noun	ラシアンキャメロット
らしにー	Lassigny	noun	ラシニー
らじあな	Razyana	noun	ラジアナ
らじゃばば	Raja Baba	noun	ラジャババ
らじーむ	Rajeem	noun	ラジーム
らじーん	Razeen	noun	ラジーン
らすけてぃすぴりっと	Lasqueti Spirit	noun	ラスケティスピリット
らすとこーる	Last Call	noun	ラストコール
らすとたいくーん	Last Tycoon	noun	ラストタイクーン
らすとふるめじゃー	Last Full Measure	noun	ラストフルメジャー
らすめになす	Las Meninas	noun	ラスメニナス
らずーら	Lazzura	noun	ラズーラ
らせてぃんぐ	Russeting	noun	ラセティング
らっかりお	Laccario	noun	ラッカリオ
らっきーおーなーず	Lucky Owners	noun	ラッキーオーナーズ
らっきーぐれい	Luckygray	noun	ラッキーグレイ
らっきーすぴーど	Lucky Speed	noun	ラッキースピード
らっきーすわいねす	Lucky Sweynesse	noun	ラッキースワイネス
らっきーないん	Lucky Nine	noun	ラッキーナイン
らっきーはすらー	Lucky Hussler	noun	ラッキーハスラー
らっきーばぶるず	Lucky Bubbles	noun	ラッキーバブルズ
らっきーべが	Lucky Vega	noun	ラッキーベガ
らっきーらいおん	Lucky Lion	noun	ラッキーライオン
らっきーろべると	Lucky Roberto	noun	ラッキーロベルト
らっきーゔぇが	Lucky Vega	noun	ラッキーヴェガ
らっしゅど	Lashed	noun	ラッシュド
らっしゅらっしーず	Lush Lashes	noun	ラッシュラッシーズ
らっしゅりっぷす	Lush Lips	noun	ラッシュリップス
らっしんぐふぉーる	Rushing Fall	noun	ラッシングフォール
らっしーでぃあ	Lassie Dear	noun	ラッシーディア
らっしーでぃあー	Lassie Dear	noun	ラッシーディアー
らっどおぶざまなー	Lad Of The Manor	noun	ラッドオブザマナー
らっふるず	Ruffles	noun	ラッフルズ
らてぃあ	La Tia	noun	ラティア
らてぃす	Latice	noun	ラティス
らてらる	Lateral	noun	ラテラル
らでぃおさ	La Diosa	noun	ラディオサ
らとるんろーる	Rattle N Roll	noun	ラトルンロール
らとろわんぬ	La Troienne	noun	ラトロワンヌ
らとろーぶ	Latrobe	noun	ラトローブ
らどらーだ	La Dorada	noun	ラドラーダ
らはりーぶ	Lahaleeb	noun	ラハリーブ
らはん	Lahan	noun	ラハン
らばまん	Lava Man	noun	ラバマン
らばらか	La Baraka	noun	ラバラカ
らびるこ	Lavirco	noun	ラビルコ
らびんぐがびー	Loving Gaby	noun	ラビングガビー
らびんぐぎゃびー	Loving Gaby	noun	ラビングギャビー
らびんぐくれいむ	Loving Claim	noun	ラビングクレイム
らびんぐどりーむ	Loving Dream	noun	ラビングドリーム
らびーぶ	Labeeb	noun	ラビーブ
らふぃんぐ	Laughing	noun	ラフィング
らふしょっど	Rough Shod	noun	ラフショッド
らふどぅーど	Lahudood	noun	ラフドゥード
らぶ	Love	noun	ラブ
らぶあんどぷらいど	Love and Pride	noun	ラブアンドプライド
らぶざうぇいゆーあー	Love Theway Youare	noun	ラブザウェイユーアー
らぶざっとれっど	Love That Red	noun	ラブザットレッド
らぶしっくぶるーす	Lovesick Blues	noun	ラブシックブルース
らぶでぃばいん	Love Divine	noun	ラブディバイン
らぶでぃゔぁいん	Love Divine	noun	ラブディヴァイン
らぶりん	Lovelyn	noun	ラブリン
らぶりーじゅぶりー	Lovely Jubly	noun	ラブリージュブリー
らぶりーまりあ	Lovely Maria	noun	ラブリーマリア
らぶろっく	Love Lock	noun	ラブロック
らぶろん	Lovellon	noun	ラブロン
らぷてぃっとここ	La Petite Coco	noun	ラプティットココ
らべりー	Lavery	noun	ラベリー
らぺろーざ	La Pelosa	noun	ラペローザ
らまちゅえる	Ramatuelle	noun	ラマチュエル
らむたら	Lammtarra	noun	ラムタラ
らむるま	Ramruma	noun	ラムルマ
らもんてぃ	Ramonti	noun	ラモンティ
ららあ	Laragh	noun	ララア
らりす	Ralis	noun	ラリス
らりーざれじぇんど	Larry the Legend	noun	ラリーザレジェンド
らんかすたーぼんばー	Lancaster Bomber	noun	ランカスターボンバー
らんかんるぴー	Lankan Rupee	noun	ランカンルピー
らんぎぽ	Rangipo	noun	ランギポ
らんぎらんどぅー	Rangirangdoo	noun	ランギランドゥー
らんぐふぃーるど	Lang Field	noun	ラングフィールド
らんぐふーる	Langfuhr	noun	ラングフール
らんさむおうぉー	Ransom O'War	noun	ランサムオウォー
らんさむざむーん	Ransom the Moon	noun	ランサムザムーン
らんさむど	Ransomed	noun	ランサムド
らんだまいずど	Randomized	noun	ランダマイズド
らんど	Lando	noun	ランド
らんどおぶぷれんてぃ	Land Of Plenty	noun	ランドオブプレンティ
らんどさいてぃんぐ	Landsighting	noun	ランドサイティング
らんどしあ	Landseer	noun	ランドシア
らんどれじぇんど	Land Legend	noun	ランドレジェンド
らんなっぷざからーず	Runup the Colors	noun	ランナップザカラーズ
らんにんぐふれーむ	Running Flame	noun	ランニングフレーム
らんはっぴー	Runhappy	noun	ランハッピー
らんぷるすてぃるつきん	Rumplestiltskin	noun	ランプルスティルツキン
らんぼーん	Lambourn	noun	ランボーン
らんまんらん	Run Man Run	noun	ランマンラン
らゔ	Love	noun	ラヴ
らゔぁまん	Lava Man	noun	ラヴァマン
らゔあんどぷらいど	Love and Pride	noun	ラヴアンドプライド
らゔぃるこ	Lavirco	noun	ラヴィルコ
らゔぃんぐがびー	Loving Gaby	noun	ラヴィングガビー
らゔぃんぐぎゃびー	Loving Gaby	noun	ラヴィングギャビー
らゔぃんぐくれいむ	Loving Claim	noun	ラヴィングクレイム
らゔぃんぐどりーむ	Loving Dream	noun	ラヴィングドリーム
らゔぇりー	Lavery	noun	ラヴェリー
らゔざうぇいゆーあー	Love Theway Youare	noun	ラヴザウェイユーアー
らゔざっとれっど	Love That Red	noun	ラヴザットレッド
らゔしっくぶるーす	Lovesick Blues	noun	ラヴシックブルース
らゔでぃばいん	Love Divine	noun	ラヴディバイン
らゔでぃゔぁいん	Love Divine	noun	ラヴディヴァイン
らゔりん	Lovelyn	noun	ラヴリン
らゔりーじゅぶりー	Lovely Jubly	noun	ラヴリージュブリー
らゔりーまりあ	Lovely Maria	noun	ラヴリーマリア
らゔろっく	Love Lock	noun	ラヴロック
らゔろん	Lovellon	noun	ラヴロン
らーい	Rahy	noun	ラーイ
らーいずあとーにー	Rahy's Attorney	noun	ラーイズアトーニー
らーひー	Rahy	noun	ラーヒー
りああんとにあ	Ria Antonia	noun	リアアントニア
りあくてぃぶ	Reactive	noun	リアクティブ
りあくてぃゔ	Reactive	noun	リアクティヴ
りあむずまっぷ	Liam's Map	noun	リアムズマップ
りあるくわいえっと	Real Quiet	noun	リアルクワイエット
りあるそりゅーしょん	Real Solution	noun	リアルソリューション
りあーずぷりんせす	Lear's Princess	noun	リアーズプリンセス
りうぉーどふぉーえふぉーと	Reward for Effort	noun	リウォードフォーエフォート
りえぞん	Liaison	noun	リエゾン
りおでらぷらた	Rio de la Plata	noun	リオデラプラタ
りかーりんぐ	Recurring	noun	リカーリング
りきんどりんぐ	Rekindling	noun	リキンドリング
りくえすとふぉーぱろーる	Request For Parole	noun	リクエストフォーパロール
りけてぃすぷりっと	Lickety Split	noun	リケティスプリット
りごれった	Rigoletta	noun	リゴレッタ
りさいと	Recite	noun	リサイト
りざーずでぃざいあ	Lizard's Desire	noun	リザーズディザイア
りざーぶばんく	Reserve Bank	noun	リザーブバンク
りざーゔばんく	Reserve Bank	noun	リザーヴバンク
りじーらむーる	Lizzie L'Amour	noun	リジーラムール
りすかばーす	Riskaverse	noun	リスカバース
りすかゔぁーす	Riskaverse	noun	リスカヴァース
りすきーびじねす	Risky Business	noun	リスキービジネス
りすく	Risque	noun	リスク
りすにんぐ	Listening	noun	リスニング
りずむ	Rhythm	noun	リズム
りせっと	Reset	noun	リセット
りぜーな	Rizeena	noun	リゼーナ
りたーんとぅこんかー	Return To Conquer	noun	リターントゥコンカー
りたーんとぅこんけあ	Return To Conquer	noun	リターントゥコンケア
りだしーな	Ridasiyna	noun	リダシーナ
りちゃーずきっど	Richard's Kid	noun	リチャーズキッド
りっじうっどぱーる	Ridgewood Pearl	noun	リッジウッドパール
りっすん	Listen	noun	リッスン
りっすんあっぷしゃんす	Listenupshance	noun	リッスンアップシャンス
りっちすとらいく	Rich Strike	noun	リッチストライク
りっちたぺすとりー	Rich Tapestry	noun	リッチタペストリー
りっとりお	Littorio	noun	リットリオ
りっぷばんうぃんくる	Rip Van Winkle	noun	リップバンウィンクル
りっぷゔぁんうぃんくる	Rip Van Winkle	noun	リップヴァンウィンクル
りてらと	Literato	noun	リテラト
りとぅんたいくーん	Written Tycoon	noun	リトゥンタイクーン
りとぅんばい	Written By	noun	リトゥンバイ
りとるびっぐべあ	Little Big Bear	noun	リトルビッグベア
りとるぶりっじ	Little Bridge	noun	リトルブリッジ
りとるぶろーず	Little Brose	noun	リトルブローズ
りとるべる	Little Belle	noun	リトルベル
りとるまいく	Little Mike	noun	リトルマイク
りどじゅすてぃす	Lit de Justice	noun	リドジュスティス
りどぱれす	Lido Palace	noun	リドパレス
りなみっくす	Linamix	noun	リナミックス
りばーきーん	River Keen	noun	リバーキーン
りばーだんさー	River Dancer	noun	リバーダンサー
りばーばーどん	River Verdon	noun	リバーバードン
りばーふらいやー	River Flyer	noun	リバーフライヤー
りばーべい	River Bay	noun	リバーベイ
りばーべるどん	River Verdon	noun	リバーベルドン
りばーまん	Riverman	noun	リバーマン
りばーらっど	River Lad	noun	リバーラッド
りばーゔぁーどん	River Verdon	noun	リバーヴァードン
りばーゔぇるどん	River Verdon	noun	リバーヴェルドン
りぱぶりっくらす	Republic Lass	noun	リパブリックラス
りひたーすけーる	Richter Scale	noun	リヒタースケール
りびえら	Riviera	noun	リビエラ
りふぁーる	Lyphard	noun	リファール
りふゅーずとぅべんど	Refuse To Bend	noun	リフューズトゥベンド
りふゅーずとぅぼびん	Refuse To Bobbin	noun	リフューズトゥボビン
りふろけっと	Riff Rocket	noun	リフロケット
りぶいんざどりーむ	Live In The Dream	noun	リブインザドリーム
りぶちぇすたー	Ribchester	noun	リブチェスター
りぶりさぶりーず	Librisa Breeze	noun	リブリサブリーズ
りぶれてぃすと	Librettist	noun	リブレティスト
りべっと	Rivet	noun	リベット
りべるたー	Libertad	noun	リベルター
りべれんす	Reverence	noun	リベレンス
りべれーたー	Liberator	noun	リベレーター
りぼれった	Riboletta	noun	リボレッタ
りぼんず	Ribbons	noun	リボンズ
りぼー	Ribot	noun	リボー
りまーと	Limato	noun	リマート
りゅてぃえ	Luthier	noun	リュティエ
りゅぬどーる	Lune d'Or	noun	リュヌドール
りゅみえーる	Lumiere	noun	リュミエール
りらいあぶるまん	Reliable Man	noun	リライアブルマン
りらっくすどじぇすちゃー	Relaxed Gesture	noun	リラックスドジェスチャー
りりかるびっど	Lyrical Bid	noun	リリカルビッド
りりっくおぶらいと	Lyric of Light	noun	リリックオブライト
りりーおぶざばりー	Lily Of The Valley	noun	リリーオブザバリー
りりーおぶざゔぁりー	Lily Of The Valley	noun	リリーオブザヴァリー
りりーずきゃんどる	Lily's Candle	noun	リリーズキャンドル
りりーらんぐとりー	Lillie Langtry	noun	リリーラングトリー
りりーらんとりー	Lillie Langtry	noun	リリーラントリー
りるいーてぃー	Lil E. Tee	noun	リルイーティー
りれいず	Reraise	noun	リレイズ
りろーんち	Relaunch	noun	リローンチ
りわいるでぃんぐ	Rewilding	noun	リワイルディング
りわーや	Rewaaya	noun	リワーヤ
りんがすきでぃ	Ringaskiddy	noun	リンガスキディ
りんがり	Linngari	noun	リンガリ
りんきーでぃんく	Linky Dink	noun	リンキーディンク
りんきーでぃんく	Rinky Dink	noun	リンキーディンク
りんくりばー	Link River	noun	リンクリバー
りんくりゔぁー	Link River	noun	リンクリヴァー
りんぐうぃーくえんど	Ring Weekend	noun	リングウィークエンド
りんぐすあちゃいむ	Rings a Chime	noun	リングスアチャイム
りんだずらっど	Linda's Lad	noun	リンダズラッド
りんだーまん	Lindermann	noun	リンダーマン
りんとん	Linton	noun	リントン
りんぴっど	Limpid	noun	リンピッド
りゔぁーきーん	River Keen	noun	リヴァーキーン
りゔぁーだんさー	River Dancer	noun	リヴァーダンサー
りゔぁーばーどん	River Verdon	noun	リヴァーバードン
りゔぁーふらいやー	River Flyer	noun	リヴァーフライヤー
りゔぁーべい	River Bay	noun	リヴァーベイ
りゔぁーべるどん	River Verdon	noun	リヴァーベルドン
りゔぁーまん	Riverman	noun	リヴァーマン
りゔぁーらっど	River Lad	noun	リヴァーラッド
りゔぁーゔぁーどん	River Verdon	noun	リヴァーヴァードン
りゔぁーゔぇるどん	River Verdon	noun	リヴァーヴェルドン
りゔぃえら	Riviera	noun	リヴィエラ
りゔいんざどりーむ	Live In The Dream	noun	リヴインザドリーム
りゔぇっと	Rivet	noun	リヴェット
りゔぇれんす	Reverence	noun	リヴェレンス
りー	Lea	noun	リー
りーがりーれでぃ	Regally Ready	noun	リーガリーレディ
りーがるくろーな	Regal Krona	noun	リーガルクローナ
りーがるぐろーりー	Regal Glory	noun	リーガルグローリー
りーがるけーす	Legal Case	noun	リーガルケース
りーがるちあー	Regal Cheer	noun	リーガルチアー
りーがるぱれーど	Regal Parade	noun	リーガルパレード
りーがるぱわー	Regal Power	noun	リーガルパワー
りーがるろーず	Regal Rose	noun	リーガルローズ
りーがるろーらー	Regal Roller	noun	リーガルローラー
りーさるふぉーす	Lethal Force	noun	リーサルフォース
りーじょなる	Regional	noun	リージョナル
りーだーしっぷ	Leadership	noun	リーダーシップ
りーでぃんぐらいと	Leading Light	noun	リーディングライト
りーどあーてぃすと	Lead Artist	noun	リードアーティスト
りーふすけーぷ	Reefscape	noun	リーフスケープ
りーふらんなー	Reef Runner	noun	リーフランナー
りーぶのーとれーす	Leave No Trace	noun	リーブノートレース
りーぶみーあろーん	Leave Me Alone	noun	リーブミーアローン
りーむずおぶばーず	Reams Of Verse	noun	リームズオブバーズ
りーむずおぶゔぁーず	Reams Of Verse	noun	リームズオブヴァーズ
りーるばでぃ	Reel Buddy	noun	リールバディ
りーゔのーとれーす	Leave No Trace	noun	リーヴノートレース
りーゔみーあろーん	Leave Me Alone	noun	リーヴミーアローン
るあすらいん	Luas Line	noun	ルアスライン
るあー	Lure	noun	ルアー
るあーぶる	Le Havre	noun	ルアーブル
るあーゔる	Le Havre	noun	ルアーヴル
るいかとるず	Louis Quatorze	noun	ルイカトルズ
るかーの	Lucarno	noun	ルカーノ
るがー	Luger	noun	ルガー
るくせんぶるく	Luxembourg	noun	ルクセンブルク
るけいあん	Lucayan	noun	ルケイアン
るさんきえむえっせい	Le Cinquieme Essai	noun	ルサンキエムエッセイ
るしあばれんてぃな	Lucia Valentina	noun	ルシアバレンティナ
るしあゔぁれんてぃな	Lucia Valentina	noun	ルシアヴァレンティナ
るしふぁーずすとーん	Lucifer's Stone	noun	ルシファーズストーン
るじゃいん	Lujain	noun	ルジャイン
るじーる	Rougir	noun	ルジール
るそー	Luso	noun	ルソー
るっきんあっとらっきー	Lookin at Lucky	noun	ルッキンアットラッキー
るっくすらいくとらぶる	Looks Like Trouble	noun	ルックスライクトラブル
るっくどぅべが	Look de Vega	noun	ルックドゥベガ
るっくどぅゔぇが	Look de Vega	noun	ルックドゥヴェガ
るっくひあー	Look Here	noun	ルックヒアー
るとりとん	Le Triton	noun	ルトリトン
るなうぇるず	Luna Wells	noun	ルナウェルズ
るなふぉっくす	Lunar Fox	noun	ルナフォックス
るなろっさ	Luna Rossa	noun	ルナロッサ
るなーそぶりん	Lunar Sovereign	noun	ルナーソブリン
るなーそゔりん	Lunar Sovereign	noun	ルナーソヴリン
るなーふぉっくす	Lunar Fox	noun	ルナーフォックス
るびあの	Rubiano	noun	ルビアノ
るびたの	Rubitano	noun	ルビタノ
るびっく	Rubick	noun	ルビック
るふぁーる	Leffard	noun	ルファール
るみらくる	Le Miracle	noun	ルミラクル
るろめいん	Le Romain	noun	ルロメイン
るろわでざにもー	Leroidesanimaux	noun	ルロワデザニモー
るーくすあれー	Lukes Alley	noun	ルークスアレー
るーしゃばれんてぃーな	Lucia Valentina	noun	ルーシャバレンティーナ
るーしゃゔぁれんてぃーな	Lucia Valentina	noun	ルーシャヴァレンティーナ
るーすたーぶーすたー	Rooster Booster	noun	ルースターブースター
るーすれすでいむ	Ruthless Dame	noun	ルースレスデイム
るーそばーじゅ	Loup Sauvage	noun	ルーソバージュ
るーそゔぁーじゅ	Loup Sauvage	noun	ルーソヴァージュ
るーどあうぇいくにんぐ	Ruud Awakening	noun	ルードアウェイクニング
るーひや	Rouhiya	noun	ルーヒヤ
るーむさーびす	Room Service	noun	ルームサービス
るーむさーゔぃす	Room Service	noun	ルームサーヴィス
るーらーおぶざわーるど	Ruler of the World	noun	ルーラーオブザワールド
るーらーおんあいす	Ruler on Ice	noun	ルーラーオンアイス
るーりんぐこーと	Ruling Court	noun	ルーリングコート
るーるおぶろー	Rule of Law	noun	ルールオブロー
るーるまん	Ruhlmann	noun	ルールマン
れあむーん	Rhea Moon	noun	レアムーン
れありーば	Leariva	noun	レアリーバ
れありーゔぁ	Leariva	noun	レアリーヴァ
れいかるーしー	Leica Lucy	noun	レイカルーシー
れいくこにすとん	Lake Coniston	noun	レイクコニストン
れいくびくとりあ	Lake Victoria	noun	レイクビクトリア
れいくゔぃくとりあ	Lake Victoria	noun	レイクヴィクトリア
れいじんぐしー	Raging Sea	noun	レイジングシー
れいじんぐとれんと	Raging Torrent	noun	レイジングトレント
れいじんぐふぃーばー	Raging Fever	noun	レイジングフィーバー
れいじんぐふぃーゔぁー	Raging Fever	noun	レイジングフィーヴァー
れいじんぐぶる	Raging Bull	noun	レイジングブル
れいじーあな	Razyana	noun	レイジーアナ
れいじーするーざん	Lazy Slusan	noun	レイジースルーザン
れいじーろーど	Lazy Lode	noun	レイジーロード
れいずあねいてぃぶ	Raise a Native	noun	レイズアネイティブ
れいずあねいてぃゔ	Raise a Native	noun	レイズアネイティヴ
れいちぇるあれくさんどら	Rachel Alexandra	noun	レイチェルアレクサンドラ
れいちぇるずばれんてぃな	Rachel's Valentina	noun	レイチェルズバレンティナ
れいちぇるずゔぁれんてぃな	Rachel's Valentina	noun	レイチェルズヴァレンティナ
れいてんとひーと	Latent Heat	noun	レイテントヒート
れいにんぐとぅうぃん	Reigning To Win	noun	レイニングトゥウィン
れいぶろっく	Laverock	noun	レイブロック
れいぶんずぱす	Raven's Pass	noun	レイブンズパス
れいらに	Lailani	noun	レイラニ
れいりんぐす	Railings	noun	レイリングス
れいるとりっぷ	Rail Trip	noun	レイルトリップ
れいるりんく	Rail Link	noun	レイルリンク
れいんとらっぷ	Raintrap	noun	レイントラップ
れいんぼうくえすと	Rainbow Quest	noun	レインボウクエスト
れいんぼーくえすと	Rainbow Quest	noun	レインボークエスト
れいんぼーびゅー	Rainbow View	noun	レインボービュー
れいんぼーゔゅー	Rainbow View	noun	レインボーヴュー
れいゔろっく	Laverock	noun	レイヴロック
れいゔんずぱす	Raven's Pass	noun	レイヴンズパス
れおふりっく	Leofric	noun	レオフリック
れがてぃっしも	Legatissimo	noun	レガティッシモ
れがん	Reggane	noun	レガン
れがーと	Legarto	noun	レガート
れきしとにあん	Lexitonian	noun	レキシトニアン
れこれとす	Recoletos	noun	レコレトス
れざるく	Les Arcs	noun	レザルク
れじめんたるぎゃる	Regimental Gal	noun	レジメンタルギャル
れすたー	Leicester	noun	レスター
れすとれすこん	Restless Con	noun	レストレスコン
れすとれすらいだー	Restless Rider	noun	レストレスライダー
れすぽんす	Response	noun	レスポンス
れすりーずろーず	Leslie's Rose	noun	レスリーズローズ
れずー	Lezoo	noun	レズー
れだっとーれ	Redattore	noun	レダットーレ
れっくれすあばんどん	Reckless Abandon	noun	レックレスアバンドン
れっぐす	Legs	noun	レッグス
れっじぇーら	Leggera	noun	レッジェーラ
れっついろーぷ	Let's Elope	noun	レッツイロープ
れっとごーとも	Let Go Thommo	noun	レットゴートモ
れっとごーとんも	Let Go Thommo	noun	レットゴートンモ
れっとふぇいすあらいず	Let Faith Arise	noun	レットフェイスアライズ
れっどいーびー	Red Evie	noun	レッドイービー
れっどいーゔぃー	Red Evie	noun	レッドイーヴィー
れっどうっど	Redwood	noun	レッドウッド
れっどえび	Red Evie	noun	レッドエビ
れっどえゔぃ	Red Evie	noun	レッドエヴィ
れっどおーぐ	Red Oog	noun	レッドオーグ
れっどかどー	Red Cadeaux	noun	レッドカドー
れっどかーくうぉりあー	Redkirk Warrior	noun	レッドカークウォリアー
れっどくらぶす	Red Clubs	noun	レッドクラブス
れっどごっど	Red God	noun	レッドゴッド
れっどじゃいあんと	Red Giant	noun	レッドジャイアント
れっどぜる	Redzel	noun	レッドゼル
れっどだずらー	Red Dazzler	noun	レッドダズラー
れっどとれーさー	Red Tracer	noun	レッドトレーサー
れっどどぅばうぃ	Red Dubawi	noun	レッドドゥバウィ
れっどどばうぃ	Red Dubawi	noun	レッドドバウィ
れっどないと	Red Knight	noun	レッドナイト
れっどばっく	Redback	noun	レッドバック
れっどばれっと	Red Bullet	noun	レッドバレット
れっどびしょっぷ	Red Bishop	noun	レッドビショップ
れっどぶるーむ	Red Bloom	noun	レッドブルーム
れっどらいおん	Red Lion	noun	レッドライオン
れっどらーく	Red Lark	noun	レッドラーク
れっどるーらー	Red Ruler	noun	レッドルーラー
れっどろっくす	Red Rocks	noun	レッドロックス
れっどろーぜずすとーりー	Red Roses Story	noun	レッドローゼズストーリー
れでぃいばんか	Lady Ivanka	noun	レディイバンカ
れでぃいゔぁんか	Lady Ivanka	noun	レディイヴァンカ
れでぃいーらい	Lady Eli	noun	レディイーライ
れでぃえなー	Rediener	noun	レディエナー
れでぃおぶきゃめろっと	Lady of Camelot	noun	レディオブキャメロット
れでぃおぶしゃむろっく	Lady of Shamrock	noun	レディオブシャムロック
れでぃおぶふぃふてぃ	Lady of Fifty	noun	レディオブフィフティ
れでぃおれりあ	Lady Aurelia	noun	レディオレリア
れでぃおーれりあ	Lady Aurelia	noun	レディオーレリア
れでぃかーら	Lady Carla	noun	レディカーラ
れでぃしぇなんどー	Lady Shenandoah	noun	レディシェナンドー
れでぃじょあん	Lady Joanne	noun	レディジョアン
れでぃたっく	Lady Tak	noun	レディタック
れでぃぷらんさろっと	Lady Prancealot	noun	レディプランサロット
れでぃぼうそーぷ	Lady Bowthorpe	noun	レディボウソープ
れでぃらぐな	Lady Laguna	noun	レディラグナ
れでぃーすぱいつぴあ	Lady Speightspeare	noun	レディースパイツピア
れでぃーすふぁーすと	Ladies First	noun	レディースファースト
れでぃーすまん	Ladies Man	noun	レディースマン
れでぃーずでぃん	Ladies Din	noun	レディーズディン
れとりかる	Rhetorical	noun	レトリカル
れとるすか	Letruska	noun	レトルスカ
れとるーすか	Letruska	noun	レトルースカ
れどぅーつちょいす	Redoute's Choice	noun	レドゥーツチョイス
れどぜる	Redzel	noun	レドゼル
れなずれでぃ	Rena's Lady	noun	レナズレディ
れねげいど	Renegade	noun	レネゲイド
れねげーど	Renegade	noun	レネゲード
ればんて	Levante	noun	レバンテ
れびえでいころーり	Le Vie Dei Colori	noun	レビエデイコローリ
れふぁーど	Leffard	noun	レファード
れふとはんど	Left Hand	noun	レフトハンド
れふとばんく	Left Bank	noun	レフトバンク
れべっかしゃーぷ	Rebecca Sharp	noun	レベッカシャープ
れべりん	Rebelline	noun	レベリン
れべる	Rebel	noun	レベル
れべるすろまんす	Rebel's Romance	noun	レベルスロマンス
れべるでいん	Rebel Dane	noun	レベルデイン
れべるれいだー	Rebel Raider	noun	レベルレイダー
れべんでぃ	Levendi	noun	レベンディ
れぼーく	Revoque	noun	レボーク
れぼーふ	Les Beaufs	noun	レボーフ
れもんずふぉーえばー	Lemons Forever	noun	レモンズフォーエバー
れもんずふぉーえゔぁー	Lemons Forever	noun	レモンズフォーエヴァー
れもんどろっぷきっど	Lemon Drop Kid	noun	レモンドロップキッド
れろわでざにもー	Leroidesanimaux	noun	レロワデザニモー
れんどあはんど	Lend a Hand	noun	レンドアハンド
れゔぁんて	Levante	noun	レヴァンテ
れゔぃえでいころーり	Le Vie Dei Colori	noun	レヴィエデイコローリ
れゔぇんでぃ	Levendi	noun	レヴェンディ
れゔぉーく	Revoque	noun	レヴォーク
れーくうぇい	Lakeway	noun	レークウェイ
れーさーずえっじ	Racer's Edge	noun	レーサーズエッジ
れーざーほーく	Laser Hawk	noun	レーザーホーク
れーしんぐとぅうぃん	Racing To Win	noun	レーシングトゥウィン
れーぶどすかー	Reve d'Oscar	noun	レーブドスカー
れーゔどすかー	Reve d'Oscar	noun	レーヴドスカー
ろありんぐらいおん	Roaring Lion	noun	ロアリングライオン
ろい	Roy	noun	ロイ
ろいえいち	Roy H	noun	ロイエイチ
ろいしん	Roysyn	noun	ロイシン
ろいやるあかでみー	Royal Academy	noun	ロイヤルアカデミー
ろいやるあぷろーず	Royal Applause	noun	ロイヤルアプローズ
ろいやるあんせむ	Royal Anthem	noun	ロイヤルアンセム
ろいやるいんでぃ	Royal Indy	noun	ロイヤルインディ
ろいやるしゅぷれましー	Royal Supremacy	noun	ロイヤルシュプレマシー
ろいやるだいやもんど	Royal Diamond	noun	ロイヤルダイヤモンド
ろいやるちゃりおっと	Royal Chariot	noun	ロイヤルチャリオット
ろいやるでぃせんと	Royal Descent	noun	ロイヤルディセント
ろいやるでるた	Royal Delta	noun	ロイヤルデルタ
ろいやるはいねす	Royal Highness	noun	ロイヤルハイネス
ろいやるぱとろねーじ	Royal Patronage	noun	ロイヤルパトロネージ
ろいやるぱーらー	Royal Purler	noun	ロイヤルパーラー
ろいやるまうんてんいん	Royal Mountain Inn	noun	ロイヤルマウンテンイン
ろいやるまりーん	Royal Marine	noun	ロイヤルマリーン
ろいやるまーちゃんと	Royal Merchant	noun	ロイヤルマーチャント
ろいやるみーてぃんぐ	Royal Meeting	noun	ロイヤルミーティング
ろいやるれべる	Royal Rebel	noun	ロイヤルレベル
ろくて	Lochte	noun	ロクテ
ろけっとまん	Rocket Man	noun	ロケットマン
ろさんぜるす	Los Angeles	noun	ロサンゼルス
ろざなら	Rosanara	noun	ロザナラ
ろざりおん	Rosallion	noun	ロザリオン
ろざりんど	Rosalind	noun	ロザリンド
ろしあんえんぺらー	Russian Emperor	noun	ロシアンエンペラー
ろしあんきゃめろっと	Russian Camelot	noun	ロシアンキャメロット
ろしあんぱーる	Russian Pearl	noun	ロシアンパール
ろしあんりずむ	Russian Rhythm	noun	ロシアンリズム
ろしあんれぼりゅーしょん	Russian Revolution	noun	ロシアンレボリューション
ろしあんれゔぉりゅーしょん	Russian Revolution	noun	ロシアンレヴォリューション
ろしーまうす	Lossiemouth	noun	ロシーマウス
ろじしゃん	Logician	noun	ロジシャン
ろすあんぜるす	Los Angeles	noun	ロスアンゼルス
ろすかー	Roscar	noun	ロスカー
ろすでゅくいーん	Rosdhu Queen	noun	ロスデュクイーン
ろすといんざふぉぐ	Lost in the Fog	noun	ロストインザフォグ
ろすとば	Rostova	noun	ロストバ
ろすとまうんてん	Lost Mountain	noun	ロストマウンテン
ろすとゔぁ	Rostova	noun	ロストヴァ
ろすふぁいあ	Rothfire	noun	ロスファイア
ろだん	Rodin	noun	ロダン
ろっかばぶる	Rockabubble	noun	ロッカバブル
ろっくえんぺらー	Rockemperor	noun	ロックエンペラー
ろっくおぶじぶらるたる	Rock of Gibraltar	noun	ロックオブジブラルタル
ろっくおんるびー	Rock On Ruby	noun	ロックオンルビー
ろっくきんぐだむ	Rock Kingdom	noun	ロックキングダム
ろっくくらしっく	Rock Classic	noun	ロッククラシック
ろっくでぃーば	Rock Diva	noun	ロックディーバ
ろっくでぃーゔぁ	Rock Diva	noun	ロックディーヴァ
ろっくど	Locked	noun	ロックド
ろっくはーどてん	Rock Hard Ten	noun	ロックハードテン
ろっくふぉーる	Rock Fall	noun	ロックフォール
ろっくゆあわーるど	Rock Your World	noun	ロックユアワールド
ろっちゃんじぇる	Lochangel	noun	ロッチャンジェル
ろってりあ	Lotteria	noun	ロッテリア
ろっほんほーす	Roch 'N' Horse	noun	ロッホンホース
ろでりっくおこなー	Roderic O'Connor	noun	ロデリックオコナー
ろどでんどろん	Rhododendron	noun	ロドデンドロン
ろどりごでとりあーの	Rodrigo de Triano	noun	ロドリゴデトリアーノ
ろばーとぶるーす	Robert Bruce	noun	ロバートブルース
ろびんおぶなばん	Robin Of Navan	noun	ロビンオブナバン
ろびんおぶなゔぁん	Robin Of Navan	noun	ロビンオブナヴァン
ろべるてぃこ	Robertico	noun	ロベルティコ
ろべると	Roberto	noun	ロベルト
ろぺでべが	Lope De Vega	noun	ロペデベガ
ろぺでゔぇが	Lope De Vega	noun	ロペデヴェガ
ろまのふ	Romanoff	noun	ロマノフ
ろまんあーち	Roman Arch	noun	ロマンアーチ
ろまんしんぐざむーん	Romancing The Moon	noun	ロマンシングザムーン
ろまんすいずだいあん	Romance Is Diane	noun	ロマンスイズダイアン
ろまんちっくうぉりあー	Romantic Warrior	noun	ロマンチックウォリアー
ろまんちっくたっち	Romantic Touch	noun	ロマンチックタッチ
ろまんてぃか	Romantica	noun	ロマンティカ
ろまんてぃっくびじょん	Romantic Vision	noun	ロマンティックビジョン
ろまんてぃっくゔぃじょん	Romantic Vision	noun	ロマンティックヴィジョン
ろみたす	Lomitas	noun	ロミタス
ろりーずじぇすたー	Rory's Jester	noun	ロリーズジェスター
ろわのるまんど	Roi Normand	noun	ロワノルマンド
ろわーる	Loire	noun	ロワール
ろんぐおんばりゅー	Long On Value	noun	ロングオンバリュー
ろんぐおんゔぁりゅー	Long On Value	noun	ロングオンヴァリュー
ろんぐじょん	Long John	noun	ロングジョン
ろんぐらん	Long Run	noun	ロングラン
ろんぐりばー	Long River	noun	ロングリバー
ろんぐりゔぁー	Long River	noun	ロングリヴァー
ろんざぐりーく	Ron the Greek	noun	ロンザグリーク
ろんどんにゅーす	London News	noun	ロンドンニュース
ろんばうあー	Rombauer	noun	ロンバウアー
ろんばるど	Lombardo	noun	ロンバルド
ろんろ	Lonhro	noun	ロンロ
ろーえんふぉーすめんと	Law Enforcement	noun	ローエンフォースメント
ろーがんじょしゅ	Rogan Josh	noun	ローガンジョシュ
ろーじずいんめい	Roses In May	noun	ロージズインメイ
ろーずおぶいんでぃしーず	Laws Of Indices	noun	ローズオブインディシーズ
ろーだー	Loader	noun	ローダー
ろーと	Wrote	noun	ロート
ろーど	Lode	noun	ロード
ろーどえせっくす	Lord Essex	noun	ロードエセックス
ろーどおぶいんぐらんど	Lord Of England	noun	ロードオブイングランド
ろーどぐりったーず	Lord Glitters	noun	ロードグリッターズ
ろーどしゃなきる	Lord Shanakill	noun	ロードシャナキル
ろーどすたー	Roadster	noun	ロードスター
ろーどでんどろん	Rhododendron	noun	ロードデンドロン
ろーどとぅろっく	Road To Rock	noun	ロードトゥロック
ろーどねるそん	Lord Nelson	noun	ロードネルソン
ろーどのーす	Lord North	noun	ロードノース
ろーどらすきん	Lord Luskin	noun	ロードラスキン
ろーまないずど	Romanised	noun	ローマナイズド
ろーまん	Lawman	noun	ローマン
ろーまんえんぺらー	Roman Emperor	noun	ローマンエンペラー
ろーまんるーらー	Roman Ruler	noun	ローマンルーラー
ろーみんれいちぇる	Roamin Rachel	noun	ローミンレイチェル
ろーやーろん	Lawyer Ron	noun	ローヤーロン
ろーりんぐふぉぐ	Rolling Fog	noun	ローリングフォグ
ろーりーずじぇすたー	Rory's Jester	noun	ローリーズジェスター
ろーりーぽりー	Roly Poly	noun	ローリーポリー
ろーれんす	Laurens	noun	ローレンス
ろーんろっく	Lone Rock	noun	ローンロック
わいくく	Waikuku	noun	ワイクク
わいずあぷろーち	Wise Approach	noun	ワイズアプローチ
わいずだん	Wise Dan	noun	ワイズダン
わいたっく	Waitak	noun	ワイタック
わいるどあいりす	Wild Iris	noun	ワイルドアイリス
わいるどあげいん	Wild Again	noun	ワイルドアゲイン
わいるどいべんと	Wild Event	noun	ワイルドイベント
わいるどいりゅーじょん	Wild Illusion	noun	ワイルドイリュージョン
わいるどいゔぇんと	Wild Event	noun	ワイルドイヴェント
わいるどえすけぱーど	Wild Escapade	noun	ワイルドエスケパード
わいるどきゃっとへあー	Wildcat Heir	noun	ワイルドキャットヘアー
わいるどきゃっとべてぃびー	Wildcat Bettie B	noun	ワイルドキャットベティビー
わいるどすぴりっと	Wild Spirit	noun	ワイルドスピリット
わいるどでゅーど	Wild Dude	noun	ワイルドデュード
わいるどびゅーてぃ	Wild Beauty	noun	ワイルドビューティ
わいるどふぃっと	Wild Fit	noun	ワイルドフィット
わいるどらっしゅ	Wild Rush	noun	ワイルドラッシュ
わいるどるーらー	Wild Ruler	noun	ワイルドルーラー
わうきゃっと	Wow Cat	noun	ワウキャット
わごんりみっと	Wagon Limit	noun	ワゴンリミット
わず	Was	noun	ワズ
わっつだちゃんせず	Watsdachances	noun	ワッツダチャンセズ
わなびーぐらんど	Wannabe Grand	noun	ワナビーグランド
わひど	Wahid	noun	ワヒド
わらいとぷりんせす	Wharite Princess	noun	ワライトプリンセス
わんあんだー	One Under	noun	ワンアンダー
わんいんばーみりおん	One in Vermillion	noun	ワンインバーミリオン
わんいんゔぁーみりおん	One in Vermillion	noun	ワンインヴァーミリオン
わんくーるきゃっと	On a Soapbox	noun	ワンクールキャット
わんくーるきゃっと	One Cool Cat	noun	ワンクールキャット
わんじな	Wandjina	noun	ワンジナ
わんすわーわいるど	Once Were Wild	noun	ワンスワーワイルド
わんそーわんだふる	One So Wonderful	noun	ワンソーワンダフル
わんだふるとぅないと	Wonderful Tonight	noun	ワンダフルトゥナイト
わんだふるわーるど	Wonderful World	noun	ワンダフルワールド
わんだーあげいん	Wonder Again	noun	ワンダーアゲイン
わんだーうぃーる	Wonder Wheel	noun	ワンダーウィール
わんだーほいーる	Wonder Wheel	noun	ワンダーホイール
わんだーめんと	Wonderment	noun	ワンダーメント
わんだーれでぃあんえる	Wonder Lady Anne L	noun	ワンダーレディアンエル
わんですた	Wandesta	noun	ワンデスタ
わんど	Wando	noun	ワンド
わんどりーまー	One Dreamer	noun	ワンドリーマー
わんぼーるどきゃっと	One Bold Cat	noun	ワンボールドキャット
わんますたー	One Master	noun	ワンマスター
わんもあのーもあ	Onemorenomore	noun	ワンモアノーモア
わーくおーるうぃーく	Work All Week	noun	ワークオールウィーク
わーくふぉーす	Workforce	noun	ワークフォース
わーざー	Werther	noun	ワーザー
わーる	Whirl	noun	ワール
わーるどあぷるーばる	World Approval	noun	ワールドアプルーバル
わーるどあぷるーゔぁる	World Approval	noun	ワールドアプルーヴァル
わーるどおぶとらぶる	World of Trouble	noun	ワールドオブトラブル
わーるどびーたー	World Beater	noun	ワールドビーター
ゔぁいおれんす	Violence	noun	ヴァイオレンス
ゔぁいかうんと	Viscount	noun	ヴァイカウント
ゔぁいかー	Vicar	noun	ヴァイカー
ゔぁいすりーじぇんと	Vice Regent	noun	ヴァイスリージェント
ゔぁいたりてぃー	Vitality	noun	ヴァイタリティー
ゔぁいぶらんとさん	Vibrant Sun	noun	ヴァイブラントサン
ゔぁいんやーどへぶん	Vineyard Haven	noun	ヴァインヤードヘブン
ゔぁいんやーどへゔん	Vineyard Haven	noun	ヴァインヤードヘヴン
ゔぁうあんどでくれあ	Vow and Declare	noun	ヴァウアンドデクレア
ゔぁけあ	Vacare	noun	ヴァケア
ゔぁしりか	Vasilika	noun	ヴァシリカ
ゔぁじらばど	Vazirabad	noun	ヴァジラバド
ゔぁじらばーど	Vazirabad	noun	ヴァジラバード
ゔぁじーら	Vazira	noun	ヴァジーラ
ゔぁだうぃな	Vadawina	noun	ヴァダウィナ
ゔぁだもす	Vadamos	noun	ヴァダモス
ゔぁでに	Vadeni	noun	ヴァデニ
ゔぁほりみっくす	Vahorimix	noun	ヴァホリミックス
ゔぁらいえてぃくらぶ	Variety Club	noun	ヴァライエティクラブ
ゔぁらぬーる	Valanour	noun	ヴァラヌール
ゔぁりあんす	Valiance	noun	ヴァリアンス
ゔぁりくしーる	Valixir	noun	ヴァリクシール
ゔぁりっどびでお	Valid Video	noun	ヴァリッドビデオ
ゔぁりっどぽいんと	Valid Point	noun	ヴァリッドポイント
ゔぁりっどゔぃでお	Valid Video	noun	ヴァリッドヴィデオ
ゔぁりら	Valyra	noun	ヴァリラ
ゔぁるずぷりんす	Val's Prince	noun	ヴァルズプリンス
ゔぁるだ	Varda	noun	ヴァルダ
ゔぁるとがいすと	Waldgeist	noun	ヴァルトガイスト
ゔぁるとぱーく	Waldpark	noun	ヴァルトパーク
ゔぁるどろわーる	Val de Loir	noun	ヴァルドロワール
ゔぁるどーり	Vale Dori	noun	ヴァルドーリ
ゔぁるろいやる	Val Royal	noun	ヴァルロイヤル
ゔぁれでぃくたむ	Valedictum	noun	ヴァレディクタム
ゔぁれなー	Varenar	noun	ヴァレナー
ゔぁれんたいんわるつ	Valentine Waltz	noun	ヴァレンタインワルツ
ゔぁれーあんしゃんて	Vallee Enchantee	noun	ヴァレーアンシャンテ
ゔぁれーおぶごーるど	Valley of Gold	noun	ヴァレーオブゴールド
ゔぁれーがーる	Valley Girl	noun	ヴァレーガール
ゔぁんくーばー	Vancouver	noun	ヴァンクーバー
ゔぁんくーゔぁー	Vancouver	noun	ヴァンクーヴァー
ゔぁんごっほ	Van Gogh	noun	ヴァンゴッホ
ゔぁんでぃーく	Vandeek	noun	ヴァンディーク
ゔぁんどぅだんす	Vin De Dance	noun	ヴァンドゥダンス
ゔぁんぶら	Vanbrugh	noun	ヴァンブラ
ゔぁー	Var	noun	ヴァー
ゔぁーぐらす	Verglas	noun	ヴァーグラス
ゔぁーじにあうぉーたーず	Virginia Waters	noun	ヴァージニアウォーターズ
ゔぁーじにあらぴっず	Virginia Rapids	noun	ヴァージニアラピッズ
ゔぁーだ	Varda	noun	ヴァーダ
ゔぁーちゅある	Virtual	noun	ヴァーチュアル
ゔぁーてぃかるぶるー	Vertical Blue	noun	ヴァーティカルブルー
ゔぁーば	Vahva	noun	ヴァーバ
ゔぁーばるでくすてりてぃ	Verbal Dexterity	noun	ヴァーバルデクステリティ
ゔぁーゔぁ	Vahva	noun	ヴァーヴァ
ゔぃあしすてぃーな	Via Sistina	noun	ヴィアシスティーナ
ゔぃあだーな	Viadana	noun	ヴィアダーナ
ゔぃあり	Vialli	noun	ヴィアリ
ゔぃくいすと	Vequist	noun	ヴィクイスト
ゔぃくたーくーりー	Victor Cooley	noun	ヴィクタークーリー
ゔぃくたーざうぃなー	Victor the Winner	noun	ヴィクターザウィナー
ゔぃくたーるどらむ	Victor Ludorum	noun	ヴィクタールドラム
ゔぃくたーるどるむ	Victor Ludorum	noun	ヴィクタールドルム
ゔぃくとりあろーど	Victoria Road	noun	ヴィクトリアロード
ゔぃくとりーえんかうんたー	Victory Encounter	noun	ヴィクトリーエンカウンター
ゔぃくとりーぎゃろっぷ	Victory Gallop	noun	ヴィクトリーギャロップ
ゔぃくとりーすぴーち	Victory Speech	noun	ヴィクトリースピーチ
ゔぃくとりーすまいる	Victory Smile	noun	ヴィクトリースマイル
ゔぃくとりーとぅびくとりー	Victory to Victory	noun	ヴィクトリートゥビクトリー
ゔぃくとりーとぅゔぃくとりー	Victory to Victory	noun	ヴィクトリートゥヴィクトリー
ゔぃくとりーのーと	Victory Note	noun	ヴィクトリーノート
ゔぃくとりーべいん	Victory Vein	noun	ヴィクトリーベイン
ゔぃくとりーらいど	Victory Ride	noun	ヴィクトリーライド
ゔぃくとりーゔぇいん	Victory Vein	noun	ヴィクトリーヴェイン
ゔぃじょなーれ	Visionaire	noun	ヴィジョナーレ
ゔぃじょんあんどぱわー	Vision And Power	noun	ヴィジョンアンドパワー
ゔぃじょんでた	Vision d'Etat	noun	ヴィジョンデタ
ゔぃたまん	Vita Man	noun	ヴィタマン
ゔぃてす	Vitesse	noun	ヴィテス
ゔぃどら	Viddora	noun	ヴィドラ
ゔぃなか	Vinaka	noun	ヴィナカ
ゔぃにーろー	Vinnie Roe	noun	ヴィニーロー
ゔぃばぱたか	Viva Pataca	noun	ヴィバパタカ
ゔぃびっどえんじぇる	Vivid Angel	noun	ヴィビッドエンジェル
ゔぃらまりーな	Villa Marina	noun	ヴィラマリーナ
ゔぃらーじゅどぅふぉるちゅん	Virage de Fortune	noun	ヴィラージュドゥフォルチュン
ゔぃんてーじくろっぷ	Vintage Crop	noun	ヴィンテージクロップ
ゔぃんてーじてぃっぷる	Vintage Tipple	noun	ヴィンテージティップル
ゔぃんでぃけーしょん	Vindication	noun	ヴィンディケーション
ゔぃんやーどはいぶん	Vineyard Haven	noun	ヴィンヤードハイブン
ゔぃんやーどはいゔん	Vineyard Haven	noun	ヴィンヤードハイヴン
ゔぃんやーどへいぶん	Vineyard Haven	noun	ヴィンヤードヘイブン
ゔぃんやーどへいゔん	Vineyard Haven	noun	ヴィンヤードヘイヴン
ゔぃんろっく	Vinrock	noun	ヴィンロック
ゔぃゔぁぱたか	Viva Pataca	noun	ヴィヴァパタカ
ゔぃゔぃっどえんじぇる	Vivid Angel	noun	ヴィヴィッドエンジェル
ゔぃーいーでい	V. E. Day	noun	ヴィーイーデイ
ゔぃーなーゔぁるつぁー	Wiener Walzer	noun	ヴィーナーヴァルツァー
ゔぃーのろっそ	Vino Rosso	noun	ヴィーノロッソ
ゔぇあんだーくろす	Veandercross	noun	ヴェアンダークロス
ゔぇいぐりーのーぶる	Vaguely Noble	noun	ヴェイグリーノーブル
ゔぇいと	Veight	noun	ヴェイト
ゔぇいぱーとれいる	Vapour Trail	noun	ヴェイパートレイル
ゔぇいるおぶよーく	Vale of York	noun	ヴェイルオブヨーク
ゔぇいろん	Veyron	noun	ヴェイロン
ゔぇいん	Vain	noun	ヴェイン
ゔぇがす	Vegas	noun	ヴェガス
ゔぇがまじっく	Vega Magic	noun	ヴェガマジック
ゔぇがわん	Vega One	noun	ヴェガワン
ゔぇこま	Vekoma	noun	ヴェコマ
ゔぇすぱ	Vespa	noun	ヴェスパ
ゔぇすぽん	Vespone	noun	ヴェスポン
ゔぇでらご	Vedelago	noun	ヴェデラゴ
ゔぇねしあんさん	Venetian Sun	noun	ヴェネシアンサン
ゔぇねちあんさん	Venetian Sun	noun	ヴェネチアンサン
ゔぇらざーの	Verrazano	noun	ヴェラザーノ
ゔぇりーえれがんと	Verry Elleegant	noun	ヴェリーエレガント
ゔぇるじぇんぬ	Vergennes	noun	ヴェルジェンヌ
ゔぇるとすたー	Weltstar	noun	ヴェルトスター
ゔぇれいしゃす	Veracious	noun	ヴェレイシャス
ゔぇれば	Vereva	noun	ヴェレバ
ゔぇれゔぁ	Vereva	noun	ヴェレヴァ
ゔぇろしてぃ	Velocity	noun	ヴェロシティ
ゔぇろしゃす	Velocious	noun	ヴェロシャス
ゔぇろーちぇべら	Veloce Bella	noun	ヴェローチェベラ
ゔぇんじぇんすおぶれいん	Vengeance Of Rain	noun	ヴェンジェンスオブレイン
ゔぇんちゅら	Ventura	noun	ヴェンチュラ
ゔぇんでぃみあぴん	Vendimia Pin	noun	ヴェンディミアピン
ゔぇーるどぐれーす	Vert De Grece	noun	ヴェールドグレース
ゔぉいっじばぶる	Voyage Bubble	noun	ヴォイッジバブル
ゔぉいぽるうすてです	Voy Por Ustedes	noun	ヴォイポルウステデス
ゔぉにゅすてぃ	Vonusti	noun	ヴォニュスティ
ゔぉらたいる	Volatile	noun	ヴォラタイル
ゔぉらたいるみっくす	Volatile Mix	noun	ヴォラタイルミックス
ゔぉるが	Volga	noun	ヴォルガ
ゔぉるくすとくんばれる	Volkstok'n'barrell	noun	ヴォルクストクンバレル
ゔぉるくすとっくんばれる	Volkstok'n'barrell	noun	ヴォルクストックンバレル
ゔぉるくすらーと	Volksraad	noun	ヴォルクスラート
ゔぉるだ	Vorda	noun	ヴォルダ
ゔぉるぺべろーちぇ	Volpe Veloce	noun	ヴォルペベローチェ
ゔぉるぺゔぇろーちぇ	Volpe Veloce	noun	ヴォルペヴェローチェ
ゔぉるぼれた	Volvoreta	noun	ヴォルボレタ
ゔぉるぽーに	Volponi	noun	ヴォルポーニ
ゔぉるゔぉれた	Volvoreta	noun	ヴォルヴォレタ
ゔぉるーぐ	Vo Rogue	noun	ヴォルーグ
ゔぉるーずどぅくーる	Voleuse De Coeurs	noun	ヴォルーズドゥクール
ゔぉわでゅのーる	Voix du Nord	noun	ヴォワデュノール
ゔぉわらいし	Voila Ici	noun	ヴォワライシ
ゔぉわるどーる	Voile D'Or	noun	ヴォワルドール
ゔぉーとぅーる	Vautour	noun	ヴォートゥール
ゔぉーどびる	Vaudeville	noun	ヴォードビル
ゔぉーどゔぃる	Vaudeville	noun	ヴォードヴィル
ゔぉーぬろまね	Vosne Romanee	noun	ヴォーヌロマネ
ゔゅーど	Viewed	noun	ヴュード
ゔーどぅーそんぐ	Voodoo Song	noun	ヴードゥーソング
ゔーどぅーだんさー	Voodoo Dancer	noun	ヴードゥーダンサー
ゔーどぅーらっど	Voodoo Lad	noun	ヴードゥーラッド
ゔーぶれ	Vouvray	noun	ヴーブレ
ゔーゔれ	Vouvray	noun	ヴーヴレ
